time_ps,min_dist_A
0.0,1.602930691321954
50.0,1.6928922158853825
100.0,1.5050895142307787
150.0,1.3721491508791335
200.0,2.316737867554528
250.0,2.827485729292887
300.0,1.8565572037760618
350.0,2.0795397396028057
400.0,2.608082831723614
450.0,0.9246032755144122
500.0,1.8430945322616346
550.0,1.278975513100991
600.0,1.500296415421595
650.0,1.6313476402334741
700.0,2.2972345547949953
750.0,1.7054574168333587
800.0,1.7800543881864628
850.0,3.011623676662232
900.0,2.04738555104913
950.0,0.6271339984543498
1000.0,2.1256722454641515
1050.0,2.903031250589431
1100.0,1.1869673584541673
1150.0,1.6000285842369306
1200.0,1.2300413283008522
1250.0,3.347025670811966
1300.0,2.03599735648639
1350.0,3.17585899640179
1400.0,3.673278012379807
1450.0,0.7406749410429975
1500.0,1.5748281447022165
1550.0,1.495926794910269
1600.0,2.1922813113436073
1650.0,1.3915790255936618
1700.0,1.296221822293593
1750.0,1.7117522968892647
1800.0,2.580871047017543
1850.0,1.1992064866160779
1900.0,3.0601447925166165
1950.0,2.1013547846962175
2000.0,1.1795327739085
2050.0,3.2085185264650855
2100.0,4.008004350156091
2150.0,3.1037400249291296
2200.0,2.8669299462866316
2250.0,2.764432929664731
2300.0,3.1693049937972546
2350.0,2.7208988909089022
2400.0,3.095929972959949
2450.0,3.2225908686565825
2500.0,3.718541464419682
2550.0,2.7114568419190355
2600.0,2.960015346385504
2650.0,3.132888012943385
2700.0,3.747489033204908
2750.0,2.662553231297243
2800.0,3.362273455741321
2850.0,2.687952942626749
2900.0,3.172723210564577
2950.0,2.6124315147450066
3000.0,2.9077275299524086
3050.0,2.274487253618289
3100.0,2.319547472920158
3150.0,1.6456873339647806
3200.0,2.1100898998411823
3250.0,1.7227294025074493
3300.0,3.3594443797388114
3350.0,4.140856093568014
3400.0,4.21029600503109
3450.0,4.220614766545456
3500.0,3.695336108378657
3550.0,3.097638429969808
3600.0,3.565288885329789
3650.0,2.664880068374327
3700.0,1.873546896250712
3750.0,1.6125420739682688
3800.0,3.3953667691270115
3850.0,3.708760202549696
3900.0,3.3342010273155336
3950.0,3.4829559242439956
4000.0,3.646888438800073
4050.0,3.597443658049583
4100.0,4.4715437047698225
4150.0,4.252879121581148
4200.0,4.507882350589331
4250.0,2.553798721307469
4300.0,4.909554165182694
4350.0,4.2829190925564475
4400.0,4.33346229463937
4450.0,3.8290708609084416
4500.0,3.7455540637111056
4550.0,3.576956631113372
4600.0,3.4716685405563594
4650.0,3.2107471193255406
4700.0,2.6292354711256305
4750.0,2.4202833914609125
4800.0,2.703865021885152
4850.0,3.144132069975971
4900.0,3.525133238098783
4950.0,3.8828305653866777
5000.0,2.379175832688599
5050.0,2.0681601931393505
5100.0,2.9950581448523157
5150.0,0.30643318023972854
5200.0,1.5718759746297126
5250.0,1.6201836978717967
5300.0,1.8939365239241173
5350.0,1.6284329769995833
5400.0,1.0714876176494068
5450.0,1.9801708926172246
5500.0,4.134983499815347
5550.0,3.513056487075245
5600.0,2.244593281429251
5650.0,1.0451349972682114
5700.0,1.0818479622584003
5750.0,2.8425812448515693
5800.0,1.984814103123765
5850.0,3.599902886249414
5900.0,3.636287087119944
5950.0,3.290669694823364
6000.0,3.4576430258495576
6050.0,2.8882657665483493
6100.0,3.13909136412173
6150.0,3.4012150045402043
6200.0,2.2532869450870447
6250.0,1.5396383133337033
6300.0,3.7826334286478245
6350.0,3.290515122369547
6400.0,3.1042887474190404
6450.0,3.6389416486997264
6500.0,3.53895086141608
6550.0,3.1550749350056124
6600.0,3.753639485109823
6650.0,3.222882959832491
6700.0,3.2076114940284763
6750.0,2.452832530092097
6800.0,3.4345597910471715
6850.0,3.878684956007355
6900.0,3.3920654468352747
6950.0,3.502368009103976
7000.0,3.4114237160811918
7050.0,2.8879584565306673
7100.0,3.367343016370978
7150.0,3.7265132047654093
7200.0,3.0145299476135885
7250.0,3.578278092307477
7300.0,3.77934924302273
7350.0,2.769006204091145
7400.0,3.5688370964295664
7450.0,3.5694358717669417
7500.0,3.54660331162806
7550.0,3.1449268675939193
7600.0,3.689943841856918
7650.0,1.6155466596582333
7700.0,3.8586117203723806
7750.0,4.264291058168856
7800.0,4.171065849743283
7850.0,4.016477866477967
7900.0,4.011892192881282
7950.0,2.464323993091049
8000.0,3.6237649591665506
8050.0,2.2970840552465726
8100.0,2.158447313675886
8150.0,2.9990625569872598
8200.0,2.089038571530122
8250.0,3.1101604309899757
8300.0,3.530465989952206
8350.0,3.7934923907203486
8400.0,2.574759865240678
8450.0,4.430451044757724
8500.0,3.8954959068913086
8550.0,3.0402747868318336
8600.0,4.767240407568559
8650.0,3.157514873117593
8700.0,2.6190980549824228
8750.0,2.1090972719436465
8800.0,1.5056515096623326
8850.0,2.282408052338061
8900.0,1.681928059620949
8950.0,1.4522035563546634
9000.0,1.527148179232128
9050.0,2.7726298780128036
9100.0,2.7910730662407595
9150.0,1.7600508795412695
9200.0,3.964953803129044
9250.0,1.7596812566604476
9300.0,2.79116098565471
9350.0,3.224356907330189
9400.0,3.058265397353283
9450.0,3.0594422883075922
9500.0,2.6252210042371433
9550.0,2.6973121703556
9600.0,2.6117060181534226
9650.0,3.232422613772575
9700.0,1.4259356412709963
9750.0,2.0508292085175936
9800.0,1.3889863546198065
9850.0,2.1089536182191697
9900.0,0.6879677874173582
9950.0,1.6967278015547314
10000.0,1.4509980716934001
10050.0,0.6519152737973984
10100.0,2.1874402593699775
10150.0,2.197517248096614
10200.0,1.1967877232476347
10250.0,3.111041338600513
10300.0,1.7590325193303065
10350.0,3.0316463064493675
10400.0,2.5119267944631574
10450.0,3.87537296750102
10500.0,3.113339735375897
10550.0,2.405179609862102
10600.0,1.8258707881831153
10650.0,2.4498538326359784
10700.0,3.375258852381325
10750.0,2.246548128640078
10800.0,0.8528765109333024
10850.0,2.178868458225482
10900.0,3.0154573979930444
10950.0,1.9820398677559703
11000.0,2.230042726255408
11050.0,2.3776410120656135
11100.0,2.253902974711812
11150.0,4.786064131351632
11200.0,4.494949943089435
11250.0,3.6359246380660677
11300.0,3.8295822094981053
11350.0,3.2292677913398626
11400.0,3.3527573140724645
11450.0,2.827169293157473
11500.0,3.5102401646931263
11550.0,3.6028044962312036
11600.0,4.016301651407828
11650.0,3.9913506683184354
11700.0,3.4143782087321606
11750.0,3.879044430052131
11800.0,4.0642475556960065
11850.0,4.239562311436187
11900.0,3.173039966564768
11950.0,2.4800205685177
12000.0,3.6095522590787583
12050.0,3.840846374939346
12100.0,3.895289716613198
12150.0,3.7813355564030218
12200.0,2.5810264089363315
12250.0,1.401066892377987
12300.0,0.34842217247220686
12350.0,2.664615998230013
12400.0,2.3942195460171836
12450.0,2.7048279543681804
12500.0,3.0600005455272736
12550.0,2.167642207963463
12600.0,1.8504826080209607
12650.0,1.6040534772882868
12700.0,1.4071940093207802
12750.0,3.1126492722380315
12800.0,2.76106367761797
12850.0,1.339846647243121
12900.0,2.993339623476115
12950.0,3.020460364010574
13000.0,2.0590727265429467
13050.0,2.4025996573576545
13100.0,1.875469660423072
13150.0,1.3714527430382797
13200.0,1.6241246872688906
13250.0,2.8505941281690363
13300.0,3.06582526243773
13350.0,1.438364677106439
13400.0,2.3553328474497026
13450.0,1.9751913120052462
13500.0,2.5299957293491504
13550.0,2.167228946134458
13600.0,1.0478993865944206
13650.0,2.185791859596793
13700.0,0.8786893395621093
13750.0,1.5744804576639426
13800.0,1.4937486342516604
13850.0,0.38209741886924947
13900.0,3.33885846578022
13950.0,1.1485589965788032
14000.0,0.9036548764021451
14050.0,1.886319291632535
14100.0,1.1908778836226135
14150.0,2.3763815754467386
14200.0,1.8583310496723335
14250.0,2.923592796979983
14300.0,3.3733160331651693
14350.0,2.140112790144334
14400.0,3.591611813395766
14450.0,4.76834077427762
14500.0,3.156404128740602
14550.0,3.012253701684646
14600.0,2.2797115792693297
14650.0,3.140083866340448
14700.0,3.8384611105927036
14750.0,4.49224603189161
14800.0,3.4024847936499087
14850.0,3.2681597981452875
14900.0,2.806599070024503
14950.0,3.4959514374060303
15000.0,3.9497950278240492
15050.0,2.3821182351833174
15100.0,2.011089256797843
15150.0,2.9633733528607054
15200.0,3.1361567727067285
15250.0,3.4521177339104963
15300.0,3.321117548549383
15350.0,3.8050762747377793
15400.0,3.383646657586853
15450.0,3.806835422642721
15500.0,3.064864109138234
15550.0,3.2251818886339123
15600.0,3.885537093852009
15650.0,3.5347695653520987
15700.0,1.5542511361560958
15750.0,1.3829274283616806
15800.0,0.896660086280504
15850.0,3.661599653695264
15900.0,3.142784925608089
15950.0,2.7701767390702954
16000.0,2.4042837949012617
16050.0,3.3374217890491016
16100.0,3.455742569230157
16150.0,3.4100086057732333
16200.0,1.7941252627370283
16250.0,2.746430586454305
16300.0,3.358881271861129
16350.0,2.1348515750686734
16400.0,2.8560948682007683
16450.0,3.6632778236017596
16500.0,2.105107095138744
16550.0,2.786681904850226
16600.0,2.4012048373762087
16650.0,3.4200020345098427
16700.0,4.4564233262017705
16750.0,2.947692238430457
16800.0,3.4869142220095375
16850.0,3.567322643767468
16900.0,2.721226310303142
16950.0,2.6137505639475758
17000.0,0.5640043009537139
17050.0,2.8117059425982434
17100.0,2.6284203006774502
17150.0,3.8591449308372736
17200.0,3.861685016862242
17250.0,2.7584033195490014
17300.0,2.9506592218957017
17350.0,2.2157789685391616
17400.0,3.190643849709188
17450.0,3.624482625731158
17500.0,3.976380351769243
17550.0,3.9238013870292363
17600.0,3.9646005990762596
17650.0,3.472421874121819
17700.0,2.9650448141858985
17750.0,4.0823247431136505
17800.0,3.4712666541916875
17850.0,3.733549414739906
17900.0,3.339351363105298
17950.0,3.9688024118403926
18000.0,3.823228323133655
18050.0,3.2885488501923
18100.0,3.0780484335804847
18150.0,3.0140004403173153
18200.0,2.73057943546599
18250.0,3.9157277130782293
18300.0,2.915149500894031
18350.0,4.598804652602073
18400.0,3.4093284621405684
18450.0,3.3017699328335293
18500.0,2.8068671859678496
18550.0,2.452937647108044
18600.0,1.5008660280859567
18650.0,1.6816931920537177
18700.0,1.2019123251458845
18750.0,1.3669620461586909
18800.0,3.759224517476874
18850.0,1.9846126095787
18900.0,2.07482439074816
18950.0,3.1830956406744515
19000.0,2.370670572054682
19050.0,4.665041928613553
19100.0,3.8094366138681943
19150.0,3.7547812764685258
19200.0,3.837930891968029
19250.0,3.4096463769043677
19300.0,4.516433723742235
19350.0,4.465433397950826
19400.0,3.8598193083881065
19450.0,1.4389203962512915
19500.0,3.236803086849459
19550.0,3.794643810584129
19600.0,3.170736895578335
19650.0,3.708446565721667
19700.0,3.538203106030309
19750.0,3.663127482647857
19800.0,3.0054761974548
19850.0,2.839024931398375
19900.0,3.655762089341849
19950.0,2.5818765744163468
20000.0,3.3465654340634905
20050.0,2.5794561371786453
20100.0,3.793729387558212
20150.0,3.421501823083614
20200.0,2.9223250781418946
20250.0,3.0911949415064686
20300.0,2.248130940958448
20350.0,4.070501491768367
20400.0,2.8658296586842993
20450.0,3.078601751632841
20500.0,3.0074240496035434
20550.0,2.532071913364345
20600.0,3.367964737739596
20650.0,3.7242578975182106
20700.0,4.024868592580134
20750.0,2.8242314255669454
20800.0,3.4585699541830714
20850.0,3.6939662626067307
20900.0,4.31843484076176
20950.0,2.8657492986997997
21000.0,2.4358354499107917
21050.0,2.638388905073596
21100.0,1.7249064978131685
21150.0,2.2128017841305225
21200.0,2.6360756490094803
21250.0,3.0279535736713408
21300.0,2.9856449737782533
21350.0,2.9612288527549797
21400.0,2.6618379791130726
21450.0,2.477272263121893
21500.0,2.229660782955834
21550.0,3.335595959631325
21600.0,2.6546908676799306
21650.0,3.2953487187467196
21700.0,2.7724537141634737
21750.0,3.2850726969982786
21800.0,3.2848252257841364
21850.0,2.3779404321546407
21900.0,3.4960941685623657
21950.0,3.625866715150684
22000.0,4.086798383781972
22050.0,3.6432666243631497
22100.0,2.2464372590643236
22150.0,3.5026012227988677
22200.0,3.288187946938842
22250.0,1.5933928636330092
22300.0,2.0211330061713766
22350.0,1.2977286852869354
22400.0,2.989108012678992
22450.0,2.438562954956481
22500.0,2.975934790176862
22550.0,2.75778537356724
22600.0,2.9494733814993506
22650.0,2.6876352737833864
22700.0,2.846996049372109
22750.0,3.055894211982475
22800.0,2.7038429140665183
22850.0,1.9408732047755102
22900.0,2.8880939674057737
22950.0,3.469534707663933
23000.0,3.978518710117013
23050.0,3.1500640184512463
23100.0,2.47196058539908
23150.0,2.902169552837235
23200.0,3.6759200740983164
23250.0,3.620123042762138
23300.0,1.709876381509946
23350.0,2.4506253250347454
23400.0,2.4055939180251156
23450.0,3.807544109372747
23500.0,2.7768661937820855
23550.0,3.2444437913424604
23600.0,3.16369809389708
23650.0,3.3462046230128974
23700.0,3.699162172469304
23750.0,3.5252512602345822
23800.0,2.9317059359427984
23850.0,3.1812735328697554
23900.0,3.3121130601160194
23950.0,2.566983739251061
24000.0,2.8760232617846473
24050.0,3.9318280918177075
24100.0,3.7664923441146474
24150.0,2.766838383628558
24200.0,3.827664260781221
24250.0,3.948911218790267
24300.0,3.0730610451170044
24350.0,3.008848855554261
24400.0,3.909102967926098
24450.0,3.1958215603500904
24500.0,2.918938865685224
24550.0,3.378546515808431
24600.0,4.59008791770792
24650.0,3.8999054992240016
24700.0,4.293448467927498
24750.0,4.276197975469722
24800.0,2.986818876248905
24850.0,3.82065131582189
24900.0,3.0940102370465588
24950.0,4.647029044767214
25000.0,4.716579028680372
25050.0,3.9608313922717473
25100.0,3.2399058076409006
25150.0,4.017969913596693
25200.0,2.7924692811719454
25250.0,3.302135066306077
25300.0,3.6859968239379906
25350.0,4.271462888968255
25400.0,3.03802532611301
25450.0,2.79994713869762
25500.0,3.1244031475975977
25550.0,3.250612778872339
25600.0,3.6786294014343874
25650.0,4.34236384238857
25700.0,2.8964309034102205
25750.0,3.003015798821874
25800.0,3.8320468427194854
25850.0,2.8734292886871984
25900.0,3.0646017421363054
25950.0,3.671796413309561
26000.0,2.8601742249900077
26050.0,4.468490197461175
26100.0,4.564360556135532
26150.0,3.074313899225677
26200.0,3.513874075269232
26250.0,3.5128454515603678
26300.0,3.1412860370124807
26350.0,2.289193203663736
26400.0,1.9373402254318695
26450.0,3.663672105737629
26500.0,3.7559944792601287
26550.0,4.1011463799346455
26600.0,3.541339752645714
26650.0,2.9572079625484595
26700.0,2.6391083361814434
26750.0,3.358585461367223
26800.0,3.3410460628312566
26850.0,3.0826917825346407
26900.0,2.518983696562868
26950.0,2.7385199655252817
27000.0,2.2219562990644657
27050.0,2.3570089550092055
27100.0,2.368012345981065
27150.0,2.8390132844795475
27200.0,2.639751314534782
27250.0,2.68344635581701
27300.0,2.721836831949766
27350.0,2.1772004551529203
27400.0,2.1563631671814463
27450.0,2.4892928410155335
27500.0,2.7652304190889447
27550.0,3.17354474841199
27600.0,2.3360013930960206
27650.0,2.3159392907918397
27700.0,2.984357276618995
27750.0,3.4622832470259057
27800.0,2.9338031529058908
27850.0,3.045469795158758
27900.0,2.774471233407494
27950.0,3.097160028829348
28000.0,2.2713407648905792
28050.0,2.9209908338112336
28100.0,3.238733034498274
28150.0,3.045881715600819
28200.0,3.010665765686637
28250.0,2.392280607144235
28300.0,2.663851138294483
28350.0,3.5672238392369042
28400.0,2.80718594976394
28450.0,4.020905065806384
28500.0,3.8115980246283265
28550.0,2.7461408929848945
28600.0,2.816538152469233
28650.0,1.8882217729035913
28700.0,1.8577904668507454
28750.0,3.0902540972816634
28800.0,3.9808332765224304
28850.0,3.068059414047764
28900.0,3.168165394447479
28950.0,3.1887562408512213
29000.0,2.6231638469894687
29050.0,3.0817015775457937
29100.0,2.1678746692777033
29150.0,3.7132447095822028
29200.0,2.314946447301883
29250.0,4.5912264938481675
29300.0,2.6817314134854566
29350.0,3.538429990133117
29400.0,3.68408500046869
29450.0,3.4796689167642882
29500.0,3.8696526506109983
29550.0,2.849366052092705
29600.0,2.981906397830237
29650.0,2.829640755117824
29700.0,3.6972144657727424
29750.0,3.1184795934913603
29800.0,3.1876776820326875
29850.0,1.7864464310044255
29900.0,3.846102259954083
29950.0,3.35059361633649
30000.0,3.4091891661041984
30050.0,3.623875236760442
30100.0,3.417289818287663
30150.0,3.7084508477888174
30200.0,3.617443542678126
30250.0,3.57202873053264
30300.0,2.3787617060261064
30350.0,3.0272245848537587
30400.0,2.657740828193632
30450.0,2.7612477812954856
30500.0,3.6075712843863132
30550.0,3.034569996975844
30600.0,4.360889655526325
30650.0,3.7898887171109794
30700.0,3.754792912411156
30750.0,3.1770879259531193
30800.0,3.3176476686765155
30850.0,2.378003121621157
30900.0,3.044371109092583
30950.0,3.5221312651174213
31000.0,2.838906434365743
31050.0,1.5006986318617683
31100.0,2.9364090830855876
31150.0,2.279775835367035
31200.0,1.6708674296745902
31250.0,1.9631853447931835
31300.0,0.9885886024761801
31350.0,1.5990274964302973
31400.0,1.24213393408656
31450.0,1.9816384674393517
31500.0,3.043694511396488
31550.0,3.615713611626818
31600.0,2.3519341172361106
31650.0,3.2596022989421125
31700.0,3.0524220009761334
31750.0,3.7014726576393486
31800.0,3.1369739884912833
31850.0,3.558948990491984
31900.0,2.2617707193977608
31950.0,1.6857627993959887
32000.0,0.8119688318106949
32050.0,1.2098334521017846
32100.0,1.005730795798159
32150.0,1.7503112150129732
32200.0,2.727598526082201
32250.0,2.788744267997119
32300.0,0.7694772784157354
32350.0,0.7601308248452845
32400.0,2.2359967979223367
32450.0,3.223691857750815
32500.0,3.0732028767478137
32550.0,2.967163874713105
32600.0,2.835097550163411
32650.0,3.808767570560375
32700.0,2.843744365982872
32750.0,4.094750300472194
32800.0,3.1854940384045323
32850.0,3.1323144179172946
32900.0,3.095074418120807
32950.0,2.6067185773247115
33000.0,2.023586534542666
33050.0,3.2732097292713545
33100.0,3.205667466575648
33150.0,3.188055167172102
33200.0,3.6812111408193493
33250.0,3.04875184031637
33300.0,3.6663021614916556
33350.0,2.727120604597404
33400.0,3.2361392752907583
33450.0,2.7948162792337485
33500.0,3.4298191754750684
33550.0,3.958659173947781
33600.0,3.3580633599476655
33650.0,4.411961902348067
33700.0,2.6714417006427156
33750.0,3.507717593380278
33800.0,3.1595086505300016
33850.0,2.8898823861386824
33900.0,3.2736806694849547
33950.0,3.197575217433035
34000.0,2.7746167684423337
34050.0,2.785840118643855
34100.0,3.4053075221945193
34150.0,3.7650773857849225
34200.0,3.1538547668168246
34250.0,3.1845094800721587
34300.0,3.2437787252075942
34350.0,3.684197875966195
34400.0,3.526414741313855
34450.0,3.3477858825764337
34500.0,2.6428183348970187
34550.0,4.476718354619084
34600.0,3.6834078674653385
34650.0,3.492893022888325
34700.0,3.0402107612475215
34750.0,2.743627954781514
34800.0,2.7951569722352043
34850.0,2.6714403629293466
34900.0,2.695571329285994
34950.0,2.823579390912172
35000.0,2.317754353194403
35050.0,2.064899873321772
35100.0,2.084658333221025
35150.0,2.187848837991886
35200.0,3.0701469664571355
35250.0,3.007421419388119
35300.0,3.0623002017594674
35350.0,2.6483206556181504
35400.0,2.896028639136873
35450.0,1.947456249299885
35500.0,3.732559102661614
35550.0,3.298256872167508
35600.0,3.820601568343654
35650.0,4.013388717204753
35700.0,3.7944176357030863
35750.0,3.412139790399902
35800.0,3.081960356446246
35850.0,2.987255702805719
35900.0,3.6528428682273675
35950.0,2.661820367900383
36000.0,2.463899831644911
36050.0,2.8120078535420108
36100.0,3.483298705692138
36150.0,2.973026685712417
36200.0,3.0358197111104728
36250.0,3.767835233746288
36300.0,2.6037289361942837
36350.0,3.9318318170279585
36400.0,3.1273787757854548
36450.0,3.5711209791357237
36500.0,3.4933801270321787
36550.0,3.7273264952480756
36600.0,3.598190640882175
36650.0,3.5967353781270335
36700.0,3.4240611836003443
36750.0,2.800481926456406
36800.0,2.849523770351971
36850.0,3.1233615602335187
36900.0,3.5474781120167695
36950.0,2.5231736413942505
37000.0,3.0087341161139816
37050.0,3.2097944741791675
37100.0,3.1685958842935293
37150.0,2.5019552040751147
37200.0,3.0424301503123283
37250.0,3.4417096901780453
37300.0,3.528934962598507
37350.0,3.073986326786331
37400.0,3.225739574234805
37450.0,3.3770094323733297
37500.0,3.0076383350630564
37550.0,2.6366825431579737
37600.0,2.856760853037704
37650.0,3.1639542569266266
37700.0,2.6703728776240134
37750.0,3.339280883675613
37800.0,2.5948218829541747
37850.0,3.1444218376795336
37900.0,1.9978514200618664
37950.0,2.853559598185643
38000.0,2.630018409124774
38050.0,3.743873485433531
38100.0,3.1431830572610364
38150.0,2.9430223316087525
38200.0,3.210515593009436
38250.0,3.174112426697439
38300.0,2.6626674706230826
38350.0,3.724858064754203
38400.0,3.208611874496768
38450.0,2.527544665149286
38500.0,2.7273592059984946
38550.0,2.9502695960069056
38600.0,3.0952354383542406
38650.0,3.0169365342412964
38700.0,2.6265740066882692
38750.0,2.8835739239429437
38800.0,3.5192170633568374
38850.0,3.760266366817427
38900.0,2.999534313432974
38950.0,3.657716167369931
39000.0,3.5833762282095365
39050.0,2.7740382976036058
39100.0,2.50411716095245
39150.0,3.234685977282911
39200.0,3.185513445374116
39250.0,2.6712126069271185
39300.0,3.9430196950043674
39350.0,3.521546523915521
39400.0,3.0798683415867427
39450.0,3.3400300528311204
39500.0,3.324485380576657
39550.0,2.748488657746931
39600.0,2.790952273601118
39650.0,3.161313627971081
39700.0,3.15952660262117
39750.0,2.852381341135615
39800.0,2.7876890372654812
39850.0,3.411553596251008
39900.0,3.8200528110255916
39950.0,2.8857432103995473
40000.0,3.4469355786712765
40050.0,2.297606506869243
40100.0,2.4299153273210683
40150.0,3.080551132836246
40200.0,3.435958140980758
40250.0,1.268303682949624
40300.0,1.3676266883957968
40350.0,1.2685008486727467
40400.0,2.1117771868674784
40450.0,2.5297828219267267
40500.0,2.173544830072107
40550.0,1.9731448443553572
40600.0,1.6381412057942886
40650.0,2.7063214116045833
40700.0,1.1157954327107817
40750.0,1.1747339942871486
40800.0,1.5356120138969143
40850.0,1.6451428559499912
40900.0,3.0937487980441762
40950.0,1.8908429884790685
41000.0,2.040615217904925
41050.0,1.6484241733419251
41100.0,0.7756962814693082
41150.0,0.9285470190926516
41200.0,0.7675311650914087
41250.0,0.4276699152410199
41300.0,1.1946942386049375
41350.0,0.9673176769696799
41400.0,1.0738243608601
41450.0,1.884487411467701
41500.0,1.4042069425472778
41550.0,1.5515790493645987
41600.0,1.1146731293710221
41650.0,1.6782729809023325
41700.0,0.5514535347462509
41750.0,0.5734964526278068
41800.0,0.43738172931061703
41850.0,1.0294158405036598
41900.0,0.4872360970844688
41950.0,0.36878346644762394
42000.0,0.753324006071973
42050.0,0.48836099664121574
42100.0,1.197745826672727
42150.0,0.43702913422159384
42200.0,1.0854457969594091
42250.0,0.44010670155737647
42300.0,2.556735085274669
42350.0,1.1707274889592212
42400.0,1.9444808667282452
42450.0,0.7415504173720265
42500.0,1.6830946349111042
42550.0,0.7643954532596966
42600.0,2.100971656900556
42650.0,1.6991120530533215
42700.0,2.350783090190187
42750.0,0.7057620255048168
42800.0,2.604685880796047
42850.0,2.209204891325331
42900.0,1.6705031115796685
42950.0,1.7102295249787014
43000.0,0.5386960456583513
43050.0,1.792594018924206
43100.0,0.843027558935349
43150.0,0.35622970578711105
43200.0,1.9773951826534633
43250.0,0.8570862793677329
43300.0,1.2705088471789618
43350.0,0.5094083159003218
43400.0,2.280456092465636
43450.0,0.9804574482682104
43500.0,0.7841577470273157
43550.0,2.1560577140633037
43600.0,0.9514702528864447
43650.0,0.293089964540561
43700.0,0.49738800171712927
43750.0,1.012070614813237
43800.0,1.3693063313747926
43850.0,0.8080800602850121
43900.0,2.3739594785927647
43950.0,1.3585629803592965
44000.0,1.1385060221769943
44050.0,2.1932816215171074
44100.0,1.7578932924186284
44150.0,2.771675529660779
44200.0,1.9574700052463687
44250.0,2.103542579043176
44300.0,1.6949336900383773
44350.0,1.884116119472096
44400.0,3.3064507684228133
44450.0,1.0863682332075029
44500.0,0.31827432722554355
44550.0,0.7495944745573282
44600.0,2.0702890535235476
44650.0,2.3159653109800384
44700.0,1.2869314096016784
44750.0,1.1280045436510895
44800.0,2.553054281322234
44850.0,0.5134211484197557
44900.0,1.4677858121815108
44950.0,2.470744931099144
45000.0,0.6844690311861169
45050.0,0.5492694955865326
45100.0,1.4940186357509984
45150.0,0.578616445492032
45200.0,0.9583806988232166
45250.0,1.2076837094321877
45300.0,2.374906366376434
45350.0,0.568330537821946
45400.0,0.38131784109077294
45450.0,2.6240391726523717
45500.0,1.1162022740055932
45550.0,2.1577318723389425
45600.0,1.53596827085247
45650.0,1.7549315549612245
45700.0,1.3414516522839681
45750.0,0.9435040342721306
45800.0,1.566935597712353
45850.0,2.418653158142284
45900.0,1.4840818121236052
45950.0,2.1708476479396976
46000.0,0.5128354585399214
46050.0,1.8754171411130942
46100.0,2.9415110741420802
46150.0,1.537688937370497
46200.0,1.064186758534908
46250.0,0.5948056867304579
46300.0,1.0159174849464632
46350.0,2.2808316035970493
46400.0,3.1734669621442158
46450.0,2.5880807707382343
46500.0,3.341989669249586
46550.0,0.9479925126874869
46600.0,2.6086546535752575
46650.0,2.400269597495087
46700.0,2.9751802195641748
46750.0,2.69659124105613
46800.0,3.122113769690047
46850.0,2.7413523762889374
46900.0,1.6690695248012823
46950.0,2.293709572088457
47000.0,2.2651721132821616
47050.0,2.202476361052472
47100.0,2.3865863359643713
47150.0,3.8318392440449864
47200.0,2.104041373192233
47250.0,1.967480406617489
47300.0,3.403260193832455
47350.0,3.4509524561579714
47400.0,3.0196333060061358
47450.0,1.7835327580829263
47500.0,1.721685738524185
47550.0,2.743808635951809
47600.0,1.9320671498968245
47650.0,2.7423712779019347
47700.0,2.0845593828095885
47750.0,1.773891904722173
47800.0,3.2419409582488337
47850.0,3.595854329558048
47900.0,2.7035348689006127
47950.0,3.49522630736809
48000.0,2.8936111629193966
48050.0,2.1335676454812975
48100.0,3.1019027717949386
48150.0,3.230154314638126
48200.0,3.4410886341689366
48250.0,3.687205051436772
48300.0,3.0959316674359822
48350.0,2.218312264264157
48400.0,2.694212098745019
48450.0,3.5986286145298148
48500.0,3.217248714094893
48550.0,4.001564749030808
48600.0,2.831429112174662
48650.0,3.3400749723534022
48700.0,2.9888638974532653
48750.0,3.0277703832504383
48800.0,3.3869499876108633
48850.0,3.8449211979672895
48900.0,2.494511307624053
48950.0,2.15601470495073
49000.0,2.711063896331458
49050.0,3.6286740006629428
49100.0,3.206147707260089
49150.0,3.2642610189823356
49200.0,2.5527624167640104
49250.0,3.383225690615634
49300.0,3.3328962438796004
49350.0,2.8818387503744263
49400.0,3.161547967846084
49450.0,1.2281670461406131
49500.0,0.6768297772686822
49550.0,0.4229627217892456
49600.0,0.594724229023044
49650.0,0.866543524973875
49700.0,0.5235476680032688
49750.0,3.8335630531381066
49800.0,2.712897303588286
49850.0,3.510131466140948
49900.0,3.0106805269105785
49950.0,2.8306035970543304
50000.0,3.4838064418426966
50050.0,2.909310607002578
50100.0,3.316546907910431
50150.0,3.4556175728928196
50200.0,3.1959016142181866
50250.0,3.915469228949443
50300.0,3.1595843686494476
50350.0,3.06140558261142
50400.0,3.4573676235620896
50450.0,2.693304484692637
50500.0,3.3536117546850814
50550.0,3.0255243892940173
50600.0,2.5432235411540756
50650.0,3.3498186815128617
50700.0,2.557031291782792
50750.0,4.014137022927588
50800.0,3.4050071082155093
50850.0,3.4235057214201334
50900.0,3.618192699156494
50950.0,3.052838407946774
51000.0,3.1326695065659482
51050.0,1.2974570735843622
51100.0,0.5643591860894047
51150.0,2.257981376150327
51200.0,2.9519808102950065
51250.0,2.86067810876605
51300.0,1.5019307276512126
51350.0,0.565512071690843
51400.0,2.0373501880107554
51450.0,1.5074140280771493
51500.0,2.0485589573906453
51550.0,0.9749844609736659
51600.0,2.170823965849004
51650.0,1.3232537147796006
51700.0,0.9289798744798714
51750.0,1.9202337170556203
51800.0,1.002297464599501
51850.0,1.678420404169166
51900.0,1.6822270418926002
51950.0,2.140889740416565
52000.0,1.8280603562696527
52050.0,1.6330912656614764
52100.0,2.1912034902402966
52150.0,2.1169742426155564
52200.0,2.6291055674166626
52250.0,1.49428495627034
52300.0,2.213636941119149
52350.0,2.4510590792056464
52400.0,3.0609281261848666
52450.0,3.1769586075851235
52500.0,3.716740459953189
52550.0,3.8299074091088126
52600.0,3.0432365440002473
52650.0,1.8177136088241197
52700.0,3.3667185786869336
52750.0,2.013477286610889
52800.0,2.6322200528505317
52850.0,2.2499054125169478
52900.0,2.2942293050738507
52950.0,3.2445772574570597
53000.0,2.4500806049430786
53050.0,1.4434334131955662
53100.0,3.9763790547389695
53150.0,1.8502136379342167
53200.0,2.167876046727754
53250.0,1.6332727072948214
53300.0,1.738329400674505
53350.0,2.7907844709487977
53400.0,2.829861060738596
53450.0,3.654419984732152
53500.0,4.552470984246837
53550.0,3.4826121534778083
53600.0,3.859142441437932
53650.0,4.151771734181811
53700.0,3.6590409461794287
53750.0,3.4067858147263594
53800.0,4.144143056608114
53850.0,3.2275200129486517
53900.0,4.089238682336907
53950.0,3.776199299468784
54000.0,3.4045556897477804
54050.0,3.8816753392521064
54100.0,4.1489875977838055
54150.0,3.0196172570285693
54200.0,3.0297519569755824
54250.0,3.193113402232249
54300.0,3.962462061755493
54350.0,4.253230704224446
54400.0,3.884144054179758
54450.0,4.3217685682101274
54500.0,3.5483804766346934
54550.0,3.4372260646444492
54600.0,3.477440982325696
54650.0,3.949618866123916
54700.0,3.6208964579313645
54750.0,2.7051041526371917
54800.0,3.4880686695997696
54850.0,3.0553705623197005
54900.0,2.924552089217652
54950.0,3.8368969077729425
55000.0,3.76773236100659
55050.0,3.339383286060336
55100.0,4.130421678941224
55150.0,3.0811989717170087
55200.0,2.9461313092199997
55250.0,2.605779118510963
55300.0,4.102352981122699
55350.0,3.2007952855882826
55400.0,2.9302200427452703
55450.0,3.655802312172349
55500.0,3.2022604545019417
55550.0,3.624625398214541
55600.0,3.9029981335567623
55650.0,3.5525076304621166
55700.0,3.6369622845768395
55750.0,3.1048352577173253
55800.0,3.570906924504354
55850.0,3.3380959343053727
55900.0,3.5404115810483052
55950.0,4.317246395543924
56000.0,4.063532140144997
56050.0,4.443665999038661
56100.0,3.3286164277421357
56150.0,4.150443576869199
56200.0,3.84143118335343
56250.0,3.472558657418311
56300.0,3.829855012865442
56350.0,3.861152022809511
56400.0,4.249682857038715
56450.0,3.6625812171066734
56500.0,4.142569834758644
56550.0,4.214567470601129
56600.0,3.789891746408478
56650.0,3.9694064879049566
56700.0,3.6450186215432083
56750.0,3.252274206190985
56800.0,3.764211571402579
56850.0,4.041606789017675
56900.0,3.3770539797577332
56950.0,3.2960683541888622
57000.0,3.8555138018225463
57050.0,2.9367644872715863
57100.0,2.967777276914835
57150.0,3.649615277225729
57200.0,2.875691921670402
57250.0,3.318508016099224
57300.0,3.556711571746982
57350.0,4.298581197119615
57400.0,3.295286646233425
57450.0,3.69883800179356
57500.0,3.7267132405381296
57550.0,3.8009725181569385
57600.0,3.5407086980914646
57650.0,4.147926099158712
57700.0,4.928093350481744
57750.0,3.2816308656390127
57800.0,3.6868799490312227
57850.0,3.656719662178895
57900.0,4.058731604823895
57950.0,4.48317681517339
58000.0,3.5263841696433627
58050.0,3.316276780824795
58100.0,3.970663324096863
58150.0,3.3509985931136734
58200.0,4.026285550695345
58250.0,3.7076436932375594
58300.0,3.031730111081643
58350.0,3.794598124140832
58400.0,3.6776203879085863
58450.0,3.9597211597035056
58500.0,4.2576409085995435
58550.0,4.391421850652215
58600.0,3.9164489251461996
58650.0,3.283364197049033
58700.0,3.6726267888999393
58750.0,3.922766197223106
58800.0,3.9022309668395163
58850.0,2.8202999350522373
58900.0,3.7263523746809386
58950.0,4.118714582048889
59000.0,2.945335492906926
59050.0,3.4558634141530256
59100.0,4.201366086866059
59150.0,4.410621950058511
59200.0,3.771971808711989
59250.0,3.8886749466373485
59300.0,4.487329468276942
59350.0,4.424488672405229
59400.0,4.187181815835032
59450.0,3.9958227501603205
59500.0,3.4548101922372143
59550.0,3.6727350443095186
59600.0,2.9705509586771206
59650.0,4.419635585073359
59700.0,3.5626530120705135
59750.0,3.0872278814257514
59800.0,4.725047427632277
59850.0,3.686119756253149
59900.0,3.562038445383491
59950.0,3.1913763218680695
60000.0,3.3821595826370308
60050.0,4.1555869250533535
60100.0,4.270714368184944
60150.0,3.770368811178879
60200.0,4.190142915242674
60250.0,3.5895811660196486
60300.0,4.635233826897618
60350.0,4.85539677642008
60400.0,4.218945143060676
60450.0,3.753410813756814
60500.0,4.038536852660414
60550.0,3.9677847685969527
60600.0,3.775222620184217
60650.0,3.547351063351725
60700.0,3.4954385895388276
60750.0,3.945149106303741
60800.0,3.220805305576604
60850.0,3.8654490781755264
60900.0,2.7038648644345025
60950.0,3.5133748867013748
61000.0,3.101626384243039
61050.0,3.5062222427148577
61100.0,4.088372089272849
61150.0,3.7996975764361887
61200.0,3.9817821595738034
61250.0,2.8253844564373716
61300.0,3.97690946807438
61350.0,3.1619785425986553
61400.0,3.173417776839811
61450.0,2.7350282992020847
61500.0,3.5660180152246315
61550.0,4.232648118527932
61600.0,3.972809173864103
61650.0,4.42929675925193
61700.0,4.4201864025563244
61750.0,4.224345779239879
61800.0,4.282811702649659
61850.0,3.7260715855246795
61900.0,4.726825738412978
61950.0,4.501221666110894
62000.0,4.592751837047292
62050.0,3.2173267256872937
62100.0,4.157941469945162
62150.0,3.4214896552820346
62200.0,2.8928160119136113
62250.0,3.711791875750216
62300.0,3.8195796763286505
62350.0,3.8665355325617403
62400.0,3.212381828067281
62450.0,2.8597514614117316
62500.0,3.5821072408845724
62550.0,3.8720137773719947
62600.0,3.6810448763687
62650.0,3.943472377195232
62700.0,3.6871408624138495
62750.0,2.986874592847811
62800.0,3.959646508986858
62850.0,3.405187178748667
62900.0,2.8644359945618914
62950.0,3.9306074435006586
63000.0,2.8743161227066145
63050.0,2.96314127359626
63100.0,2.1399049028348114
63150.0,2.93519742389761
63200.0,2.66294743549731
63250.0,2.7060817023816335
63300.0,2.859266415395026
63350.0,3.597248196784496
63400.0,4.289610632811542
63450.0,4.508679016249598
63500.0,3.7817604978881993
63550.0,3.4841589706767775
63600.0,4.022176341330075
63650.0,3.3741050973797693
63700.0,3.2692788101769166
63750.0,3.605246063174768
63800.0,3.054485477257073
63850.0,4.928460986115951
63900.0,3.1710703013477666
63950.0,3.0408028405843965
64000.0,3.5868913398186186
64050.0,4.319141090984578
64100.0,3.148458433754896
64150.0,2.7545387067504925
64200.0,2.3912105511290487
64250.0,2.757261986931204
64300.0,3.089638988563827
64350.0,2.966377585167436
64400.0,3.7891429606499463
64450.0,3.1609614891749525
64500.0,3.0567456890934177
64550.0,2.7507981080696116
64600.0,2.6523382749223723
64650.0,3.2565807918760017
64700.0,2.461664230495962
64750.0,3.964603330535393
64800.0,2.6501692295385615
64850.0,3.541946306273306
64900.0,3.77394572107153
64950.0,3.751116934904719
65000.0,3.957801405040017
65050.0,3.7234517308209374
65100.0,3.36132243744761
65150.0,2.7922899207875154
65200.0,3.9374358571478814
65250.0,3.3445611795350207
65300.0,3.7653286555147756
65350.0,3.479222308991379
65400.0,1.870341196209838
65450.0,3.0320578805271743
65500.0,3.9503934099386058
65550.0,3.8996099232032138
65600.0,3.052030066109223
65650.0,3.5761140641684404
65700.0,2.731118234073065
65750.0,3.5552480087017604
65800.0,3.3842711662828697
65850.0,3.4451547268494567
65900.0,3.690598796034045
65950.0,3.7719219750379165
66000.0,3.1526044259905905
66050.0,2.9071612062816863
66100.0,3.5294604516445314
66150.0,3.8851810702868503
66200.0,3.5479162327722595
66250.0,4.271920155955656
66300.0,3.1576263204372563
66350.0,2.9585443861278646
66400.0,3.434369641794698
66450.0,3.531092529676111
66500.0,2.621293306964714
66550.0,2.632297909073821
66600.0,3.414060593806454
66650.0,3.69659381525578
66700.0,3.224687861991262
66750.0,2.593338886377163
66800.0,3.8788371248921503
66850.0,3.466998042146191
66900.0,3.1060725081370735
66950.0,2.852502537702462
67000.0,2.815614185181386
67050.0,2.9024965860276404
67100.0,3.673631779714715
67150.0,3.2512284848660937
67200.0,2.662966046594514
67250.0,3.5383766995629986
67300.0,3.8961612781184463
67350.0,2.56924170383971
67400.0,3.8803363359348446
67450.0,3.6516006241907704
67500.0,2.5593919938102654
67550.0,2.900498323971181
67600.0,2.762860429131549
67650.0,3.8084505337667536
67700.0,2.5518061768945395
67750.0,2.9862528062387312
67800.0,2.6127946552822188
67850.0,2.5778615928501623
67900.0,4.312967887109947
67950.0,2.959424095319002
68000.0,2.2525297166787936
68050.0,3.9592666378493893
68100.0,3.5064946547595017
68150.0,3.2923870269496764
68200.0,3.3047395293665103
68250.0,4.950236700393924
68300.0,4.518858604469566
68350.0,4.227112929877438
68400.0,3.6164749483794716
68450.0,4.291735906210138
68500.0,4.83244200457177
68550.0,5.125716380004461
68600.0,4.90519241624644
68650.0,4.073584646246646
68700.0,4.788423348650208
68750.0,5.459608141357877
68800.0,5.708396981092948
68850.0,5.588015884379753
68900.0,4.942496982819326
68950.0,5.1143014359607815
69000.0,4.520795413224356
69050.0,5.2413075255782715
69100.0,4.33250420272676
69150.0,4.039963520756902
69200.0,4.896792435526704
69250.0,3.9525909471326197
69300.0,5.2742872078773955
69350.0,4.762150954869007
69400.0,4.404108982971616
69450.0,5.378877102832629
69500.0,5.31749129868324
69550.0,5.605788868528882
69600.0,5.382971272831837
69650.0,5.032064559454517
69700.0,5.164941928238936
69750.0,5.3053395473851115
69800.0,5.435690646400094
69850.0,5.523940721419949
69900.0,5.618701693896495
69950.0,5.772998138518177
70000.0,3.6338621106429767
70050.0,4.86421492480845
70100.0,3.898988639964039
70150.0,4.755470290492122
70200.0,4.197379592161864
70250.0,3.1743453746833663
70300.0,5.527427437537237
70350.0,5.17700477224792
70400.0,4.8621181773191395
70450.0,5.474612653853939
70500.0,5.551743179543053
70550.0,6.21003842868919
70600.0,5.470706243027201
70650.0,5.659477652450485
70700.0,6.816341269614962
70750.0,5.144974670056311
70800.0,5.236084294725298
70850.0,5.474484248708313
70900.0,4.519691027324317
70950.0,4.6171279778895995
71000.0,3.999823496168074
71050.0,5.155596270706214
71100.0,4.8828344505779375
71150.0,4.944118352196566
71200.0,4.315390409310206
71250.0,5.91247697951267
71300.0,4.532083296900678
71350.0,4.149759036874494
71400.0,4.406288434151345
71450.0,4.414518958705172
71500.0,2.5436960461590665
71550.0,4.532835182051075
71600.0,3.9595178287494757
71650.0,3.135437293217339
71700.0,2.503814095542462
71750.0,4.314000312929837
71800.0,4.814496966081272
71850.0,5.025475405850974
71900.0,5.0962097974817056
71950.0,5.204389607664453
72000.0,4.606188819015159
72050.0,4.958888265859285
72100.0,4.1339328238455995
72150.0,1.859809576976386
72200.0,2.3042087909929383
72250.0,0.5576805719169161
72300.0,0.5236404894503174
72350.0,3.7285657859058907
72400.0,2.350766165652107
72450.0,2.5263808009047697
72500.0,2.294206023997997
72550.0,2.197222130139668
72600.0,2.3474395867788864
72650.0,0.4875450356186691
72700.0,2.7206426427973396
72750.0,1.7902252711938849
72800.0,1.9753720545878113
72850.0,2.7535781708450595
72900.0,2.8246267923623845
72950.0,3.0255226558952755
73000.0,2.089257368086659
73050.0,3.7734347664348356
73100.0,5.2604365358412615
73150.0,4.5154282930506895
73200.0,4.518613345036117
73250.0,3.1358072213287986
73300.0,4.437520602673523
73350.0,4.75097703093289
73400.0,4.612225628394012
73450.0,3.747224039274904
73500.0,5.2137237052115495
73550.0,4.863761213775483
73600.0,4.530628777460678
73650.0,4.457563472349108
73700.0,5.353215090983488
73750.0,4.576940119046022
73800.0,4.632090839203434
73850.0,2.567018649595994
73900.0,4.046554470445612
73950.0,4.672673363734987
74000.0,4.414588668172629
74050.0,4.3667483790876975
74100.0,4.550835358786883
74150.0,4.361261916273306
74200.0,4.09140278979534
74250.0,4.45440357878363
74300.0,4.740919343348735
74350.0,3.9538445499109294
74400.0,5.293431344528523
74450.0,4.941721708375206
74500.0,4.919926808751893
74550.0,4.458261940834325
74600.0,5.453824478611945
74650.0,4.533760521868986
74700.0,4.301080875196046
74750.0,3.5720818424325356
74800.0,4.153333079758508
74850.0,4.465131543179812
74900.0,4.707337353572609
74950.0,4.2083027083627025
75000.0,4.700072310523056
75050.0,4.741277928694033
75100.0,3.8346443419190384
75150.0,4.135601141522708
75200.0,4.772366649591163
75250.0,3.6327546677187397
75300.0,3.112973099265341
75350.0,4.569922588872376
75400.0,4.124098843256685
75450.0,5.001539612204483
75500.0,5.348217650524216
75550.0,4.31531997714768
75600.0,4.566189102785358
75650.0,4.688911523480746
75700.0,4.894905613432881
75750.0,4.844208442271658
75800.0,4.962639455225092
75850.0,5.027306300851316
75900.0,4.659550296225868
75950.0,4.960086516279165
76000.0,5.331434122642967
76050.0,5.045444109512855
76100.0,4.6516741377652115
76150.0,5.0984165522034015
76200.0,5.005005786453209
76250.0,4.231443324307245
76300.0,5.706461839268121
76350.0,4.843334292583483
76400.0,4.249447278513543
76450.0,4.544115016882689
76500.0,4.63340920614545
76550.0,4.204339423622819
76600.0,4.830949972810081
76650.0,3.550395175488666
76700.0,3.737015264103611
76750.0,4.14687655646629
76800.0,4.104664938632894
76850.0,4.429378061147566
76900.0,4.28862551351471
76950.0,4.070823143053806
77000.0,4.041644606530707
77050.0,2.446811848146113
77100.0,3.8623008902903573
77150.0,3.743498571141346
77200.0,0.7020649648606779
77250.0,3.5384883476413944
77300.0,4.488112290123359
77350.0,4.511605389201399
77400.0,4.743879401138269
77450.0,5.411697100357325
77500.0,5.035490176334765
77550.0,4.528064518772228
77600.0,4.387006263538811
77650.0,5.048446031238318
77700.0,4.4760367754817
77750.0,5.4461252072448
77800.0,4.229055373678949
77850.0,4.935360430666411
77900.0,4.803185522034129
77950.0,4.15355190782082
78000.0,4.574375644459849
78050.0,4.773947767710828
78100.0,4.529515097225314
78150.0,2.951031896605008
78200.0,2.373705353612534
78250.0,2.2226057633882146
78300.0,2.3126997987068783
78350.0,4.339446610711261
78400.0,4.5047663756165806
78450.0,3.881401332005197
78500.0,5.306610086865951
78550.0,4.864029083444568
78600.0,4.659561134597025
78650.0,5.269923540465453
78700.0,4.406911087380069
78750.0,5.1096439006115055
78800.0,4.534156758271036
78850.0,4.272833522149043
78900.0,4.281694539538651
78950.0,3.8922200447614297
79000.0,3.856372030398979
79050.0,4.6748900113985785
79100.0,4.480111057067748
79150.0,4.095618542731262
79200.0,3.202260786143544
79250.0,4.352068712493041
79300.0,5.013271343748419
79350.0,3.9680210767955346
79400.0,2.915009271473081
79450.0,4.259589463634302
79500.0,3.500560660665378
79550.0,4.108050511365636
79600.0,3.413942543397609
79650.0,2.6252977637610435
79700.0,3.3476225571736724
79750.0,3.56427904369543
79800.0,3.7924800164683736
79850.0,4.082718838997196
79900.0,3.0868069463524366
79950.0,3.285557369987297
80000.0,4.27319529671187
80050.0,4.164433303879406
80100.0,3.5712973986044703
80150.0,3.2374395741679516
80200.0,3.6395065392384907
80250.0,4.479584314276547
80300.0,3.0206142210225932
80350.0,3.49515282816786
80400.0,4.240400820809902
80450.0,4.197058183642078
80500.0,3.2845557557247904
80550.0,3.693369729133552
80600.0,3.5425716744497096
80650.0,3.4069031990049043
80700.0,2.821950025610602
80750.0,3.10562164325383
80800.0,3.666196370669914
80850.0,4.031399336353993
80900.0,4.472336245376418
80950.0,3.7614455634102706
81000.0,4.4957085650341595
81050.0,3.434311201622258
81100.0,4.494651824400568
81150.0,3.945195968658222
81200.0,3.5290342813640048
81250.0,3.5823039623250774
81300.0,4.518507202887232
81350.0,3.84198854138897
81400.0,3.0143999966028123
81450.0,3.0520797212753568
81500.0,4.070713629617451
81550.0,4.297220270221904
81600.0,4.568072346294789
81650.0,3.200471211075867
81700.0,4.091223242909147
81750.0,3.593510873504234
81800.0,3.7159673199017957
81850.0,2.6835432139167623
81900.0,3.7256222129285588
81950.0,2.354249820006892
82000.0,4.724834084804839
82050.0,4.303906056430094
82100.0,4.546149893860512
82150.0,4.715779637988734
82200.0,4.327621791104002
82250.0,4.528804888861235
82300.0,3.0067404182135076
82350.0,4.043994312106549
82400.0,4.349032464132334
82450.0,4.386262613685081
82500.0,4.0853630926219235
82550.0,4.396632816245576
82600.0,4.254381475267071
82650.0,3.9538433049283643
82700.0,4.099989849176386
82750.0,3.4370026158281184
82800.0,4.015578983506128
82850.0,3.8502200706347995
82900.0,4.007054422778167
82950.0,3.6117315122546496
83000.0,3.372563385026671
83050.0,3.794965336460678
83100.0,4.546184418535663
83150.0,4.540516106936687
83200.0,3.83542490449356
83250.0,4.381709749444512
83300.0,4.7084256580260835
83350.0,3.7583732105169987
83400.0,4.471812619335139
83450.0,4.617451013334925
83500.0,4.9558954600354355
83550.0,3.8580946351636474
83600.0,3.8396324514296776
83650.0,4.350101956985669
83700.0,3.0241369108958573
83750.0,4.350550355322301
83800.0,4.515106638246003
83850.0,3.6256013244720706
83900.0,4.75448071072346
83950.0,4.038423096759189
84000.0,4.2370973958674005
84050.0,4.846864127467475
84100.0,4.214616894310271
84150.0,4.033671050716487
84200.0,3.4635370223899344
84250.0,3.614316133060362
84300.0,3.094638537375063
84350.0,2.664746656570748
84400.0,3.435171597791937
84450.0,3.5135452455143192
84500.0,3.23668214013702
84550.0,3.1778904497504494
84600.0,3.6264267763147187
84650.0,3.1397302003851477
84700.0,3.271602765122407
84750.0,3.3012413256502118
84800.0,3.444237611349102
84850.0,0.6249755928053802
84900.0,0.7154038085307092
84950.0,2.4341095818001506
85000.0,3.3962306681829943
85050.0,2.9163801058544894
85100.0,3.649693471087753
85150.0,3.4789952592577573
85200.0,3.5322660950024978
85250.0,3.5820371174660375
85300.0,3.7707684862424995
85350.0,3.6188540867432804
85400.0,3.039375312270927
85450.0,3.3455911430490044
85500.0,2.6969250905223454
85550.0,3.899872384747037
85600.0,3.675582336380966
85650.0,4.053059653362725
85700.0,3.6503583524213763
85750.0,3.174853264734558
85800.0,2.80976626473167
85850.0,3.5756646524714437
85900.0,3.40001621332387
85950.0,3.2804872420826627
86000.0,3.4554580680807927
86050.0,3.1214403099820647
86100.0,3.7484249113203587
86150.0,3.290304664491381
86200.0,3.906364130369282
86250.0,3.4590574530879685
86300.0,3.6906053194458153
86350.0,3.10370413652448
86400.0,2.875931325782488
86450.0,3.134931953342515
86500.0,2.88672354427547
86550.0,3.6268265990043225
86600.0,4.229526823017579
86650.0,3.4140136911985475
86700.0,4.332676639825243
86750.0,3.635076967289773
86800.0,3.3749056835428277
86850.0,4.132479577364565
86900.0,3.3970847761320466
86950.0,4.1116555151012015
87000.0,3.3025098949853704
87050.0,3.682278038328803
87100.0,4.14281130296266
87150.0,3.2564559802327735
87200.0,2.8633695639972716
87250.0,3.260519702423155
87300.0,2.746722285379326
87350.0,3.1252172942058474
87400.0,3.3189914996346888
87450.0,3.467287761908761
87500.0,3.250982661127581
87550.0,1.3926887863834103
87600.0,3.35873326128955
87650.0,3.4024947862247115
87700.0,1.8830811400687253
87750.0,2.6624930500140422
87800.0,4.084725420724766
87850.0,1.6892573477682424
87900.0,1.4285628559865242
87950.0,2.8437608371442997
88000.0,3.180140068763766
88050.0,3.180232165522106
88100.0,3.448199812342075
88150.0,2.5655179874629215
88200.0,4.4416770242353545
88250.0,3.7503226277256383
88300.0,4.666411728100417
88350.0,4.273417113900631
88400.0,4.227057081742138
88450.0,4.460436029380459
88500.0,3.9370306659361622
88550.0,3.979105022778093
88600.0,3.5901800917021367
88650.0,3.8721318561964684
88700.0,3.3397131142240233
88750.0,3.2401716219853247
88800.0,4.549053899308653
88850.0,4.236328252148408
88900.0,3.754119023627376
88950.0,3.640124002381616
89000.0,3.77042279652898
89050.0,3.5315832712332185
89100.0,4.172670741353759
89150.0,3.907710476977458
89200.0,3.709239629683523
89250.0,4.446033905930831
89300.0,3.3379177812173593
89350.0,3.7139335183857938
89400.0,3.41405588037949
89450.0,3.764212906673661
89500.0,3.5852580745100826
89550.0,3.5990810077526563
89600.0,3.355843788160663
89650.0,3.7613526354370665
89700.0,3.1387555245208487
89750.0,3.8585222216220356
89800.0,2.9366782089995573
89850.0,3.1840035333524277
89900.0,3.342540218143571
89950.0,3.5939107759600626
90000.0,3.974858715690219
90050.0,3.770849766974637
90100.0,3.2780037424924764
90150.0,3.9798073868728148
90200.0,3.821321236973363
90250.0,3.8655408662928625
90300.0,3.033113518381246
90350.0,3.2943261205730034
90400.0,3.308349191273407
90450.0,4.384574143932774
90500.0,4.3866267145879485
90550.0,3.3534579480541415
90600.0,3.3656235596447455
90650.0,3.1278552698125037
90700.0,2.771370178015293
90750.0,3.341897388086734
90800.0,3.0394232478985814
90850.0,3.488074832923746
90900.0,3.5208220649048347
90950.0,3.273785552147632
91000.0,3.383442339974542
91050.0,3.395555303050868
91100.0,3.4489411668164776
91150.0,3.236046637391098
91200.0,3.6429780498471804
91250.0,3.4900555406781804
91300.0,3.6371683949353395
91350.0,3.849077976945109
91400.0,3.6837607067173974
91450.0,4.484928947578652
91500.0,3.0987234108174695
91550.0,3.812792756998409
91600.0,3.8467877045603815
91650.0,4.2599637319257875
91700.0,3.703958031550915
91750.0,3.0021798400790347
91800.0,2.8622684914888734
91850.0,3.954389758773083
91900.0,3.9625848976532057
91950.0,3.6460668464128125
92000.0,3.2607619114964774
92050.0,3.9900325641937293
92100.0,3.7803390108747603
92150.0,2.451728002160141
92200.0,4.465742952707948
92250.0,3.532218406350026
92300.0,2.887369194206816
92350.0,3.3183250338535584
92400.0,2.8072931935357466
92450.0,3.3488224499325456
92500.0,2.8752367519964217
92550.0,3.16129592011949
92600.0,2.9933898306491105
92650.0,3.0862430416411866
92700.0,3.738929490883812
92750.0,3.6276829338625975
92800.0,3.436798923539037
92850.0,4.168703053728348
92900.0,2.870483985530048
92950.0,3.5066489840294737
93000.0,3.2574507686630056
93050.0,3.163197112084279
93100.0,4.130967120345456
93150.0,3.5684741822701413
93200.0,3.8608762649798267
93250.0,3.428596725574986
93300.0,3.9223080204804983
93350.0,3.3876378096266375
93400.0,3.4697095453700273
93450.0,4.286363489361793
93500.0,3.9416135115724313
93550.0,3.2746599764678095
93600.0,3.2077874203785086
93650.0,3.950705282099021
93700.0,3.650834154102612
93750.0,4.0310500397084805
93800.0,2.9982831538616512
93850.0,3.0139842226171862
93900.0,4.339252014399653
93950.0,3.7784387333337146
94000.0,3.916844562363929
94050.0,3.8647642944689746
94100.0,3.7194219981073755
94150.0,4.118494924794813
94200.0,4.339837911370124
94250.0,2.6118191455896858
94300.0,3.319845765453832
94350.0,3.272106207232331
94400.0,4.318275444404756
94450.0,3.59866303604767
94500.0,3.488451071069677
94550.0,3.9002190865830446
94600.0,4.314961703631094
94650.0,3.0816835325516982
94700.0,3.4146264028582105
94750.0,2.877686653881673
94800.0,3.436538604911612
94850.0,3.4407564502556873
94900.0,3.8363259461545915
94950.0,4.234595624587287
95000.0,3.620978645694272
95050.0,3.4899002546270648
95100.0,3.928978634579205
95150.0,3.69588598879983
95200.0,3.555629837320269
95250.0,3.8315884432193554
95300.0,4.040655823911358
95350.0,2.732413243827684
95400.0,3.6523139692172384
95450.0,3.297196874562221
95500.0,2.7882083387659984
95550.0,3.4360898403749682
95600.0,3.432854850193356
95650.0,3.83796794531358
95700.0,3.6185487909093137
95750.0,3.3758244973640705
95800.0,3.50841331549922
95850.0,3.335670376823219
95900.0,4.105237857376053
95950.0,3.426086886848265
96000.0,3.1374361881953408
96050.0,2.985646317382991
96100.0,2.769707454290304
96150.0,2.0706255217407206
96200.0,3.008671074706932
96250.0,3.16148573654903
96300.0,3.375052767422755
96350.0,3.2354457169706485
96400.0,2.5202166364331484
96450.0,3.171952966736896
96500.0,3.680133599056354
96550.0,2.8653406059935547
96600.0,1.7455625870011053
96650.0,0.4432837662914185
96700.0,1.7154298347142547
96750.0,2.8156318099190867
96800.0,1.3034586056342545
96850.0,1.8856812753163523
96900.0,2.384655312645498
96950.0,1.1233434010768515
97000.0,0.7156105774591955
97050.0,1.080509205637503
97100.0,1.1071138901811548
97150.0,0.5464449034528204
97200.0,1.5818313772389596
97250.0,1.0161197352731675
97300.0,1.054800671017464
97350.0,1.604433149501686
97400.0,1.673168912820927
97450.0,0.8462260129566564
97500.0,0.7339570120689859
97550.0,1.380649022621304
97600.0,0.8405341657097404
97650.0,1.10249608876734
97700.0,1.7443029127507677
97750.0,1.5523541898997377
97800.0,1.6738267831240041
97850.0,1.5861877342652264
97900.0,2.2658532253101304
97950.0,3.1995915719730688
98000.0,3.1581459999887924
98050.0,2.1534382766023525
98100.0,2.3635712154332573
98150.0,3.3501598308734764
98200.0,2.5390153709576926
98250.0,3.1509182190617957
98300.0,3.908284975020544
98350.0,2.6870532190308234
98400.0,1.7961304410265204
98450.0,1.5555057461263884
98500.0,0.654904675754737
98550.0,1.5417470103915165
98600.0,1.6591534508173553
98650.0,0.8870708500625415
98700.0,1.3270960950323472
98750.0,2.5958978852673558
98800.0,3.1551523095156995
98850.0,3.3713178906929078
98900.0,2.1193337700078003
98950.0,1.5999358841554026
99000.0,2.0468963940710005
99050.0,3.9075942222292115
99100.0,2.3673815424332934
99150.0,1.839155676807069
99200.0,2.0590490965009245
99250.0,2.111320408624286
99300.0,4.28585837029818
99350.0,2.0621774761236606
99400.0,3.0711052496189875
99450.0,1.3659416265380386
99500.0,2.1730608020748385
99550.0,3.6907677994550103
99600.0,4.290835658139355
99650.0,4.398214808974087
99700.0,3.6925459508862613
99750.0,2.9630715058938644
99800.0,1.7487393268914815
99850.0,1.257336076566669
99900.0,3.6632324261441758
99950.0,4.24662086841839
100000.0,3.3664360657361887
100050.0,3.538088724169878
100100.0,3.2920755540075533
100150.0,3.202214306520253
100200.0,4.156270217734516
100250.0,3.1514294382542527
100300.0,3.889546045725144
100350.0,3.862720105072951
100400.0,3.7591722794809543
100450.0,4.827719433316703
100500.0,3.7771545417809183
100550.0,3.912760811495626
100600.0,3.6757995350269135
100650.0,3.7916468916764647
100700.0,3.38334311162723
100750.0,4.2511479489299
100800.0,3.639860728189476
100850.0,3.2932634858514778
100900.0,2.8821668272570364
100950.0,3.160915593647572
101000.0,2.2653235117342705
101050.0,2.7690236323027944
101100.0,2.641285713852565
101150.0,3.082936627358616
101200.0,2.562434924395792
101250.0,3.4476816037984896
101300.0,3.644868361793611
101350.0,3.9896583097309652
101400.0,4.600020902173923
101450.0,3.3551858887526675
101500.0,4.189092296893748
101550.0,3.9880567590348033
101600.0,3.9899972645097814
101650.0,3.7960621682543754
101700.0,3.875948938753298
101750.0,3.5191628700483024
101800.0,4.1988320944855255
101850.0,3.128883296195205
101900.0,3.305280125647912
101950.0,3.4068553320935724
102000.0,4.648385979891954
102050.0,3.831301503372721
102100.0,4.226793646928191
102150.0,4.069039343606903
102200.0,3.0987432184219714
102250.0,3.768342067121747
102300.0,3.7483445686891232
102350.0,4.52278385956924
102400.0,3.9103439780762455
102450.0,4.087357065857868
102500.0,3.738889179199149
102550.0,3.8900520470307387
102600.0,3.7888498522861562
102650.0,3.0131041459393435
102700.0,3.6275985016748504
102750.0,3.0391776634116034
102800.0,3.600550413659226
102850.0,2.6521116458894727
102900.0,3.657936062064551
102950.0,4.032432452854797
103000.0,3.7268477972430083
103050.0,4.069841104542436
103100.0,3.9996373183820575
103150.0,4.216205442112606
103200.0,3.23854627940626
103250.0,3.2903791576718255
103300.0,2.9526088803750032
103350.0,3.480574097915715
103400.0,3.50087294934878
103450.0,3.0588054813827577
103500.0,2.665217458933241
103550.0,2.7182891688102107
103600.0,2.505373369058774
103650.0,2.912197176012268
103700.0,2.885826959682208
103750.0,3.13103549781961
103800.0,2.561305660242561
103850.0,3.6544478009542996
103900.0,2.571943235072918
103950.0,3.202639434900989
104000.0,3.2091404043824996
104050.0,2.7959595328769784
104100.0,3.5102558427489186
104150.0,3.730641017788899
104200.0,3.066891133049067
104250.0,4.113351284432483
104300.0,4.172794327551096
104350.0,4.095690414862102
104400.0,4.303818388263291
104450.0,4.1130989721047095
104500.0,3.1404094055021052
104550.0,3.9246505655705946
104600.0,3.406942932321712
104650.0,3.1913788401531002
104700.0,4.144127234595689
104750.0,4.051628466958392
104800.0,2.9593407061721675
104850.0,2.4232843089701372
104900.0,3.245870653155634
104950.0,3.1141422904610603
105000.0,3.406183312228018
105050.0,4.060705726814178
105100.0,3.774349960045836
105150.0,3.31048362310673
105200.0,2.7142784978152465
105250.0,3.411584997899405
105300.0,3.4263666377424227
105350.0,3.163192645673146
105400.0,3.506134939120904
105450.0,3.0850731206424364
105500.0,4.08338179363145
105550.0,3.3840487114073787
105600.0,3.2422671187595036
105650.0,3.302803133533484
105700.0,3.5746881223598406
105750.0,3.317795817367034
105800.0,3.9076709278925925
105850.0,3.4770388297324817
105900.0,3.246379454940707
105950.0,3.325102637983287
106000.0,3.436392250493929
106050.0,3.912364574493226
106100.0,4.328115640151212
106150.0,3.130640675853506
106200.0,3.333542139864794
106250.0,3.311329669622257
106300.0,3.660352439382713
106350.0,3.1477945092114767
106400.0,3.9261155796732967
106450.0,3.8651770042192117
106500.0,3.3657560495141268
106550.0,3.3695803173312098
106600.0,3.1793213994777285
106650.0,3.826267160793197
106700.0,3.126947796300579
106750.0,2.8373214436971557
106800.0,4.467773111170301
106850.0,3.262238293671895
106900.0,2.827205873505816
106950.0,2.7618982051492935
107000.0,3.5825424969158974
107050.0,3.479355683152669
107100.0,3.2482132488060693
107150.0,2.799586431210743
107200.0,3.603246703215663
107250.0,4.810258121983453
107300.0,3.6261801974970225
107350.0,3.2106998923681114
107400.0,3.540281453125878
107450.0,3.31880721669536
107500.0,2.3030608845379095
107550.0,3.273254653961732
107600.0,3.0427248026876517
107650.0,3.1994539686771515
107700.0,3.502239475632364
107750.0,3.6052834628806845
107800.0,3.3690945893630793
107850.0,2.6381800210109874
107900.0,3.4749828833292513
107950.0,2.9693781377052986
108000.0,3.2647522462843077
108050.0,3.335519023816141
108100.0,4.351886814667174
108150.0,3.4516806204869472
108200.0,3.1654053954842665
108250.0,3.227645582821461
108300.0,4.532304693392127
108350.0,3.460357600354004
108400.0,2.862637817803233
108450.0,2.574022284804766
108500.0,3.135232148895071
108550.0,3.136208199037962
108600.0,3.4380206308581296
108650.0,3.243825429646329
108700.0,3.097318024670327
108750.0,3.565864665294915
108800.0,4.0233062929933885
108850.0,3.838813880286033
108900.0,3.3024355950413473
108950.0,4.36169670688449
109000.0,4.217131335526782
109050.0,3.537580740612038
109100.0,4.258474581912595
109150.0,3.2840967069303906
109200.0,3.6599056719532044
109250.0,3.3737495328015643
109300.0,3.8640523556638224
109350.0,3.280151909824462
109400.0,3.427313536314434
109450.0,2.7710827701922787
109500.0,3.8223142729782844
109550.0,3.37027815670416
109600.0,3.3923154340233848
109650.0,3.2812474646586116
109700.0,3.4497213778625313
109750.0,3.1524870775628826
109800.0,3.396556664795528
109850.0,3.868369696204746
109900.0,3.3228582933390345
109950.0,2.996831574733289
110000.0,3.2015765145288952
110050.0,3.4474318382419695
110100.0,3.5647837577848547
110150.0,3.300451906192378
110200.0,3.0050259403408526
110250.0,3.8701025069546438
110300.0,3.6751671947496387
110350.0,2.908847753235072
110400.0,3.3660043736074052
110450.0,3.234714775897595
110500.0,3.5188205229795653
110550.0,2.772253746609138
110600.0,3.3777669181976964
110650.0,2.9662750775531728
110700.0,3.811478300284198
110750.0,2.65392153401464
110800.0,2.8492964289071985
110850.0,3.433293440462403
110900.0,3.0412672297862318
110950.0,3.414617015542071
111000.0,3.1542952244612503
111050.0,3.7531036712822945
111100.0,3.0998214355287486
111150.0,2.9505415907513695
111200.0,3.7688192964334846
111250.0,3.340969840775677
111300.0,3.33277800743567
111350.0,2.5703101509102515
111400.0,3.252537722891608
111450.0,4.091511875523031
111500.0,3.636237019154024
111550.0,4.090338608735599
111600.0,3.790592527348033
111650.0,3.758749237214654
111700.0,3.100838644477803
111750.0,3.276475435294308
111800.0,3.403568020267837
111850.0,2.497394615915937
111900.0,3.3506092148469637
111950.0,3.1764922357217293
112000.0,2.8314138120083494
112050.0,3.618025030434823
112100.0,2.8365432365797814
112150.0,3.9001149392437355
112200.0,3.5259879839301975
112250.0,3.1584022297364607
112300.0,3.523194846394563
112350.0,3.0592482078403163
112400.0,3.69980889482353
112450.0,4.023405758755391
112500.0,3.5766614458770296
112550.0,3.2532144743192775
112600.0,3.367327468183116
112650.0,3.2610736988561837
112700.0,3.505933979015599
112750.0,2.887993123543983
112800.0,3.252874594487416
112850.0,3.107421419319846
112900.0,3.0140458057570627
112950.0,3.7534114707154878
113000.0,3.2916983935737596
113050.0,3.0608171411664866
113100.0,3.3407354479440294
113150.0,3.1876314315951455
113200.0,2.9756649832098137
113250.0,3.509555850287907
113300.0,3.481404408729489
113350.0,3.859585011368783
113400.0,4.801081319447316
113450.0,3.9937543792532186
113500.0,3.541016477352575
113550.0,4.028735965492869
113600.0,4.718856577336023
113650.0,4.2012397425983075
113700.0,4.939048512061256
113750.0,5.794661490401638
113800.0,3.663108305434087
113850.0,3.1299302309763783
113900.0,3.0561532269190166
113950.0,3.9053038498715416
114000.0,1.2926290233059465
114050.0,2.8665253812382696
114100.0,3.7112130481601437
114150.0,3.229459518235792
114200.0,3.7148514220167117
114250.0,3.905404167415501
114300.0,3.0314332439031295
114350.0,4.6460598662662695
114400.0,4.34357350242153
114450.0,3.733055863788199
114500.0,4.06788517399909
114550.0,3.232181934545874
114600.0,3.3383537717238148
114650.0,2.857131761803785
114700.0,3.3198471889051624
114750.0,3.706883322837919
114800.0,3.972979549517873
114850.0,2.9313809954415126
114900.0,3.3715709631121626
114950.0,3.279233184131206
115000.0,2.6789718842244445
115050.0,2.3431984292443095
115100.0,2.8326840637719646
115150.0,3.309200959815651
115200.0,3.0193674660543275
115250.0,2.936715104063269
115300.0,3.022747903129796
115350.0,2.732870728528735
115400.0,3.5818133960391987
115450.0,3.9543030235895538
115500.0,3.113102230289517
115550.0,3.1125670144164967
115600.0,3.5904870989082927
115650.0,3.193145150022832
115700.0,3.3654274506658206
115750.0,3.302182996555365
115800.0,3.2372376461337016
115850.0,3.6891292133888793
115900.0,2.7620433016318553
115950.0,2.8604001348278643
116000.0,3.500872671272319
116050.0,3.516045973497278
116100.0,3.6283040547520793
116150.0,3.516205340560811
116200.0,3.3239405032005997
116250.0,3.114963732859319
116300.0,5.453610972372749
116350.0,4.578592612573103
116400.0,3.697780610766149
116450.0,3.1023494062454287
116500.0,3.768100847455236
116550.0,4.64642879853638
116600.0,4.17751020684845
116650.0,3.6431603966602504
116700.0,5.453418985240085
116750.0,5.340604927576424
116800.0,3.505121314204227
116850.0,4.146757170585207
116900.0,3.8355689041364642
116950.0,3.5430353149789693
117000.0,3.298968801586315
117050.0,3.585666544947125
117100.0,2.7437358887514
117150.0,3.6760565464653143
117200.0,3.3053570479235765
117250.0,3.3769077349322423
117300.0,3.915111717690005
117350.0,4.751287267431871
117400.0,3.9734385552881815
117450.0,3.1272939978625396
117500.0,3.14980802115005
117550.0,2.603861034741764
117600.0,3.3672238882014227
117650.0,3.208816396626984
117700.0,3.84798248260712
117750.0,3.140845391735711
117800.0,3.5580985488368952
117850.0,3.321657331513258
117900.0,3.9591511993917297
117950.0,3.2073335614274576
118000.0,2.5028817436591075
118050.0,2.592410884201023
118100.0,2.8536614647684972
118150.0,3.229009012144609
118200.0,2.9679117150158096
118250.0,2.547250542683019
118300.0,3.299177928375496
118350.0,2.9255080093999943
118400.0,3.762354450441051
118450.0,3.259705675100918
118500.0,2.9227723153206813
118550.0,3.0462239178218256
118600.0,3.9487245386579275
118650.0,3.615549123597531
118700.0,3.654953530750696
118750.0,2.908154320873186
118800.0,3.8026574730664264
118850.0,3.142066054750979
118900.0,3.431862722254358
118950.0,3.0062061020891955
119000.0,3.163680942470555
119050.0,3.7169501799412603
119100.0,3.9623322456617083
119150.0,1.9097086651393134
119200.0,4.114107240639795
119250.0,4.033121129997547
119300.0,4.188103763250264
119350.0,2.7604354791300567
119400.0,3.087957455006825
119450.0,2.654145692210191
119500.0,2.8553255954439867
119550.0,3.495297325051745
119600.0,2.695922844167921
119650.0,2.798231528251742
119700.0,3.1531067569097107
119750.0,2.178029322798772
119800.0,2.6524277157963985
119850.0,1.73118402525024
119900.0,1.302917160625964
119950.0,1.7868416107507634
120000.0,2.443681291248037
120050.0,0.8178561102007321
120100.0,0.8371985687448279
120150.0,1.7903316075600368
120200.0,1.3020368365484474
120250.0,0.6852718643717924
120300.0,1.016711511694001
120350.0,1.513505387016552
120400.0,2.245058165482502
120450.0,2.7659527105476314
120500.0,1.9280564597701266
120550.0,3.199154035809304
120600.0,2.138430111912804
120650.0,3.227580025513247
120700.0,2.2958442036250357
120750.0,1.7461064518302947
120800.0,1.839671244905573
120850.0,1.972455379638814
120900.0,2.663247145436978
120950.0,2.8598230619358986
121000.0,2.2626271849278097
121050.0,3.5245134209971294
121100.0,3.3945518851928016
121150.0,0.5307511588514391
121200.0,2.3612063812750894
121250.0,2.2503533061385497
121300.0,3.4332034485678835
121350.0,3.764009944033658
121400.0,4.021504502669893
121450.0,2.8016058927016756
121500.0,3.196307282307845
121550.0,2.0710819236586793
121600.0,2.0023437141905687
121650.0,1.5619850675010003
121700.0,2.0842716809373165
121750.0,3.017877278863925
121800.0,3.5155364763202934
121850.0,2.927399895424659
121900.0,2.428881412717956
121950.0,2.020912186541822
122000.0,3.155089821483657
122050.0,1.520095867359333
122100.0,3.553899517318816
122150.0,2.5056705221635305
122200.0,2.487747043325998
122250.0,2.743638658511714
122300.0,2.7632224932796388
122350.0,2.1972252287988665
122400.0,2.4789673273471586
122450.0,2.241088173735819
122500.0,1.7257154030711377
122550.0,2.874661722204452
122600.0,1.5823377220634223
122650.0,2.0161803937541714
122700.0,0.9925193865544699
122750.0,2.0727986870421393
122800.0,1.9321753580961367
122850.0,0.8186561402659377
122900.0,1.3360387639871651
122950.0,0.8823221398332279
123000.0,1.9246546495565353
123050.0,1.4792518580692038
123100.0,0.7622323849259762
123150.0,1.8055733705831585
123200.0,1.6489960528132241
123250.0,2.991889700935173
123300.0,2.1106823292592356
123350.0,2.8876791408206297
123400.0,2.4182186866012816
123450.0,2.7108110775195335
123500.0,3.0754812746647424
123550.0,2.4861816691514704
123600.0,1.9525856224048515
123650.0,2.325399616646044
123700.0,3.184084942940239
123750.0,3.942866365370789
123800.0,3.237127278088717
123850.0,3.795071085997452
123900.0,3.0302460724821882
123950.0,3.845163325898567
124000.0,4.16120976024448
124050.0,3.480432024920479
124100.0,3.3115982604105905
124150.0,4.0667047838606845
124200.0,2.704233174116719
124250.0,2.9591037455330955
124300.0,4.019327509793742
124350.0,4.367575137583646
124400.0,3.64727312372055
124450.0,3.7417369048769484
124500.0,3.8321914100752252
124550.0,3.3172240397118933
124600.0,2.93295104322038
124650.0,3.722082402246752
124700.0,3.266955291713578
124750.0,3.5101405849780662
124800.0,3.0941378525067966
124850.0,3.310707469373176
124900.0,3.6339503728764617
124950.0,3.6784357233399656
125000.0,3.6585346419502547
125050.0,3.3035269174019635
125100.0,4.59914089473412
125150.0,3.9133581093387995
125200.0,3.669291266004685
125250.0,3.4117728435775065
125300.0,3.4565387484683052
125350.0,4.219608972884319
125400.0,3.1239721649605467
125450.0,3.1496998908641065
125500.0,2.891883287690399
125550.0,3.1604737281625375
125600.0,3.52666568008918
125650.0,3.211943533950004
125700.0,3.4399232128402093
125750.0,2.669870115975267
125800.0,3.3497576488760354
125850.0,3.769747369938232
125900.0,3.6292568965761838
125950.0,3.4309332207018013
126000.0,3.8600526938535453
126050.0,3.5783352072203716
126100.0,3.915684398400217
126150.0,3.021356032148748
126200.0,2.377119029886292
126250.0,2.7744730615149042
126300.0,3.381757167954221
126350.0,3.0232099427916057
126400.0,3.1761088036479936
126450.0,2.2643739070039524
126500.0,3.352297993490429
126550.0,3.5911101339326907
126600.0,3.1788979699696793
126650.0,2.9864020183818414
126700.0,3.3562774263899753
126750.0,2.3130267077294757
126800.0,2.2207664617001415
126850.0,2.953877266020526
126900.0,3.6787213127449294
126950.0,3.211946089319103
127000.0,2.7514886324008905
127050.0,2.555953742957366
127100.0,3.6554989083197422
127150.0,2.5090202492475893
127200.0,2.8532224690129397
127250.0,2.6893314367489576
127300.0,2.3268166389794356
127350.0,3.71490331839837
127400.0,3.5367499049512334
127450.0,1.9346782383420524
127500.0,2.9119531905058675
127550.0,3.577790640949334
127600.0,3.1160384023202083
127650.0,2.7290486717650024
127700.0,3.564308350230781
127750.0,3.713220786873992
127800.0,3.671334838098724
127850.0,3.9731499197807167
127900.0,3.9689882617971266
127950.0,3.689413304614004
128000.0,3.768371248413678
128050.0,3.1113965564557446
128100.0,4.073550523837325
128150.0,3.26491811559218
128200.0,3.3252061212684634
128250.0,2.5784093966034645
128300.0,3.850579930613825
128350.0,2.652056745909432
128400.0,3.1764897277327675
128450.0,2.868182821761838
128500.0,2.07619675579022
128550.0,2.398874357748793
128600.0,1.369595776269874
128650.0,3.2293348117578287
128700.0,2.4797992145150167
128750.0,3.248306839511517
128800.0,2.456763748610927
128850.0,2.7817601698126464
128900.0,1.786754849570253
128950.0,2.6652756528024906
129000.0,3.4810353293443352
129050.0,2.4230910404835604
129100.0,2.6261388857793064
129150.0,4.314496169223568
129200.0,3.1678061971858495
129250.0,1.5250529876121053
129300.0,2.577090130844334
129350.0,4.047096566541717
129400.0,1.662075381562984
129450.0,2.7012021068923655
129500.0,2.799749939797269
129550.0,1.9690633818719636
129600.0,0.3313633724601225
129650.0,2.11719168733049
129700.0,1.2471144318524572
129750.0,1.0572104372832574
129800.0,2.0340304362843082
129850.0,2.3046436178394876
129900.0,1.6789561434724627
129950.0,1.9323797688590332
130000.0,1.676840828165665
130050.0,1.4550918770398802
130100.0,3.055963185719954
130150.0,2.955823468464896
130200.0,3.2256630967866466
130250.0,3.7541430190052485
130300.0,3.6905005238075783
130350.0,4.110205577528519
130400.0,3.0843149630907463
130450.0,3.667859867596869
130500.0,4.202869728615372
130550.0,2.9428879443757263
130600.0,3.6396823643930114
130650.0,3.8095779753937826
130700.0,3.8410644323593477
130750.0,3.0008313642020448
130800.0,2.6856835294793586
130850.0,3.4478096202401582
130900.0,3.819686934341881
130950.0,3.1401590081064246
131000.0,3.2072714116311554
131050.0,3.4106555284108406
131100.0,3.475052289619418
131150.0,3.2485201539972905
131200.0,3.2423385243546563
131250.0,3.1127769093360174
131300.0,3.431472878033898
131350.0,4.579396132261973
131400.0,4.035158551023034
131450.0,2.580942690246482
131500.0,3.2346539272479573
131550.0,3.402515127358812
131600.0,3.639489060479088
131650.0,3.6818185795028793
131700.0,3.7157505719913364
131750.0,3.2659916552760166
131800.0,3.6606135244986486
131850.0,3.6907141406463566
131900.0,4.384164200127183
131950.0,4.193483322651615
132000.0,3.523986356408642
132050.0,3.719637718200882
132100.0,4.002360458470731
132150.0,3.2393041075397337
132200.0,4.020906152655855
132250.0,3.3022566571295786
132300.0,3.796857112389889
132350.0,3.38895090440578
132400.0,3.340909171263165
132450.0,3.4471566652435914
132500.0,2.169743564771125
132550.0,2.6170570624067406
132600.0,2.7918798926493595
132650.0,2.808803904371198
132700.0,2.7104203217085097
132750.0,3.709929550613913
132800.0,2.327763864086942
132850.0,2.650795243626426
132900.0,3.5169028385162893
132950.0,3.3787130445139857
133000.0,3.305450333983868
133050.0,3.7619280980882963
133100.0,3.929642269561626
133150.0,4.093337153047962
133200.0,3.3242867988452844
133250.0,3.694942015322136
133300.0,3.2734699422258813
133350.0,4.167614613808462
133400.0,4.209905179150621
133450.0,3.8480352954253796
133500.0,3.5018567000879415
133550.0,3.3291773186002587
133600.0,3.1425583601447085
133650.0,3.1056553874775434
133700.0,3.7509464707323117
133750.0,3.7247016363345495
133800.0,4.393121498532383
133850.0,4.049427798697711
133900.0,3.4098821620806783
133950.0,3.25602299754478
134000.0,2.789494875240425
134050.0,3.6230103519062022
134100.0,3.6243613240630466
134150.0,4.166556559906521
134200.0,2.944722782169946
134250.0,3.680824312272949
134300.0,2.1685193346549
134350.0,3.308803603517243
134400.0,3.4462100154383037
134450.0,3.883525686677902
134500.0,3.344799306014002
134550.0,2.910979491884743
134600.0,3.550629072308581
134650.0,3.6772394059216196
134700.0,3.2784434141987657
134750.0,3.0317487991687573
134800.0,3.5049799036191818
134850.0,3.3569939281547936
134900.0,3.7259855931239025
134950.0,3.4065477830069155
135000.0,3.604302364152584
135050.0,3.4160777215321043
135100.0,3.093961344089149
135150.0,3.295448849198557
135200.0,3.209610350545003
135250.0,3.107992141072866
135300.0,3.5060662343280504
135350.0,3.6651594848148012
135400.0,2.8672457791762396
135450.0,2.704552726515351
135500.0,2.2632262685623514
135550.0,2.1473182034696516
135600.0,2.850749485989535
135650.0,2.953520030316327
135700.0,2.7143143829788667
135750.0,3.652761942556593
135800.0,3.2282919160317904
135850.0,2.6566303656986623
135900.0,3.184381409467023
135950.0,2.5984787372738567
136000.0,2.9680622692405856
136050.0,3.0052479788622875
136100.0,3.636069452310795
136150.0,3.0129349816066466
136200.0,3.40214471244472
136250.0,2.877949550590749
136300.0,4.284083224390089
136350.0,3.204869911547781
136400.0,3.41657354873392
136450.0,3.460707796060898
136500.0,3.275868735143762
136550.0,3.4340372025096806
136600.0,3.434383725965706
136650.0,3.493158688541603
136700.0,3.2448247961599788
136750.0,2.657004241506107
136800.0,2.9002755038190204
136850.0,3.604521166874361
136900.0,3.031450298434624
136950.0,3.0279488619085573
137000.0,3.7653277761402353
137050.0,3.1002565713429413
137100.0,3.3536536531630645
137150.0,3.240076704650694
137200.0,2.4058460344818107
137250.0,3.2756332484163027
137300.0,2.6261940597115427
137350.0,2.647660157404109
137400.0,3.75383934481404
137450.0,2.4579075550069995
137500.0,4.0198738484547025
137550.0,4.2446526148713
137600.0,3.5057908767716057
137650.0,3.5722497603431442
137700.0,3.8779744711069175
137750.0,2.27380971771615
137800.0,3.4965273238518018
137850.0,3.3476703129286567
137900.0,2.0876037813171573
137950.0,3.9123498728682464
138000.0,3.1238741663508396
138050.0,3.3149016891371006
138100.0,3.2230873580047747
138150.0,1.9658092589314684
138200.0,3.80349967261154
138250.0,2.8520325388537953
138300.0,2.435916609368959
138350.0,2.91224708762586
138400.0,2.639640067451908
138450.0,3.437352752088639
138500.0,3.6962259801066852
138550.0,3.316217512944927
138600.0,3.5099412779580024
138650.0,3.3161112561187913
138700.0,3.2685746099005617
138750.0,3.129695519701699
138800.0,3.774585324182055
138850.0,3.053685512918384
138900.0,3.142624803493564
138950.0,2.971932605335256
139000.0,3.1895722995256164
139050.0,3.562609993507509
139100.0,3.0570598284895993
139150.0,2.304994094417776
139200.0,2.854291816174273
139250.0,2.4388059859027993
139300.0,2.4315842965459633
139350.0,3.3219734430240444
139400.0,2.9297780319408027
139450.0,3.1690709747340904
139500.0,3.284645790737551
139550.0,2.8195195869683225
139600.0,2.836017198221271
139650.0,3.0012976187420057
139700.0,2.8217860200228944
139750.0,2.509380673909837
139800.0,2.6283054349250787
139850.0,1.378726294047129
139900.0,3.0321730553439172
139950.0,3.524404023135671
140000.0,2.919129199476515
140050.0,2.558237676209969
140100.0,3.7086671179845543
140150.0,3.448839435367366
140200.0,2.1578005959493165
140250.0,3.681970889119299
140300.0,4.143364407791726
140350.0,2.723102977960784
140400.0,3.0674265997495778
140450.0,4.264983568775353
140500.0,3.836636992295473
140550.0,3.1496363780584433
140600.0,2.300973410251498
140650.0,2.6142272624490004
140700.0,2.0634412772886703
140750.0,3.3108731010928105
140800.0,2.5306878704141904
140850.0,2.732068027370947
140900.0,3.603884294322867
140950.0,3.80746355266146
141000.0,3.3521607315957285
141050.0,2.55227182174141
141100.0,2.6271860944626253
141150.0,2.203675357212437
141200.0,2.7524688491670166
141250.0,3.013338290640992
141300.0,2.5322137644956775
141350.0,3.61283763408949
141400.0,3.010828501087121
141450.0,2.0263521885842604
141500.0,2.940848831343802
141550.0,3.5390505449604275
141600.0,3.2290715610500227
141650.0,2.3878241468957406
141700.0,2.5392502352566084
141750.0,3.3889350267079763
141800.0,3.3222879821814946
141850.0,2.9986847596059603
141900.0,3.873049334972191
141950.0,3.729797366782182
142000.0,3.2370649404543355
142050.0,3.6120091176991154
142100.0,3.4666015869341718
142150.0,2.799478917822947
142200.0,3.3363010390889656
142250.0,3.148637486869629
142300.0,3.406550817694027
142350.0,2.9681630978262126
142400.0,3.548083454997872
142450.0,3.52224538453406
142500.0,3.781956518933294
142550.0,3.41333894202975
142600.0,3.0548656377934815
142650.0,2.765465836705907
142700.0,3.629780936871975
142750.0,3.7694709046410453
142800.0,3.6347470781410607
142850.0,3.290426257502911
142900.0,2.631613643500761
142950.0,2.6864251064075435
143000.0,3.565363566947553
143050.0,2.890137197019697
143100.0,2.8071455998091572
143150.0,2.618584254158556
143200.0,2.7537222794335103
143250.0,1.0257138687087348
143300.0,2.863476003251684
143350.0,3.0052788964031225
143400.0,3.1364479486013623
143450.0,3.9455286249683614
143500.0,3.94757624528327
143550.0,3.7415780056425523
143600.0,2.897667007706538
143650.0,3.795746466164431
143700.0,2.8184007273572416
143750.0,2.8238435597527136
143800.0,3.0937666893107547
143850.0,2.7995899270782147
143900.0,2.541908647604693
143950.0,3.739994746737427
144000.0,3.2170034802962064
144050.0,3.1310844585387287
144100.0,2.459303713016746
144150.0,3.272493666146475
144200.0,3.0514434745621384
144250.0,3.004930076868503
144300.0,3.558456882833432
144350.0,3.2710532897050557
144400.0,3.131975329429891
144450.0,3.113375140229838
144500.0,3.8913982065422563
144550.0,3.621624416689798
144600.0,3.235256653032888
144650.0,3.693591976498791
144700.0,3.0452078817547776
144750.0,3.2290872225413274
144800.0,3.462670846191464
144850.0,4.086683854967645
144900.0,3.284961632636228
144950.0,2.759562428387929
145000.0,3.2002020123619155
145050.0,4.044760915059487
145100.0,3.1087914501311484
145150.0,2.5209903206228
145200.0,2.9615192061342466
145250.0,2.246531169371355
145300.0,2.240201236006796
145350.0,3.4510251206793026
145400.0,3.5582007707067183
145450.0,3.497840616740617
145500.0,2.5547554989104877
145550.0,2.135297745756188
145600.0,3.0473750075578896
145650.0,2.7908578419444474
145700.0,2.6929182742549727
145750.0,3.219005061385686
145800.0,3.3469204349276036
145850.0,2.573032089088839
145900.0,2.923149164448017
145950.0,3.590496180687854
146000.0,3.546841052895364
146050.0,2.345847203632652
146100.0,2.5850534666002662
146150.0,2.842425755697722
146200.0,2.67648795868452
146250.0,2.6762065726102526
146300.0,2.8963899354621288
146350.0,3.1876005202097244
146400.0,3.480242985541089
146450.0,3.1710842514259756
146500.0,3.695509790916832
146550.0,3.2832861744085307
146600.0,3.029470392154754
146650.0,2.8806905300137013
146700.0,2.9607101717540933
146750.0,2.29034625638662
146800.0,2.636323152039011
146850.0,2.3435629847300556
146900.0,4.247254339865983
146950.0,3.731432938233192
147000.0,4.015012621264383
147050.0,3.1132764335972514
147100.0,2.799103046083204
147150.0,3.5974800369197553
147200.0,3.9341551897327514
147250.0,3.1345492307538994
147300.0,3.8472438274386476
147350.0,2.843398356743067
147400.0,2.271805414492043
147450.0,2.508102008221076
147500.0,2.913569645090539
147550.0,1.7317600307227747
147600.0,1.475565923200492
147650.0,2.6563333069512525
147700.0,3.1901214940050218
147750.0,2.4174567858399603
147800.0,3.16067619429291
147850.0,2.377938510957607
147900.0,2.6700364282564744
147950.0,3.010962744062622
148000.0,2.6957192593937847
148050.0,3.043896698415428
148100.0,2.3482934984363224
148150.0,2.687059649494448
148200.0,3.16660526926118
148250.0,2.3655235069223686
148300.0,3.3957269578550155
148350.0,3.34366654211568
148400.0,3.25359942046573
148450.0,2.5804282828126435
148500.0,3.104527215764446
148550.0,1.444853461752989
148600.0,2.8046738193947434
148650.0,2.781976411681791
148700.0,3.5283561855973855
148750.0,3.382555219003715
148800.0,2.123317903309466
148850.0,4.045551861251662
148900.0,2.6724697460334275
148950.0,3.2010114683003374
149000.0,3.3566360045944044
149050.0,2.890396492245235
149100.0,3.0319154527928767
149150.0,3.6248045980505683
149200.0,3.385705982335108
149250.0,3.4643292987598286
149300.0,3.926393760133759
149350.0,3.3444557807888105
149400.0,3.8646074426834867
149450.0,3.419440635765477
149500.0,3.0970600988872024
149550.0,2.997695889477512
149600.0,2.9075898137128293
149650.0,2.650525315530345
149700.0,2.6763754312931627
149750.0,3.2065650772699246
149800.0,2.9690722923403063
149850.0,2.131428213062481
149900.0,1.1713614968933048
149950.0,0.4809338101582533
150000.0,2.6852165751459527
150050.0,1.2759645722506718
150100.0,2.5784271757162887
150150.0,2.6160252981622563
150200.0,1.3519606959548545
150250.0,0.9914105902883786
150300.0,2.461722488899379
150350.0,0.6308723586490813
150400.0,1.5669701438012749
150450.0,2.6438364301498196
150500.0,2.9742358058085605
150550.0,3.242480970342544
150600.0,3.0985596265146507
150650.0,3.664931110398908
150700.0,3.318149299932825
150750.0,3.5373133349043835
150800.0,4.018131625096661
150850.0,3.614122295701066
150900.0,3.223988510131099
150950.0,3.4661331424518065
151000.0,4.080610740430521
151050.0,3.823127696447782
151100.0,2.680240825824002
151150.0,2.6853296997446483
151200.0,2.596728115441565
151250.0,3.7183054663942547
151300.0,3.099772802088179
151350.0,3.984983070558618
151400.0,2.646164314143589
151450.0,2.9716110319611397
151500.0,2.785781486081562
151550.0,3.053015859945467
151600.0,3.038915785646768
151650.0,3.356157653107374
151700.0,2.748834222230989
151750.0,4.1869055930898105
151800.0,3.5411852215734028
151850.0,3.2579432602734655
151900.0,4.137873812568686
151950.0,3.3679922001099247
152000.0,3.797920035268838
152050.0,2.8181726094608854
152100.0,3.8473602713738098
152150.0,3.5794521880217998
152200.0,3.2504450848395074
152250.0,3.2894364534719975
152300.0,3.6853239673285345
152350.0,2.754446994239588
152400.0,3.5634096961723345
152450.0,3.559468328660887
152500.0,3.659905091607979
152550.0,2.9356434074346662
152600.0,3.1272198848829116
152650.0,2.768460682107158
152700.0,2.7421330556883405
152750.0,3.0752055109175083
152800.0,2.71643074849813
152850.0,3.4208346377971397
152900.0,3.2646268604000244
152950.0,3.883414569536982
153000.0,3.0869549563790266
153050.0,2.9601684223432403
153100.0,2.892092916980569
153150.0,3.4375234862542685
153200.0,2.710738766475117
153250.0,3.240365708050135
153300.0,3.0536829215555668
153350.0,2.9706564951564736
153400.0,3.116614451361184
153450.0,0.7671359373831189
153500.0,2.8257024273231246
153550.0,2.5920976558789564
153600.0,3.6020817061564374
153650.0,2.9302031223431357
153700.0,3.2913350104673067
153750.0,3.7526246914155483
153800.0,3.5786276696450536
153850.0,3.760863765771134
153900.0,4.048876815088583
153950.0,2.9621905876249803
154000.0,3.944842950095291
154050.0,2.6418755094254194
154100.0,3.6908095479233958
154150.0,2.649637326168126
154200.0,1.9758749004818217
154250.0,3.5372530987908535
154300.0,2.655614065653561
154350.0,2.2412898287574006
154400.0,2.5143362005829015
154450.0,2.5890911048170744
154500.0,2.8426405137443047
154550.0,2.9189342173726227
154600.0,3.2995304000125185
154650.0,1.9328965014999502
154700.0,2.486558572034359
154750.0,1.8374132582887335
154800.0,2.2073972180005303
154850.0,1.9993473536951054
154900.0,2.0402213040241577
154950.0,0.7017820595434385
155000.0,0.612616483897858
155050.0,0.8431455372678448
155100.0,0.7112649979763794
155150.0,3.4775257101481603
155200.0,1.6379520962878444
155250.0,1.753621799738476
155300.0,3.163935504301053
155350.0,2.8860673280798776
155400.0,3.256286316777687
155450.0,2.8933535891920994
155500.0,4.476389409902045
155550.0,3.8064522617332632
155600.0,3.3192451800178637
155650.0,3.7637352157255015
155700.0,2.9561628203821275
155750.0,3.3844649381411513
155800.0,3.49126321180655
155850.0,3.044833771881941
155900.0,3.3989385792649203
155950.0,3.1470744432395668
156000.0,3.8034051640208015
156050.0,3.3499842018802397
156100.0,4.285099228344862
156150.0,4.102170204239086
156200.0,3.4102620276477373
156250.0,2.941239814662388
156300.0,3.3006813252298524
156350.0,3.9529469350682507
156400.0,3.7498250756811884
156450.0,3.258676414235619
156500.0,3.731391430405239
156550.0,3.515109235606627
156600.0,4.310465101034367
156650.0,3.009483324489545
156700.0,3.247304343311075
156750.0,3.700959146681003
156800.0,3.660954044842657
156850.0,4.071387843047917
156900.0,3.790068877711792
156950.0,3.09555861798405
157000.0,3.864207881875333
157050.0,3.2352549489932434
157100.0,2.360846599741052
157150.0,3.1767283220450375
157200.0,2.764307092968775
157250.0,3.4553275798561645
157300.0,2.593892785398869
157350.0,3.656400043668665
157400.0,4.0345262380286355
157450.0,3.758013379835809
157500.0,3.4094561826207688
157550.0,3.6951436796706423
157600.0,3.1239215971360483
157650.0,3.4007808408040185
157700.0,3.9895473539004884
157750.0,3.666511050954343
157800.0,3.363894292998322
157850.0,4.043425136911217
157900.0,3.2753891542783515
157950.0,3.4333919962614408
158000.0,4.207922490402053
158050.0,2.91885069503387
158100.0,2.9690711051739367
158150.0,3.5821485382492853
158200.0,4.238358981144994
158250.0,3.3862348878538846
158300.0,4.0252432465597225
158350.0,3.5336391314767774
158400.0,3.5607582964891398
158450.0,4.572324346193897
158500.0,3.9912286974724314
158550.0,3.3114490128695584
158600.0,2.273782809097909
158650.0,1.8713872461972365
158700.0,0.9364287792792964
158750.0,2.2864807072681357
158800.0,1.583095512986073
158850.0,1.852213579657763
158900.0,1.883528697915441
158950.0,2.1118726908155407
159000.0,1.8647187556436216
159050.0,0.4483309229505171
159100.0,3.677780253135554
159150.0,1.7929574516283764
159200.0,0.9461471586442949
159250.0,4.063567838925872
159300.0,2.2195670109524217
159350.0,3.519742606031039
159400.0,3.6018601079466315
159450.0,2.917497129727431
159500.0,3.3169997660740043
159550.0,3.8088028736780783
159600.0,3.1845557624359744
159650.0,3.063129473346518
159700.0,3.9344871188740247
159750.0,3.070532612785363
159800.0,3.2250560345248998
159850.0,3.276719683210266
159900.0,2.8748890746931792
159950.0,3.8138940498539196
160000.0,2.436268938050499
160050.0,3.45481107203754
160100.0,2.726481520785173
160150.0,3.680287837093305
160200.0,3.0594451231709163
160250.0,3.6100517349613845
160300.0,3.9562865727148693
160350.0,4.043804466772582
160400.0,3.645737397131509
160450.0,3.5957475324898795
160500.0,3.0793626774968947
160550.0,2.969391290221519
160600.0,2.6522793933247293
160650.0,3.2952829066509044
160700.0,3.4620653508507795
160750.0,2.820405427727605
160800.0,3.1707883303499322
160850.0,4.407957763788713
160900.0,4.4804277999202355
160950.0,3.822000367257667
161000.0,4.161860561253271
161050.0,3.8508838509006704
161100.0,4.2574178142771535
161150.0,4.259073077089479
161200.0,4.148687168073161
161250.0,3.8908223320017044
161300.0,3.7187898185094936
161350.0,4.038449875344855
161400.0,4.2487768262947485
161450.0,4.85334811833753
161500.0,3.6374277437302265
161550.0,3.8027883960306332
161600.0,3.728348033904844
161650.0,3.9711522172938074
161700.0,4.713530615025386
161750.0,4.519002984742586
161800.0,3.70139016630618
161850.0,3.789929216280758
161900.0,2.9814245175695655
161950.0,4.498053698302866
162000.0,4.4500310743314735
162050.0,4.791084650633358
162100.0,5.12434737859727
162150.0,4.463754170079392
162200.0,4.593710340763041
162250.0,4.450886485753837
162300.0,4.892944357554532
162350.0,3.1586030223829464
162400.0,3.96689643562353
162450.0,4.351950305674987
162500.0,4.690724649633508
162550.0,4.442081773400619
162600.0,4.318157275986159
162650.0,3.9159943967635455
162700.0,4.445064258089963
162750.0,4.81290645066407
162800.0,5.227645006257104
162850.0,5.079549527058707
162900.0,4.181636886609774
162950.0,5.291057428489774
163000.0,4.857407616462071
163050.0,5.0296044232448205
163100.0,3.891284475987507
163150.0,4.062646648871806
163200.0,4.1008787517919645
163250.0,4.480374976547462
163300.0,3.311555899883444
163350.0,3.0315325773390174
163400.0,3.9418261878321617
163450.0,4.419105127810916
163500.0,4.853318211214728
163550.0,4.369505571558809
163600.0,3.6128259295076677
163650.0,4.706609666678238
163700.0,4.2257057768834
163750.0,3.5776281574633444
163800.0,2.5781181066466865
163850.0,3.4547647730163726
163900.0,3.594911307778656
163950.0,3.8396941862032428
164000.0,3.6477673220990408
164050.0,3.644839762873764
164100.0,4.186180273913357
164150.0,3.18755551374834
164200.0,2.793952492300774
164250.0,3.2826984702905615
164300.0,3.041986981089057
164350.0,3.7824574082792037
164400.0,4.32867128208854
164450.0,3.484891982303116
164500.0,3.3386523971668494
164550.0,3.6483834980026266
164600.0,3.899818499525822
164650.0,3.200905008613164
164700.0,3.086839425164124
164750.0,3.5654408802688256
164800.0,3.623254270522785
164850.0,3.83552827263262
164900.0,3.434604525844477
164950.0,3.5563598101041394
165000.0,2.7697267186858405
165050.0,2.3303379812533804
165100.0,2.2876391826051945
165150.0,3.2200290361183295
165200.0,2.777944347096835
165250.0,3.747386858908268
165300.0,3.5485654996252673
165350.0,3.2701363748067647
165400.0,3.4717582034482204
165450.0,3.519784156516191
165500.0,3.877655231215874
165550.0,3.7801290233762965
165600.0,3.819163641323752
165650.0,4.022444751619805
165700.0,3.4014818144428096
165750.0,3.6496818023415165
165800.0,3.5323345308153113
165850.0,4.148467962386085
165900.0,4.303454060613982
165950.0,3.8814045831549997
166000.0,4.052663198176104
166050.0,4.498550160800207
166100.0,4.2680180629963465
166150.0,4.695081354154206
166200.0,3.944425545026061
166250.0,3.8275442659799093
166300.0,4.041643196422594
166350.0,3.673170739633299
166400.0,3.909833713911762
166450.0,3.7069249346803486
166500.0,4.480301539969477
166550.0,3.684426519320779
166600.0,4.049370732159076
166650.0,4.783911710926274
166700.0,4.392093762204856
166750.0,4.091589141506248
166800.0,3.4296630048847994
166850.0,3.2348437764218656
166900.0,4.0539618645615345
166950.0,3.2227432071682616
167000.0,3.7292431257317795
167050.0,4.502950912343541
167100.0,3.8992689795479096
167150.0,4.477876976925181
167200.0,4.828465777315293
167250.0,3.973838226404734
167300.0,4.202104839603043
167350.0,4.305413275012643
167400.0,4.05598116405326
167450.0,3.541412476903725
167500.0,3.4118907552924
167550.0,3.2134386287067804
167600.0,3.7651287503698443
167650.0,3.9029957628348027
167700.0,4.803602481338578
167750.0,4.313016256471097
167800.0,4.268042018559358
167850.0,4.157307469453917
167900.0,3.1304471690430846
167950.0,4.463072701093467
168000.0,3.4704577545903774
168050.0,4.297917786820753
168100.0,4.123918964574611
168150.0,4.267338320998677
168200.0,4.795111608390577
168250.0,4.724119380208572
168300.0,4.268922740834255
168350.0,4.388916692177497
168400.0,3.794008065161779
168450.0,4.544732761565383
168500.0,4.630723444735225
168550.0,3.7768074443980546
168600.0,4.431365996614387
168650.0,3.721839485262125
168700.0,4.423935026993087
168750.0,3.7618221997088632
168800.0,4.3709516558429105
168850.0,3.8228900482442363
168900.0,2.6566335310239166
168950.0,2.8223731602579467
169000.0,3.355966037438353
169050.0,3.6950110172841195
169100.0,3.6459975660119786
169150.0,3.623711417325083
169200.0,4.80833575478393
169250.0,4.668416942398922
169300.0,4.656566097314524
169350.0,3.772116856926205
169400.0,4.373613833140148
169450.0,4.672769938067084
169500.0,4.7215856145326605
169550.0,4.711879674908202
169600.0,4.166266727592313
169650.0,3.85275386382818
169700.0,3.041890048704553
169750.0,2.856727346395029
169800.0,4.13662961534936
169850.0,3.5085724286535265
169900.0,3.1524263871639495
169950.0,3.8786564480902004
170000.0,4.067785700148832
170050.0,4.130992955142512
170100.0,4.008416073735517
170150.0,4.350929991483597
170200.0,3.51143936075949
170250.0,3.0384986683829367
170300.0,3.27432101088104
170350.0,3.1737827136209655
170400.0,3.7158322336799046
170450.0,4.403281216737611
170500.0,3.6649817447855475
170550.0,3.597916765812534
170600.0,3.0202324521376482
170650.0,4.277264973592934
170700.0,4.153226459126285
170750.0,4.1723620440127425
170800.0,3.613683912533255
170850.0,4.0459930807935836
170900.0,4.297093429109779
170950.0,3.763402735090972
171000.0,3.238271328397501
171050.0,4.211360192293948
171100.0,4.065736945850283
171150.0,4.407504483992395
171200.0,3.617031595928173
171250.0,4.663648599729785
171300.0,3.0120738360788075
171350.0,2.7448299701338335
171400.0,2.9041521730788347
171450.0,4.8404192902116465
171500.0,3.663848018116556
171550.0,2.7096290807587726
171600.0,3.5680514632671456
171650.0,4.051886467403755
171700.0,4.382029019354058
171750.0,4.338883206876881
171800.0,3.823528048663614
171850.0,3.6114899487181242
171900.0,3.179886578156306
171950.0,3.942916776099802
172000.0,4.278155652830649
172050.0,4.685520276605333
172100.0,4.037800035796349
172150.0,4.403202272866263
172200.0,3.9077100275368304
172250.0,4.025097079606809
172300.0,4.283212892574467
172350.0,3.9765046928374495
172400.0,4.398420903958431
172450.0,3.8190061081153606
172500.0,3.841599426172461
172550.0,2.8291505219470827
172600.0,3.4380536818852163
172650.0,3.913336853815934
172700.0,4.352780366004976
172750.0,3.8796018439466464
172800.0,3.6892256704345217
172850.0,3.481792717377905
172900.0,4.465925940253829
172950.0,4.80922004197632
173000.0,4.427559696535311
173050.0,4.4416178530865364
173100.0,4.451987607968945
173150.0,3.721571956469442
173200.0,4.8872256466101
173250.0,3.3957177470125304
173300.0,4.055321309154754
173350.0,4.545392112142533
173400.0,4.020509742954065
173450.0,3.573498079672425
173500.0,3.5872257668567937
173550.0,3.964177414377005
173600.0,4.8237441087378805
173650.0,4.338813999755455
173700.0,4.455385703231976
173750.0,4.595070080646203
173800.0,4.3523989984431095
173850.0,3.7506273824160106
173900.0,4.443804432040491
173950.0,3.5493403605816316
174000.0,3.8547742488101804
174050.0,3.8032851930019347
174100.0,4.259423963619273
174150.0,4.320519213029686
174200.0,4.503252805550353
174250.0,4.797770273488787
174300.0,3.8777542450087723
174350.0,4.04629368713924
174400.0,3.3589976468703684
174450.0,2.8228669304322405
174500.0,2.6588313783939155
174550.0,3.8522805907882294
174600.0,3.0656931167204333
174650.0,4.1437174588403165
174700.0,3.3526662691177935
174750.0,4.29512339334007
174800.0,2.617244145850025
174850.0,4.090229248490371
174900.0,4.154197848641482
174950.0,3.7805097936611607
175000.0,2.155268924516239
175050.0,4.351022594708279
175100.0,4.292887698637768
175150.0,3.450590748065508
175200.0,4.018852710890167
175250.0,4.073768631510212
175300.0,3.407726339774966
175350.0,4.535127259551033
175400.0,3.4586418793963984
175450.0,3.7722382900553395
175500.0,4.093210950468299
175550.0,4.3266614628502875
175600.0,3.8831697458930288
175650.0,3.8635088955157326
175700.0,3.551744548845142
175750.0,3.7265157221604364
175800.0,4.049936409157275
175850.0,3.676313710108684
175900.0,3.6788858676006417
175950.0,3.783675882393653
176000.0,4.129551777384052
176050.0,3.472142972564423
176100.0,3.8709967488368644
176150.0,3.937005822940663
176200.0,4.5552391406551225
176250.0,3.6663062476419035
176300.0,3.8189131599697235
176350.0,3.1366844487573244
176400.0,4.0161295349710455
176450.0,3.866432334727926
176500.0,3.67469746243723
176550.0,4.090124121094609
176600.0,3.4920757436367595
176650.0,3.4961274775846745
176700.0,3.179432875248095
176750.0,3.3444550339197407
176800.0,4.320056462804421
176850.0,3.5192156637519343
176900.0,3.513358743090357
176950.0,3.8910895838348383
177000.0,3.8196599171853682
177050.0,3.798077729155529
177100.0,3.0995795677387967
177150.0,4.016527580126713
177200.0,3.171907854664106
177250.0,3.6758964294378713
177300.0,3.9475819091824116
177350.0,2.833602318002838
177400.0,3.377761928707594
177450.0,3.7286084595921376
177500.0,3.165645180461625
177550.0,3.365051757054733
177600.0,3.854528879949748
177650.0,3.2921231695382684
177700.0,3.1905183027869732
177750.0,3.009667912413092
177800.0,3.067913072257186
177850.0,2.6235267722319735
177900.0,4.204103899717522
177950.0,3.2964205459152076
178000.0,3.2924296039807235
178050.0,3.4092258297288422
178100.0,3.913270234266957
178150.0,4.224735793301036
178200.0,4.490217954450358
178250.0,3.8423533611415035
178300.0,4.390116037910657
178350.0,3.5373146018265658
178400.0,3.199423411881503
178450.0,4.120910037007397
178500.0,4.018756082629998
178550.0,3.722285105778752
178600.0,4.40957829888209
178650.0,3.5590620395505224
178700.0,3.147632741642735
178750.0,3.2681008860689893
178800.0,3.4340929453565416
178850.0,3.1935556581525373
178900.0,4.1108618552432725
178950.0,3.5023670253561336
179000.0,3.576616453714821
179050.0,3.7223746483266877
179100.0,4.291980804347038
179150.0,3.739704775659904
179200.0,4.405382446593332
179250.0,3.1282071082228367
179300.0,3.4999558556123316
179350.0,3.6980677484369395
179400.0,4.0926370814742485
179450.0,4.033133337777125
179500.0,4.277909026580499
179550.0,3.8782859280313717
179600.0,3.990014509975996
179650.0,4.61040099412981
179700.0,4.232649208682687
179750.0,3.8172767630903213
179800.0,4.075033440765995
179850.0,3.421516887834003
179900.0,4.227031540955847
179950.0,4.387549179458083
180000.0,4.111762287426218
180050.0,5.048136550193871
180100.0,3.490286007944309
180150.0,3.6244036345243287
180200.0,3.573472460512724
180250.0,3.777539343438624
180300.0,3.9335855996292817
180350.0,4.260479107994338
180400.0,3.2526578281225267
180450.0,3.744543367262238
180500.0,4.015580654706466
180550.0,4.172650870404982
180600.0,3.6898767292621484
180650.0,4.039145360763591
180700.0,3.96603270466238
180750.0,3.871650287953318
180800.0,3.2147335491508233
180850.0,4.069811773051099
180900.0,3.6681054853409676
180950.0,3.3663909780630097
181000.0,3.5775096871381966
181050.0,3.991851278120207
181100.0,3.2950553349942204
181150.0,3.594911476290185
181200.0,3.3729653643562476
181250.0,3.533525340738037
181300.0,3.5811463098914498
181350.0,3.8279768366629106
181400.0,3.6646653821765525
181450.0,3.937484686156192
181500.0,4.260925236912475
181550.0,3.4982987573332656
181600.0,2.9069548960363036
181650.0,3.7668687707034683
181700.0,3.438748243719461
181750.0,4.109522295291223
181800.0,3.713402412047666
181850.0,3.619653666252689
181900.0,3.448331973887646
181950.0,3.696403853279781
182000.0,3.67593377573352
182050.0,4.17340379109413
182100.0,4.851924155582664
182150.0,4.812077226576666
182200.0,4.9125745480555825
182250.0,3.711320781606329
182300.0,3.2887382323298087
182350.0,4.317795738253945
182400.0,4.145529390588542
182450.0,3.9562741895205464
182500.0,4.097082037195285
182550.0,3.9553629006303597
182600.0,3.7709004107568425
182650.0,3.276474858751448
182700.0,3.7986558126956975
182750.0,3.307897004101874
182800.0,3.107488852103703
182850.0,3.523305650337083
182900.0,3.9596222791798277
182950.0,3.2672451867390233
183000.0,3.280945248126125
183050.0,2.8712691400544745
183100.0,3.505396035279018
183150.0,4.203877465178778
183200.0,4.963193180284221
183250.0,3.048224224510969
183300.0,2.0318705489961983
183350.0,1.6649906027601353
183400.0,1.8405673379783623
183450.0,2.1363749180640133
183500.0,2.7908019900588257
183550.0,3.5518412360093246
183600.0,3.744446196619816
183650.0,2.811862996987447
183700.0,1.721769859479282
183750.0,3.4826118796334846
183800.0,2.885148655388869
183850.0,1.7822743439719788
183900.0,2.98263370595243
183950.0,2.6171897737969
184000.0,1.7399108960454048
184050.0,2.181554345883189
184100.0,3.170865194869439
184150.0,3.35050456697802
184200.0,3.449071513530455
184250.0,3.4645348822144344
184300.0,3.6256405507313203
184350.0,3.267738248848156
184400.0,4.10751794310994
184450.0,3.7964961278956197
184500.0,3.6814414203416863
184550.0,3.967920868731607
184600.0,1.040864014819584
184650.0,0.4438441148511956
184700.0,0.3534155158885452
184750.0,0.48774568756749803
184800.0,0.2747676575810299
184850.0,0.4750775051162596
184900.0,0.434853564678892
184950.0,0.5033887392289924
185000.0,0.8215808702671975
185050.0,0.4230850737705529
185100.0,0.29966740802123354
185150.0,0.4855937006128234
185200.0,1.6776444260717394
185250.0,0.8377939957716841
185300.0,1.4960604241153952
185350.0,0.9211923916280753
185400.0,0.691444084430427
185450.0,1.5105252728051886
185500.0,0.3544018673857576
185550.0,1.8176369973580064
185600.0,4.171961797219386
185650.0,3.2509245539287317
185700.0,4.479573884523626
185750.0,4.1949242669835645
185800.0,4.002859584237354
185850.0,4.5800761224016355
185900.0,4.564272425353426
185950.0,5.325566120845622
186000.0,3.8153610638647324
186050.0,3.399102853334482
186100.0,4.095189955783385
186150.0,3.973275325110235
186200.0,4.753624761531731
186250.0,4.481303671119442
186300.0,4.35957680249643
186350.0,4.797771787038873
186400.0,4.568271004049138
186450.0,3.744583910255193
186500.0,3.6996332483815513
186550.0,3.87882305976552
186600.0,3.617265355036557
186650.0,4.082876543760404
186700.0,3.9970718736656385
186750.0,3.307714373161356
186800.0,3.1116048434173327
186850.0,3.180944745304931
186900.0,4.2121386364595805
186950.0,3.6611742989561322
187000.0,3.9296778493037703
187050.0,3.842928942420594
187100.0,3.4462845434720113
187150.0,3.751399475191396
187200.0,3.93717862962437
187250.0,3.7635076702656964
187300.0,4.405563777045642
187350.0,4.506494857252153
187400.0,3.7684079730210476
187450.0,3.5320955349255168
187500.0,4.397962089585979
187550.0,4.120401520656088
187600.0,3.497226756883935
187650.0,4.212089153236355
187700.0,4.051368711175747
187750.0,4.502055118829424
187800.0,3.9849441340680243
187850.0,3.616679985155038
187900.0,3.812504727523907
187950.0,4.186476488434599
188000.0,3.4610144311107582
188050.0,4.077708517856357
188100.0,4.514063895380002
188150.0,3.6156061473220054
188200.0,4.136506526742262
188250.0,3.9311817265895352
188300.0,3.2717714855411373
188350.0,3.815048963404545
188400.0,3.665773178502492
188450.0,4.134016407381437
188500.0,3.7668262165302155
188550.0,3.22939432707395
188600.0,3.345578161436656
188650.0,3.950454737505403
188700.0,4.47761047840775
188750.0,3.584271006079951
188800.0,3.657432081387405
188850.0,3.4305075694228666
188900.0,4.2880061554978575
188950.0,3.9102186297011294
189000.0,3.1473803630051918
189050.0,3.57828092804746
189100.0,3.4001446529379873
189150.0,3.6723429144209025
189200.0,4.1687652724924495
189250.0,4.9998880004576
189300.0,3.9662199024200784
189350.0,4.186106667900835
189400.0,3.9213990280212014
189450.0,3.799589442916147
189500.0,3.3465470581684813
189550.0,4.328898383567878
189600.0,4.079568996108446
189650.0,3.8324644593002852
189700.0,3.867504077953125
189750.0,4.49075525673893
189800.0,3.7480926399316474
189850.0,3.697944076527319
189900.0,3.8147170235660917
189950.0,3.942395630445703
190000.0,3.9058643106520035
190050.0,4.017088572360638
190100.0,5.129144083048243
190150.0,5.0512272418875535
190200.0,4.091427276344863
190250.0,4.0911718224138065
190300.0,3.723729797906868
190350.0,2.1405355842160616
190400.0,3.742587978478328
190450.0,2.9797610183270837
190500.0,3.8903943400860226
190550.0,3.2358124042235104
190600.0,4.31682965931278
190650.0,3.787057981377076
190700.0,3.797920799022687
190750.0,4.332586379559455
190800.0,3.548759148599029
190850.0,3.823154413707439
190900.0,3.2549192755539904
190950.0,4.166890843664594
191000.0,4.493640277318614
191050.0,4.167008956973532
191100.0,4.134476211015252
191150.0,3.9243105275278207
191200.0,3.8885070936809796
191250.0,4.06558671496926
191300.0,2.4012237734917807
191350.0,3.377867415272009
191400.0,3.552984775483843
191450.0,3.1745532359243276
191500.0,3.378594791916138
191550.0,3.130492778173674
191600.0,3.2118194671532114
191650.0,3.014963535582446
191700.0,3.2246850403787026
191750.0,4.683693782816936
191800.0,5.051265058337564
191850.0,3.28136727841425
191900.0,3.538926496943711
191950.0,4.49453871213492
192000.0,3.140283605809213
192050.0,3.1649615360531556
192100.0,4.294424431178088
192150.0,3.334620933670894
192200.0,3.7389909474497025
192250.0,3.7096777866056696
192300.0,3.8642493826152444
192350.0,5.027463532350105
192400.0,3.818913025319186
192450.0,4.06294099206788
192500.0,4.26638966646726
192550.0,4.088723911356196
192600.0,2.6051287493692894
192650.0,3.1787378687944714
192700.0,2.320559251401423
192750.0,3.1411621368081004
192800.0,3.6630321841515268
192850.0,3.391163971068778
192900.0,3.827505678142655
192950.0,3.2974847527482427
193000.0,2.9906514272793756
193050.0,3.6022463652272063
193100.0,3.79543449236903
193150.0,3.5452090155766043
193200.0,3.2607687403028134
193250.0,3.010084502601569
193300.0,3.6191841496003363
193350.0,3.3659144626249238
193400.0,3.91939741719483
193450.0,4.255266736790606
193500.0,3.3615737236004515
193550.0,3.282984518309533
193600.0,2.485035460316224
193650.0,3.6464505860991396
193700.0,4.33144062278241
193750.0,1.9628793920772736
193800.0,1.6711974578152606
193850.0,2.936136204778966
193900.0,2.043179103064104
193950.0,1.4414917308370332
194000.0,2.3376851961854848
194050.0,1.3062926643414239
194100.0,0.6526115304786901
194150.0,2.794221107450689
194200.0,2.9757321907295142
194250.0,2.711897387259505
194300.0,1.6532685050815439
194350.0,2.0489494110324196
194400.0,2.893803381939923
194450.0,3.0702562793130914
194500.0,3.2204782924515474
194550.0,3.9574059866245515
194600.0,1.800303733640483
194650.0,2.345843183793201
194700.0,3.9221151993960643
194750.0,2.2388611534780876
194800.0,3.522115518611595
194850.0,1.8184297104808957
194900.0,3.6491534064937374
194950.0,3.935248760814857
195000.0,2.8225853825155607
195050.0,3.5276791109306718
195100.0,3.83901721021609
195150.0,4.27127328546638
195200.0,4.0722694105981585
195250.0,3.142829461875699
195300.0,3.2198121199714445
195350.0,4.054501825070567
195400.0,3.19721621449628
195450.0,3.285923765875987
195500.0,2.9377009977407536
195550.0,3.672135628640489
195600.0,4.222818372525576
195650.0,4.16198064383776
195700.0,4.479572392225908
195750.0,3.614661923722763
195800.0,4.265279335454327
195850.0,4.254804389665172
195900.0,4.504841338317579
195950.0,4.155009686292681
196000.0,3.825844565110752
196050.0,4.0410524712131854
196100.0,2.9467271987930856
196150.0,3.6498476794184223
196200.0,4.375316307276091
196250.0,3.0860473294371165
196300.0,3.7152266294387726
196350.0,3.644461428779875
196400.0,3.6395323081914954
196450.0,3.7319783104145197
196500.0,3.571525211599018
196550.0,3.326510426200383
196600.0,3.8391929922881527
196650.0,3.961383769320193
196700.0,4.320405655649422
196750.0,3.74867940696231
196800.0,2.3891028146529214
196850.0,2.1635388821144046
196900.0,1.8552935328563747
196950.0,2.708299199134705
197000.0,3.060243617820812
197050.0,2.9722897528967525
197100.0,2.1483448964512677
197150.0,3.2548718649090116
197200.0,3.126495504462779
197250.0,3.194302827956295
197300.0,2.4860804883376533
197350.0,3.070469324481007
197400.0,3.7758969942210494
197450.0,3.4759748643199955
197500.0,1.9384037018090796
197550.0,2.028989673872904
197600.0,1.157324817170493
197650.0,1.6435643646696898
197700.0,1.879096388684427
197750.0,2.642080326014172
197800.0,1.850322038826052
197850.0,1.9959201237857578
197900.0,1.1035411266475736
197950.0,1.9548899416187928
198000.0,1.3556548503398698
198050.0,1.911516227276912
198100.0,1.0339799773512002
198150.0,0.742766733266913
198200.0,1.7720324882643932
198250.0,0.8563864192160651
198300.0,1.8737392880854646
198350.0,1.1386387967100557
198400.0,1.8438554831170546
198450.0,0.5717489348531654
198500.0,1.2459924870838173
198550.0,2.1088566731589915
198600.0,1.4193314851277787
198650.0,1.90108429337766
198700.0,1.676965807319418
198750.0,1.370585734326735
198800.0,1.8063745167265455
198850.0,1.3813015580175816
198900.0,1.0682263442856486
198950.0,1.3404843585182022
199000.0,0.9053716362289581
199050.0,0.672386231310841
199100.0,2.4103304890496506
199150.0,3.7420017001950936
199200.0,2.1083125601335593
199250.0,2.5692606896508043
199300.0,2.551193080270677
199350.0,4.039811799607387
199400.0,4.23971660387135
199450.0,4.264315413958259
199500.0,3.93491356412444
199550.0,4.45839410515041
199600.0,3.268548324286609
199650.0,3.0988525097926556
199700.0,2.008854250812343
199750.0,3.673074502386332
199800.0,0.9047595738787965
199850.0,1.1539903886724459
199900.0,0.825223689433625
199950.0,1.4235172778913787
200000.0,1.7224085848141757
200050.0,3.2047584302250924
200100.0,2.8825112843410126
200150.0,3.452212162826277
200200.0,1.478714856128821
200250.0,1.3545797843777996
200300.0,1.7057528089581075
200350.0,2.2494608281512023
200400.0,2.569765414208546
200450.0,2.2264972879735216
200500.0,1.1271613542552643
200550.0,1.6204005087869198
200600.0,2.330751970617609
200650.0,2.7826040215955326
200700.0,3.077173967736301
200750.0,2.0969711775606235
200800.0,2.334048500047905
200850.0,2.297492236111683
200900.0,2.0479466436741154
200950.0,1.880449681174292
201000.0,3.0508517787613467
201050.0,2.3228217512537435
201100.0,0.9064762059493786
201150.0,0.8751555752546356
201200.0,0.8832887974809355
201250.0,2.055524569576259
201300.0,2.3126797821336216
201350.0,0.3661962101542618
201400.0,0.46872191654216816
201450.0,3.4358529279395045
201500.0,1.8630564641144145
201550.0,3.384447053858398
201600.0,2.4287639975258166
201650.0,2.3307254235049926
201700.0,1.751339463669183
201750.0,0.9341310022551127
201800.0,2.6186441538711853
201850.0,3.1261663058011235
201900.0,4.191574725402859
201950.0,3.6836097473667335
202000.0,3.761502870561363
202050.0,3.390967729125446
202100.0,2.051995597319215
202150.0,3.8369484709547343
202200.0,3.4406210551678207
202250.0,1.9651421097246011
202300.0,1.3587068491096614
202350.0,1.5741333384494154
202400.0,2.2811604106809127
202450.0,2.868445593151269
202500.0,3.8180858162097766
202550.0,3.9534663907374337
202600.0,4.11087312766103
202650.0,3.5549527343554987
202700.0,3.8345488019052083
202750.0,2.9526424617176965
202800.0,3.098613113276902
202850.0,4.045216297079933
202900.0,3.530097446560715
202950.0,3.199154463644188
203000.0,2.8431851495251785
203050.0,4.2141406000191655
203100.0,2.927027681142232
203150.0,2.598324882234768
203200.0,2.254283656256582
203250.0,2.7644378212102265
203300.0,3.534642018021394
203350.0,4.274363337712972
203400.0,2.9196225149649706
203450.0,1.9426494738332278
203500.0,3.2184161576067374
203550.0,2.5712665835948822
203600.0,4.040965981151957
203650.0,2.5233710856297775
203700.0,3.09799753992632
203750.0,3.278549560287692
203800.0,3.903715985504905
203850.0,3.994006071620703
203900.0,3.7105922943900245
203950.0,3.5746615069035337
204000.0,3.443226273221715
204050.0,3.6220180399925126
204100.0,4.235020608864356
204150.0,3.839921103306494
204200.0,3.4848405085105223
204250.0,2.8645054612437693
204300.0,3.2885421291752626
204350.0,3.584255244365592
204400.0,3.6090698595200807
204450.0,3.217591519187507
204500.0,2.713245443418338
204550.0,3.6759342912832427
204600.0,3.4051872504469904
204650.0,3.8068743137962584
204700.0,4.009260881001523
204750.0,3.411009110851658
204800.0,3.8241461313650142
204850.0,2.9189890760270836
204900.0,2.866512010649798
204950.0,3.641879335205436
205000.0,3.12872289423179
205050.0,3.3167577308435776
205100.0,4.034922728149619
205150.0,4.415979899516947
205200.0,4.267342045107705
205250.0,2.8324352125711605
205300.0,3.0969815055671734
205350.0,2.514240711181451
205400.0,3.1209909088233725
205450.0,2.627793117339577
205500.0,3.817562332495856
205550.0,4.6812201987804265
205600.0,3.866860579223759
205650.0,3.212972401125578
205700.0,3.5744223533204487
205750.0,3.1878834534078835
205800.0,2.8728212357243166
205850.0,3.500770727692249
205900.0,3.5490049883799024
205950.0,2.8929884974393483
206000.0,3.635888164590164
206050.0,2.2164155867116664
206100.0,2.1144479609248594
206150.0,2.844835431483775
206200.0,2.9683161175574773
206250.0,1.7789287935757538
206300.0,2.4489337254496935
206350.0,2.4625587516795266
206400.0,2.1736825128161787
206450.0,3.7423379944381687
206500.0,3.7039575965232903
206550.0,3.4219246928531426
206600.0,3.0082035389127753
206650.0,3.5817443480951994
206700.0,2.722109872215912
206750.0,3.65805528015258
206800.0,2.4575152457084366
206850.0,1.9864761375651105
206900.0,2.0038685326372723
206950.0,2.0404130046431685
207000.0,1.0797642698061183
207050.0,1.3385823212074883
207100.0,0.5724484829516641
207150.0,0.5371204942094573
207200.0,1.164945636861755
207250.0,1.8093891651645257
207300.0,1.9582883375283069
207350.0,1.3679527690850737
207400.0,2.9835888311331824
207450.0,1.446166922285007
207500.0,1.9745124543476598
207550.0,2.657286633669265
207600.0,3.3814491384305003
207650.0,2.837376351379631
207700.0,2.9678611786246454
207750.0,3.5608115524996826
207800.0,3.885435135088702
207850.0,3.094429569954677
207900.0,4.042537295823097
207950.0,3.2760050817567
208000.0,3.5387262222983775
208050.0,3.9374362659945605
208100.0,3.7466077312156667
208150.0,3.2287578884881993
208200.0,3.4775394343739725
208250.0,3.0145468047031128
208300.0,3.0832782257458713
208350.0,4.15583910974352
208400.0,3.9374207360488453
208450.0,3.2364662760030436
208500.0,3.2994812621345924
208550.0,3.2090480688311724
208600.0,3.9918662385353514
208650.0,3.447737673953533
208700.0,2.929759205379964
208750.0,2.5370068541742943
208800.0,3.031485329852273
208850.0,3.3264522934008194
208900.0,4.033831204127806
208950.0,3.564351491275988
209000.0,2.9273000642114884
209050.0,2.2152459235876663
209100.0,3.038438929240878
209150.0,3.078798145286194
209200.0,3.4967123553630217
209250.0,3.252630857504351
209300.0,3.195136606466666
209350.0,2.9738350898523387
209400.0,3.1793818399670695
209450.0,3.5340362283967974
209500.0,3.798275592449629
209550.0,3.7765725553145497
209600.0,3.211102971525163
209650.0,3.1602669330337765
209700.0,3.563525185293738
209750.0,3.1061540065587456
209800.0,4.209081935506703
209850.0,3.262637303297085
209900.0,3.2429760632715876
209950.0,3.797785643440766
210000.0,3.2698736277234564
210050.0,3.2365744861392916
210100.0,3.3736803880004693
210150.0,3.154691025108141
210200.0,3.7962351758857364
210250.0,3.527121517181758
210300.0,3.459723888697695
210350.0,3.978916101135532
210400.0,3.513659090537103
210450.0,3.1744597756089084
210500.0,3.4382282959867965
210550.0,2.9710923977586066
210600.0,2.742642441340212
210650.0,3.5387311215284316
210700.0,3.3955998668672795
210750.0,2.2379857196224844
210800.0,2.203200854745992
210850.0,3.6684206715427217
210900.0,2.458897203583792
210950.0,3.825097232162535
211000.0,3.596889454114643
211050.0,3.0840560492807585
211100.0,3.1029152645657905
211150.0,4.254890774723422
211200.0,2.3347177273682176
211250.0,3.5322906872774964
211300.0,3.0570532618904704
211350.0,2.9707391701505483
211400.0,2.690127744232213
211450.0,2.857077603907255
211500.0,2.7660777833877663
211550.0,2.8001044188539215
211600.0,3.061321777898296
211650.0,3.296113858010789
211700.0,2.2739581032574807
211750.0,3.11286001600819
211800.0,3.160092722829716
211850.0,3.3631658566717233
211900.0,3.297832695155336
211950.0,3.4262807298745193
212000.0,3.3200894704557276
212050.0,3.1391884487649424
212100.0,3.4132928328332075
212150.0,2.898722996489823
212200.0,3.13440464870727
212250.0,2.5508813622955158
212300.0,3.4969146836478022
212350.0,3.3334958469739373
212400.0,2.6114559383511637
212450.0,3.5718030660085995
212500.0,3.6827588959851667
212550.0,3.1631767278724685
212600.0,3.469495494128427
212650.0,2.9884610888522603
212700.0,3.546292354754323
212750.0,3.494119522022415
212800.0,3.1289773526986515
212850.0,3.1063305928736726
212900.0,3.055306301221009
212950.0,3.722554700053953
213000.0,3.2820244668278233
213050.0,3.671155934002476
213100.0,4.216644220546822
213150.0,2.9865865231196547
213200.0,1.5968084184615268
213250.0,2.554368593916294
213300.0,2.89401012410093
213350.0,3.0417094794934725
213400.0,2.8957524377668658
213450.0,3.4144825748183076
213500.0,3.3945534382386136
213550.0,4.434288101261866
213600.0,3.6103718548724304
213650.0,3.027308896477104
213700.0,3.210310416263062
213750.0,4.1492618016421625
213800.0,3.6340184775871287
213850.0,3.1750576964420167
213900.0,3.6781199765574257
213950.0,2.492907414027535
214000.0,3.9511238766868706
214050.0,3.223104648732167
214100.0,3.233714272887667
214150.0,2.9553318608082857
214200.0,3.414808009995417
214250.0,2.7860159864787186
214300.0,3.309033442781868
214350.0,2.668217228557328
214400.0,3.1581168283149905
214450.0,3.225849708462081
214500.0,3.3042682639873826
214550.0,3.6820359042641875
214600.0,2.9140013335585837
214650.0,3.16154689108836
214700.0,3.330856550337704
214750.0,4.014932185418055
214800.0,2.582263783735899
214850.0,3.22399057225467
214900.0,3.130398042374131
214950.0,4.035294974324365
215000.0,4.307678099951072
215050.0,3.9234440341386208
215100.0,3.8056509809034362
215150.0,4.031895323306563
215200.0,4.135829695983666
215250.0,3.89381224125753
215300.0,3.3741055102729485
215350.0,3.533310857692597
215400.0,3.168609964203663
215450.0,2.9400660604777906
215500.0,3.2503848789982968
215550.0,3.026366103230552
215600.0,2.922067513820464
215650.0,3.0792366751555424
215700.0,3.4438624756600253
215750.0,3.717228663585989
215800.0,2.9317074265867307
215850.0,4.285903397792533
215900.0,3.5440621099319443
215950.0,3.7575896856930417
216000.0,3.6228839093252456
216050.0,3.9329522864070365
216100.0,3.31737622143676
216150.0,3.612671442209949
216200.0,4.350410244597216
216250.0,2.5303336286152445
216300.0,3.2541322780361566
216350.0,2.9244465309241585
216400.0,2.698680988405026
216450.0,3.1029161890692425
216500.0,3.8307804107404566
216550.0,2.7599970344910476
216600.0,2.7864304884491693
216650.0,3.2346074649503693
216700.0,3.4222058728094367
216750.0,4.129139565167518
216800.0,3.265343704715221
216850.0,2.5698420031505758
216900.0,3.630878756592547
216950.0,4.259740890004547
217000.0,2.956704312348928
217050.0,2.7529069945768474
217100.0,3.3410303739983873
217150.0,3.01915665832733
217200.0,2.7440301629282056
217250.0,3.2380403031608083
217300.0,3.173028522835309
217350.0,2.660883301664024
217400.0,3.3726790825335637
217450.0,1.365756605015012
217500.0,1.7625508367967624
217550.0,1.8222475590325076
217600.0,3.416455465004615
217650.0,3.352146044320663
217700.0,4.443924309558777
217750.0,3.8280657018707593
217800.0,2.9792775111694163
217850.0,3.1501390045065025
217900.0,3.201469016012791
217950.0,2.5236484202293283
218000.0,3.7633636566203053
218050.0,3.739850628165023
218100.0,3.272153247390975
218150.0,3.0698040162200084
218200.0,3.3419436705257333
218250.0,3.068806598343449
218300.0,2.6178431052762328
218350.0,3.026033115497914
218400.0,2.939490993841487
218450.0,2.8619729552904363
218500.0,2.6856803762374306
218550.0,1.9991453290279806
218600.0,1.9606601872236993
218650.0,2.5003978418808304
218700.0,3.108391249163301
218750.0,3.2714644999466276
218800.0,2.829240949224774
218850.0,3.252104749187943
218900.0,3.3046769558848044
218950.0,2.751252860140658
219000.0,2.737478660471443
219050.0,3.139078366553173
219100.0,2.664354871929138
219150.0,3.8356714154809497
219200.0,3.3621687706298338
219250.0,2.941102733241808
219300.0,2.764249557012645
219350.0,2.702202042807109
219400.0,2.7696028579699843
219450.0,3.1075686905594657
219500.0,1.9093967591616154
219550.0,2.6076390569728067
219600.0,3.09898216027515
219650.0,2.7651367319279747
219700.0,3.297846396808505
219750.0,2.96016402022529
219800.0,3.664323488594894
219850.0,2.3683551768928623
219900.0,2.6709126145158453
219950.0,3.168011368782435
220000.0,2.9793595884311626
220050.0,2.9878893150891783
220100.0,3.0465191388781805
220150.0,2.5930654464225675
220200.0,1.8794936451893227
220250.0,3.0451408255990975
220300.0,2.9632721831234767
220350.0,3.250937285501506
220400.0,3.3562448625882735
220450.0,2.721251808913704
220500.0,2.6629704735908204
220550.0,3.542819023334824
220600.0,2.9033932490132983
220650.0,2.9249947457569028
220700.0,3.4134145529878093
220750.0,3.0079051796821448
220800.0,3.041283046612148
220850.0,3.250935848307158
220900.0,3.134719951488081
220950.0,3.072796985998281
221000.0,3.0156395436642622
221050.0,3.6045144487215173
221100.0,3.3284977023297984
221150.0,3.268283065213809
221200.0,3.505511382451708
221250.0,3.6244819222522824
221300.0,3.768578854350481
221350.0,4.485631578901158
221400.0,3.166606764974551
221450.0,3.4582349806703983
221500.0,2.885409523188782
221550.0,3.3236854122919914
221600.0,4.121226722529518
221650.0,3.3909994869918503
221700.0,4.0224584405084345
221750.0,3.674602633841405
221800.0,4.156587126544763
221850.0,3.3486693797776477
221900.0,2.8930758829652845
221950.0,2.793007158831349
222000.0,3.7690975754434053
222050.0,3.5478144797152567
222100.0,3.1835504042318146
222150.0,2.623029111546986
222200.0,3.5480257692369266
222250.0,1.5229549205748882
222300.0,3.885987267853142
222350.0,3.9333073660661872
222400.0,3.6052880642709564
222450.0,2.98450898086484
222500.0,3.496415697473095
222550.0,4.064306162127012
222600.0,3.2447644305477783
222650.0,3.0714490074138143
222700.0,4.227976171211
222750.0,3.536850297232697
222800.0,2.053410867659706
222850.0,3.238194799151737
222900.0,3.197389520641556
222950.0,3.944053475633357
223000.0,3.953805216078028
223050.0,3.6529697132413683
223100.0,4.513831375649419
223150.0,3.510926688698027
223200.0,3.2570860574436598
223250.0,4.177057042816788
223300.0,4.331292732853927
223350.0,4.3613870993558885
223400.0,4.373246717607058
223450.0,3.921245154154905
223500.0,5.104222046468408
223550.0,3.9689260710845353
223600.0,3.642431264221784
223650.0,2.876679814545388
223700.0,3.74519619803613
223750.0,3.6368798693845
223800.0,4.14295639185528
223850.0,3.190454189775616
223900.0,3.829714265927587
223950.0,3.676315381131633
224000.0,3.546336750186063
224050.0,3.050900414807702
224100.0,4.26761967478909
224150.0,3.655203658876635
224200.0,2.870450609302771
224250.0,3.703918539306394
224300.0,3.1385815428248867
224350.0,3.3846861890236553
224400.0,3.907236771070274
224450.0,4.050015071893525
224500.0,3.0397499423366887
224550.0,2.8162571995955736
224600.0,3.6502161935030055
224650.0,3.9244200430938894
224700.0,3.4845679415152366
224750.0,4.258121337001071
224800.0,4.6670884911407535
224850.0,3.9098932802942183
224900.0,3.9164640652695084
224950.0,3.3720479815301108
225000.0,2.978721462153788
225050.0,2.9168612900140682
225100.0,4.153035836831015
225150.0,4.074380825070177
225200.0,4.13989189781117
225250.0,3.8635464041827063
225300.0,3.551718001181147
225350.0,3.3801055467397307
225400.0,2.9082640482300737
225450.0,3.5725892127237584
225500.0,3.3986025130593345
225550.0,4.201497080702592
225600.0,4.11070066990952
225650.0,4.170475983385957
225700.0,3.7524116911365506
225750.0,3.705195841491513
225800.0,4.022457695481968
225850.0,3.3568134529123324
225900.0,3.5280302907702423
225950.0,3.2615036334429366
226000.0,3.39672073601384
226050.0,3.0393751902788835
226100.0,3.0269135354636467
226150.0,2.7421500314635487
226200.0,3.021756793739101
226250.0,2.7581661523038092
226300.0,3.5740323939649055
226350.0,3.110899970055666
226400.0,2.915851776628084
226450.0,2.9089325924704195
226500.0,3.7957098219405365
226550.0,3.6240304106407746
226600.0,3.6410013330694664
226650.0,3.471180296142343
226700.0,3.768580004656582
226750.0,3.191563722020378
226800.0,3.671757742478728
226850.0,2.0284463057467597
226900.0,2.64884993332308
226950.0,2.9904670508815796
227000.0,2.7665472597193195
227050.0,2.87036516159835
227100.0,2.7716586791132616
227150.0,2.4020357087939486
227200.0,2.7579321852387304
227250.0,2.865115080916881
227300.0,2.541571246184672
227350.0,2.6431408416791458
227400.0,3.4453719068249384
227450.0,3.0271452263569114
227500.0,2.9640832641077455
227550.0,3.341061348776385
227600.0,3.3232923503552554
227650.0,2.9797646658774655
227700.0,3.5299380371086584
227750.0,2.756391860329458
227800.0,3.4696539072525265
227850.0,2.9996303829128994
227900.0,4.104765169627608
227950.0,3.430738634492103
228000.0,2.845674199308084
228050.0,2.8954257347694803
228100.0,3.0348325770611666
228150.0,2.8768723819725843
228200.0,2.280654757000009
228250.0,3.024779583431512
228300.0,3.6728739748194426
228350.0,2.0463857731904453
228400.0,2.681135946914533
228450.0,3.6674754635418974
228500.0,3.8215848061937856
228550.0,4.140216397514527
228600.0,3.953986862572924
228650.0,4.3825784282575135
228700.0,4.634931756336088
228750.0,3.6041035623061077
228800.0,3.370965416157371
228850.0,2.728680660611439
228900.0,4.2193491443808515
228950.0,3.773328336122051
229000.0,3.409469507296829
229050.0,3.54505119384194
229100.0,3.0923289942068037
229150.0,3.547477423374887
229200.0,2.3502089958647487
229250.0,3.20915768562375
229300.0,2.928087103505491
229350.0,3.660683556184265
229400.0,3.968701731378365
229450.0,3.1000322820271156
229500.0,3.7590667540430953
229550.0,4.041844849829602
229600.0,3.5269509479918404
229650.0,2.736762414243576
229700.0,2.5239997045784754
229750.0,3.3529204608080043
229800.0,2.7341007764352194
229850.0,3.6782306522579047
229900.0,2.5630822908149193
229950.0,3.995208527013447
230000.0,3.046092564806173
230050.0,3.5566376046849033
230100.0,3.04082187936939
230150.0,2.5274059081218585
230200.0,3.237975939321416
230250.0,3.1528697163275803
230300.0,3.3655450768870083
230350.0,3.647753442715639
230400.0,3.357511033576198
230450.0,3.988003297048277
230500.0,4.349597180541976
230550.0,3.932273408314561
230600.0,3.7283403499622945
230650.0,3.4297087849938652
230700.0,3.3947899040239022
230750.0,3.318383749548238
230800.0,2.8347973560439663
230850.0,3.162814427844829
230900.0,2.300604922158364
230950.0,3.3069764559260872
231000.0,3.7317694967232957
231050.0,3.559295113040819
231100.0,3.8709416630237374
231150.0,3.5620913489829378
231200.0,2.9183232753049073
231250.0,3.5378362877282052
231300.0,3.610176405895277
231350.0,3.8553211241688308
231400.0,2.770360787923474
231450.0,3.0440090246946907
231500.0,3.512334778942162
231550.0,3.8723366154177676
231600.0,3.558983770482371
231650.0,3.398560604812718
231700.0,4.04477378184419
231750.0,3.5867684375660804
231800.0,3.2704899934731233
231850.0,2.6915586722128464
231900.0,3.6805453070658674
231950.0,3.1462509112858985
232000.0,2.9796137217628322
232050.0,2.707636148372168
232100.0,2.911166605233613
232150.0,2.459166521750966
232200.0,2.904960171400636
232250.0,3.0862432492994234
232300.0,3.625103270866557
232350.0,2.765699616649349
232400.0,3.354444570948105
232450.0,3.2461351263750773
232500.0,2.4274448640860755
232550.0,3.4423969461207653
232600.0,3.8937499521945353
232650.0,3.445649350655185
232700.0,3.195338863738086
232750.0,3.6837058821101554
232800.0,3.579760536839835
232850.0,3.235519666958833
232900.0,4.454660594613255
232950.0,4.074317072465475
233000.0,4.1806209814796045
233050.0,2.0052617567727262
233100.0,2.9708396192388644
233150.0,3.002714851817903
233200.0,3.9310185727180054
233250.0,3.5239868383315867
233300.0,3.604706209147672
233350.0,3.8530367289879024
233400.0,2.7931300871296663
233450.0,2.9763712813863306
233500.0,3.109290481048741
233550.0,3.092102502371836
233600.0,2.132370361831687
233650.0,3.772717249781618
233700.0,3.832936505907494
233750.0,3.6956347367111864
233800.0,3.5608176824670923
233850.0,3.823621284488324
233900.0,4.2894400231603464
233950.0,3.174349862408091
234000.0,3.4741485176064724
234050.0,3.444255454079296
234100.0,3.6517659962492943
234150.0,3.907656473751939
234200.0,4.103048870932001
234250.0,3.749635872625467
234300.0,4.973668861697514
234350.0,3.891873487012908
234400.0,3.7880355865236273
234450.0,3.727961020668671
234500.0,4.393190049503316
234550.0,2.8042250173659893
234600.0,4.294893004181872
234650.0,3.8591841318773366
234700.0,4.00566889860055
234750.0,3.0918742710830243
234800.0,3.776468628028146
234850.0,4.144076272817499
234900.0,3.729847972323074
234950.0,4.5778805965489395
235000.0,3.8421469384899543
235050.0,3.799947124717782
235100.0,4.271699791665927
235150.0,3.729529790214121
235200.0,4.323956993334811
235250.0,4.608621410859037
235300.0,3.8209159759524347
235350.0,4.638643057150804
235400.0,3.9466675345563744
235450.0,4.112080975460961
235500.0,3.9594326237075155
235550.0,4.32688918573951
235600.0,4.003826090663394
235650.0,3.441871173638762
235700.0,4.752862150392014
235750.0,3.9327577469398896
235800.0,4.027230979417517
235850.0,5.000639518429193
235900.0,4.46580278380368
235950.0,3.9147265490589636
236000.0,3.9696599169915667
236050.0,3.444544369011503
236100.0,3.7435559068437105
236150.0,4.058400116820299
236200.0,3.900937401821149
236250.0,3.681587912011403
236300.0,3.9320557627564794
236350.0,4.480779059316698
236400.0,3.8666005816482816
236450.0,4.277509398554186
236500.0,4.2210180347326
236550.0,4.189762611312487
236600.0,4.005053860691674
236650.0,3.664912299844493
236700.0,4.255154845747092
236750.0,4.001338330496567
236800.0,3.2656996655283663
236850.0,3.673757141462209
236900.0,3.851299267992389
236950.0,3.584494467277944
237000.0,4.415949531310861
237050.0,3.6439808529885758
237100.0,3.4556902651654444
237150.0,3.5216618490373373
237200.0,3.8447494040269348
237250.0,3.2474314312867647
237300.0,3.9847921618357005
237350.0,4.543176931565521
237400.0,4.138801224606039
237450.0,3.782380529766199
237500.0,4.209456856822701
237550.0,3.939757564465399
237600.0,4.021964877275249
237650.0,4.823877228236519
237700.0,4.355745771743125
237750.0,3.945493119708414
237800.0,4.329217417348766
237850.0,4.213989816257698
237900.0,3.8138026347082095
237950.0,3.66939030211203
238000.0,3.949100804604319
238050.0,4.182022163016171
238100.0,3.730871195576327
238150.0,4.116078624617224
238200.0,4.140312611302289
238250.0,3.4213124787387503
238300.0,3.3031308057902318
238350.0,3.6383629381103177
238400.0,3.4415085594204333
238450.0,3.681764342667848
238500.0,3.4425118608373855
238550.0,3.8876605925449166
238600.0,4.436372912336631
238650.0,3.7155182020373805
238700.0,4.162029560987858
238750.0,3.5381785781350343
238800.0,3.6086124147922733
238850.0,3.7036606519440727
238900.0,4.148903731089041
238950.0,3.6250370759330326
239000.0,3.932356216319522
239050.0,4.171351895462165
239100.0,3.5542762554052567
239150.0,3.9743524298893655
239200.0,3.7866751624657624
239250.0,3.898213722209561
239300.0,3.2479060501115242
239350.0,3.2866092761521037
239400.0,3.281614383600361
239450.0,3.1390130585267744
239500.0,4.095193175813528
239550.0,3.580068072313887
239600.0,3.474548661820526
239650.0,3.686855436417676
239700.0,2.704772587666741
239750.0,3.7097272068409173
239800.0,3.096271337838095
239850.0,3.3440995527724877
239900.0,3.0814578126278147
239950.0,2.678618586919759
240000.0,2.568071325346575
240050.0,2.79123405264276
240100.0,2.797569114509106
240150.0,2.9893619553211064
240200.0,2.8633018672528134
240250.0,2.8567946744189685
240300.0,2.7214138277860864
240350.0,3.62317623506292
240400.0,3.3556054832476403
240450.0,2.924571085990486
240500.0,2.6728419428648005
240550.0,3.346323069483931
240600.0,4.2690873961618285
240650.0,4.083455968851208
240700.0,3.7299864969745347
240750.0,3.838499644351896
240800.0,3.6737718172586984
240850.0,3.391929253941032
240900.0,3.386115335614208
240950.0,3.884699875717889
241000.0,3.983787713694332
241050.0,4.0558309465254725
241100.0,3.000549837716556
241150.0,2.53988232617956
241200.0,2.7719677184997233
241250.0,3.9104358865282296
241300.0,4.355790084140072
241350.0,3.6993630321863744
241400.0,3.8126770066525846
241450.0,2.9267045699727743
241500.0,4.258239900066633
241550.0,4.750630790508211
241600.0,4.3701920470279445
241650.0,3.365992686529196
241700.0,2.9136051480089917
241750.0,3.176301690904413
241800.0,3.4305241442894783
241850.0,2.7485799650627607
241900.0,3.4439824556822494
241950.0,2.736603019740264
242000.0,3.500743895904212
242050.0,3.713082690408275
242100.0,2.7998722532356504
242150.0,3.387427781810522
242200.0,3.4269077172770506
242250.0,3.3619165803573563
242300.0,4.140604357261637
242350.0,2.9179593598243825
242400.0,3.5605340839938
242450.0,3.414232541445897
242500.0,3.2301100239205436
242550.0,3.020760628115438
242600.0,3.8960598131835984
242650.0,3.974230352021542
242700.0,4.034612694060601
242750.0,3.5302126017003355
242800.0,3.2963891354658443
242850.0,3.9408344109517817
242900.0,3.7561303695977832
242950.0,3.571248310157467
243000.0,3.470142789427016
243050.0,4.020618768025926
243100.0,2.9286343127793395
243150.0,3.8992951833235345
243200.0,3.431066485396191
243250.0,3.6742643526742724
243300.0,3.8263643862741805
243350.0,3.7232872174059803
243400.0,2.7316482028822278
243450.0,4.1522400956525
243500.0,3.625820133438201
243550.0,3.679087248682677
243600.0,4.56808625299465
243650.0,4.453815453604963
243700.0,4.092624532200404
243750.0,4.65730878534917
243800.0,3.9874037538605385
243850.0,3.3842855540843986
243900.0,3.245137183261949
243950.0,3.551294637670501
244000.0,3.345985214142943
244050.0,3.401206506174742
244100.0,2.759238377405927
244150.0,3.953767802239188
244200.0,3.120575709906519
244250.0,3.645774346717818
244300.0,3.271131047153799
244350.0,2.994690674366256
244400.0,3.1742079359310966
244450.0,2.948436095452114
244500.0,3.157373594290758
244550.0,3.4023827041988572
244600.0,3.26449087055749
244650.0,2.9400822188150535
244700.0,4.48046845575741
244750.0,3.5084617987261044
244800.0,3.7595331539363306
244850.0,3.8720672074025373
244900.0,3.654301194631681
244950.0,4.072698433240236
245000.0,3.72637944101603
245050.0,3.898061024222767
245100.0,4.126425736831156
245150.0,3.0098661485565685
245200.0,3.561530494451783
245250.0,3.254624286309552
245300.0,3.092653543275325
245350.0,2.7858732027823034
245400.0,3.0620568128436663
245450.0,3.79118351034293
245500.0,2.8538749506448835
245550.0,3.246858069431044
245600.0,3.8392447587273697
245650.0,3.487088828080681
245700.0,3.1856102068792054
245750.0,3.557647989382315
245800.0,2.716281222410282
245850.0,2.199724789141068
245900.0,2.352041567694093
245950.0,3.225925090264178
246000.0,3.1865204597508527
246050.0,3.19632821236569
246100.0,2.5437802336712747
246150.0,2.4156318713150635
246200.0,4.491245392383315
246250.0,3.601027614585404
246300.0,3.8599815688496024
246350.0,4.16448174594564
246400.0,3.3970680924563
246450.0,2.968868379118795
246500.0,2.8341445649546366
246550.0,3.7449710884576692
246600.0,3.2100300896242717
246650.0,2.9559572552238738
246700.0,3.5450666374579534
246750.0,3.1714481644042873
246800.0,3.1951378944545055
246850.0,2.9930894314268754
246900.0,3.1168719109217533
246950.0,3.5514083999940005
247000.0,3.3293046943721927
247050.0,2.955567104707457
247100.0,4.133036578285233
247150.0,3.972670657395506
247200.0,3.863937034365975
247250.0,3.3322382995512347
247300.0,4.271416144576545
247350.0,3.4586268431127896
247400.0,3.6312251177426056
247450.0,3.5466173497939404
247500.0,3.5153380768333067
247550.0,3.7842546345457033
247600.0,3.433743601862459
247650.0,3.6290196253514253
247700.0,4.321966528294386
247750.0,4.594376637348635
247800.0,5.346643891575664
247850.0,4.070044744002945
247900.0,4.462534048939374
247950.0,3.9448177381650185
248000.0,3.678815691328617
248050.0,2.920562068198313
248100.0,2.9982273917613904
248150.0,3.936157211523911
248200.0,3.564069480638767
248250.0,3.533241670776296
248300.0,4.935473608233366
248350.0,4.513102405525628
248400.0,2.860400598923805
248450.0,4.203864114412743
248500.0,3.062199505952965
248550.0,3.826888159569574
248600.0,4.7455861775302655
248650.0,4.04676503945749
248700.0,3.8124796138057353
248750.0,3.9362026392267935
248800.0,4.495116451739528
248850.0,4.051825442503808
248900.0,3.509311917675121
248950.0,3.3137445554124025
249000.0,3.0748486385225995
249050.0,3.8927078660080507
249100.0,3.162968819475675
249150.0,3.699647761725402
249200.0,3.3744437728915857
249250.0,3.082985635266635
249300.0,3.1090463767184904
249350.0,3.5546161162175225
249400.0,3.8372506630920773
249450.0,4.3314991667014375
249500.0,3.522346251298969
249550.0,3.206319832506467
249600.0,3.718413524942336
249650.0,2.6646148449181677
249700.0,3.436232867494882
249750.0,3.1268209743364386
249800.0,4.650043113593385
249850.0,4.6749212891196805
249900.0,3.879894600451669
249950.0,3.977361843318819
250000.0,3.7813874095343647
250050.0,4.549833192893133
250100.0,3.051784837132209
250150.0,3.938767042158268
250200.0,3.7391032554510115
250250.0,3.5866703537892857
250300.0,3.58023807437622
250350.0,4.006068292030901
250400.0,4.401147176491113
250450.0,3.6146505999031064
250500.0,4.388506117188123
250550.0,3.586751352703845
250600.0,3.135614449917632
250650.0,3.3737929418851715
250700.0,3.038205392573766
250750.0,3.2897570562719083
250800.0,3.124178213238441
250850.0,2.81717820341426
250900.0,4.037858192830177
250950.0,5.508548940130538
251000.0,4.290291628940234
251050.0,4.61030465466337
251100.0,3.7232487850722777
251150.0,3.2335891651886564
251200.0,3.407004117534688
251250.0,3.7609150852517397
251300.0,3.0811365893966807
251350.0,3.687941374045631
251400.0,3.5401382113298445
251450.0,2.844676928697077
251500.0,4.326960451549377
251550.0,4.096253407693808
251600.0,3.3307829294516984
251650.0,3.8258727566213095
251700.0,3.867881157016849
251750.0,3.1472373875949247
251800.0,2.631042748359819
251850.0,2.565656172496037
251900.0,2.964622467868231
251950.0,2.6713485089833853
252000.0,4.229254591539906
252050.0,3.1456309601726775
252100.0,2.2494609529655323
252150.0,3.298620887883547
252200.0,2.7983005554420295
252250.0,3.1156701331223555
252300.0,2.8426201884066864
252350.0,3.0344155833956274
252400.0,3.229890393745802
252450.0,2.6833908948117426
252500.0,2.386756362869754
252550.0,2.660129242250024
252600.0,3.1179801912547744
252650.0,2.953539245295482
252700.0,2.426953165239984
252750.0,3.32069498854025
252800.0,2.8851671828307346
252850.0,2.828723445405824
252900.0,3.738303776386153
252950.0,3.56962176330812
253000.0,3.275914048630911
253050.0,2.974877179345597
253100.0,2.972053271735765
253150.0,2.9959112675709902
253200.0,3.0354398566424763
253250.0,2.951031629798343
253300.0,3.627241310240865
253350.0,2.1236260501193223
253400.0,2.488232636645187
253450.0,3.683612715358746
253500.0,3.3202546042757515
253550.0,3.3300607720471724
253600.0,3.0392261709867916
253650.0,3.620426287766714
253700.0,3.474548200260898
253750.0,3.35490250970811
253800.0,2.313138674088372
253850.0,2.569224228206652
253900.0,3.637334302766154
253950.0,2.4102045141821233
254000.0,2.949269485806473
254050.0,3.5167727553534176
254100.0,3.3855267879731996
254150.0,3.1712751592813304
254200.0,2.225735032648718
254250.0,3.3874149731349914
254300.0,3.1232824029793966
254350.0,3.201416001794261
254400.0,3.9419033425912553
254450.0,3.2052126871369575
254500.0,3.0882961160519065
254550.0,3.8785140237929943
254600.0,3.852607572469237
254650.0,3.6151473648205052
254700.0,4.712798352421085
254750.0,3.274907068231677
254800.0,3.0335609893373086
254850.0,3.6099307278170683
254900.0,2.982498087610973
254950.0,3.0993687455865375
255000.0,3.811046738105939
255050.0,3.4709909814913487
255100.0,3.7713776104814594
255150.0,3.1896838691110316
255200.0,3.3707278851692872
255250.0,3.288664734808922
255300.0,3.229690617254385
255350.0,2.9630531432078713
255400.0,3.8817794820983123
255450.0,4.739165315816991
255500.0,4.156982772870985
255550.0,3.758866029151015
255600.0,3.9317264001166405
255650.0,4.737233572927254
255700.0,4.279952122075981
255750.0,4.453965999260073
255800.0,3.75310671644906
255850.0,4.242712473992123
255900.0,3.8072792895988603
255950.0,3.726954824086373
256000.0,3.7440748669746053
256050.0,3.229871465534267
256100.0,3.175545372936722
256150.0,2.6529016315480476
256200.0,3.791712234750088
256250.0,4.040094636623166
256300.0,3.416152679142571
256350.0,3.7981574512471097
256400.0,4.0701951642310465
256450.0,3.16734851839689
256500.0,2.9657166261901122
256550.0,3.6217939279767295
256600.0,3.432345088125267
256650.0,3.1411093794374807
256700.0,4.406119052454168
256750.0,2.937852096695998
256800.0,3.070013798991061
256850.0,3.196448502985185
256900.0,3.401898630830825
256950.0,4.367367633808716
257000.0,3.6689193352829097
257050.0,2.673778536572211
257100.0,3.286377013822651
257150.0,2.7487626988403298
257200.0,3.2557955410505994
257250.0,3.2437749445888917
257300.0,3.496983396764381
257350.0,4.245151548522926
257400.0,3.733883750215377
257450.0,3.2997098538625758
257500.0,3.3962451495368806
257550.0,3.385865259296236
257600.0,3.359492775013368
257650.0,2.9890614192991385
257700.0,3.5028409133363354
257750.0,3.5423827356166075
257800.0,3.462266553150989
257850.0,4.31677944301021
257900.0,3.350476318205102
257950.0,3.4445465923466516
258000.0,3.3804849428063526
258050.0,4.13331546701688
258100.0,4.6455664216478345
258150.0,3.556767153074432
258200.0,3.550181516925544
258250.0,3.2335100481503023
258300.0,2.7425871147628675
258350.0,2.9213159757276057
258400.0,3.4070053361756423
258450.0,3.2945661337353656
258500.0,3.8755017773071447
258550.0,3.1264184290717116
258600.0,2.8886166460719256
258650.0,3.894060472582633
258700.0,3.33827686381069
258750.0,4.159939813550404
258800.0,3.561524923957333
258850.0,3.505695341742671
258900.0,3.685430545164978
258950.0,4.067653196859336
259000.0,3.7693745041107753
259050.0,4.01074464957273
259100.0,3.687342289648351
259150.0,4.066422338018892
259200.0,4.511912896259164
259250.0,4.028969029778903
259300.0,3.158007128083402
259350.0,3.0555168001971924
259400.0,3.0251418948390887
259450.0,2.7113084411687303
259500.0,2.255522253630157
259550.0,3.1332701061740145
259600.0,4.471721281236786
259650.0,3.5518675920072043
259700.0,2.849083193370322
259750.0,3.9670275566882918
259800.0,4.476436882646608
259850.0,4.074960972139554
259900.0,3.976103190187457
259950.0,4.286478190652739
260000.0,4.379953656236521
260050.0,4.266027630956344
260100.0,4.04599410923265
260150.0,3.39912801893362
260200.0,3.549279597303421
260250.0,3.840113135107209
260300.0,3.7150768106840326
260350.0,3.6657495066935653
260400.0,3.824603499066915
260450.0,3.7996156313429794
260500.0,4.263637568218439
260550.0,5.014868320554232
260600.0,3.1748047627206692
260650.0,3.679818981121854
260700.0,3.482129655970783
260750.0,4.441496360124873
260800.0,4.07972491403401
260850.0,4.350148836944903
260900.0,3.889908902786318
260950.0,2.9710589253177973
261000.0,3.7546118508013953
261050.0,3.9416843024767627
261100.0,3.673107933384127
261150.0,3.651106818039946
261200.0,3.0202788596895664
261250.0,3.658238950127357
261300.0,5.115785777723227
261350.0,3.8635295993450662
261400.0,4.549296947786545
261450.0,2.796030936063082
261500.0,4.2464314234420915
261550.0,3.4312376408618652
261600.0,3.7879497778264013
261650.0,4.096168703792581
261700.0,2.63738286833405
261750.0,3.9541612139382516
261800.0,4.433972142445643
261850.0,2.8904999635161084
261900.0,2.5971866551611673
261950.0,2.581643394665454
262000.0,3.284019333599056
262050.0,4.207195693024739
262100.0,4.3968369711608535
262150.0,4.169328960337015
262200.0,3.796566136084503
262250.0,3.521973014923277
262300.0,4.054500551148942
262350.0,3.8528688493596857
262400.0,3.4117718457867574
262450.0,3.727681181186411
262500.0,4.7009131754637075
262550.0,4.479387236310226
262600.0,4.4506402007400405
262650.0,3.9996121058326817
262700.0,3.829648689911951
262750.0,3.7353574050228184
262800.0,3.525021943594039
262850.0,4.272633629553617
262900.0,3.838711344739634
262950.0,3.8445126319641076
263000.0,3.6552548625717614
263050.0,4.165199367703316
263100.0,5.09566147843209
263150.0,3.9893227333729464
263200.0,4.20252349611265
263250.0,3.979518198346932
263300.0,4.382703911868335
263350.0,3.5839162561710234
263400.0,2.7951523260651214
263450.0,3.757893649645888
263500.0,4.229004676902967
263550.0,4.887781232546172
263600.0,3.767797565217505
263650.0,4.0414589107869
263700.0,4.066028203865922
263750.0,4.075103029040128
263800.0,4.299544983680879
263850.0,4.07159254329947
263900.0,3.8008542572403066
263950.0,4.185424811938669
264000.0,4.652418174127857
264050.0,4.652247891738179
264100.0,2.95164448048439
264150.0,4.257063504938034
264200.0,3.0824311468261074
264250.0,4.15203252891097
264300.0,3.4941948819372604
264350.0,3.2847949786537085
264400.0,3.0346789280465583
264450.0,4.0286583651739365
264500.0,2.42470692922654
264550.0,3.525023422275016
264600.0,4.185709437468611
264650.0,3.7811243752564554
264700.0,3.601579756522817
264750.0,2.6139037130088774
264800.0,3.1772600565086733
264850.0,3.914702209219067
264900.0,4.629277861205456
264950.0,4.298021784827115
265000.0,3.797487679642314
265050.0,2.9811548870339375
265100.0,3.6765463503741045
265150.0,4.804683422892959
265200.0,3.394246186971468
265250.0,3.698548794695739
265300.0,4.260715133746948
265350.0,3.8794585296540998
265400.0,4.705717947300366
265450.0,3.2278893335467607
265500.0,2.3529071341356462
265550.0,2.790322050153716
265600.0,2.757209312358357
265650.0,2.8104419998698615
265700.0,3.3378572541697604
265750.0,3.9438433577285714
265800.0,3.940430340576823
265850.0,3.5293173651369063
265900.0,4.662209916896421
265950.0,3.8712638869041327
266000.0,3.2092520748650797
266050.0,3.8018529141045803
266100.0,4.061960128642892
266150.0,4.190881894335804
266200.0,4.23363701047592
266250.0,3.500186099532462
266300.0,2.962498189042123
266350.0,2.4129821099587483
266400.0,3.2665077562704137
266450.0,3.77320506166786
266500.0,3.7549272991983202
266550.0,3.140982562341452
266600.0,3.3374541506260735
266650.0,3.7883093839233797
266700.0,3.8086347994664713
266750.0,4.188492781474114
266800.0,3.4059478242768333
266850.0,2.655879880006495
266900.0,2.99826502667468
266950.0,3.611706170219109
267000.0,3.9726312898716127
267050.0,3.601905169441753
267100.0,3.3030420216345884
267150.0,3.2119890865693743
267200.0,4.42548173185419
267250.0,3.667110328700714
267300.0,3.1731502920426866
267350.0,3.2446538708308146
267400.0,2.547407119457113
267450.0,3.314826605914405
267500.0,3.8595439748283016
267550.0,3.9630538443657732
267600.0,3.2750737380260313
267650.0,3.416504080381011
267700.0,4.0515412268515565
267750.0,3.321954422155884
267800.0,3.438659630399268
267850.0,3.376980610068778
267900.0,3.414454880382176
267950.0,3.1504592546194634
268000.0,3.3944386216167106
268050.0,3.8359063644395133
268100.0,2.9154940481972895
268150.0,3.4490849939585386
268200.0,3.8980379922745034
268250.0,3.620123042762138
268300.0,4.344406395369624
268350.0,3.697710494736997
268400.0,3.2732096933735044
268450.0,4.984623886506417
268500.0,4.502928726314965
268550.0,3.8558760039338567
268600.0,3.308547321112175
268650.0,3.6347302633029
268700.0,4.383434086870776
268750.0,3.9023704883700017
268800.0,3.928076843992284
268850.0,3.1153285026966704
268900.0,4.531497623219821
268950.0,3.385466552318251
269000.0,3.9211861711476157
269050.0,5.044324706358556
269100.0,4.039167421877968
269150.0,3.9182649517342907
269200.0,4.092148926906761
269250.0,3.7237190245866993
269300.0,3.560789347383912
269350.0,3.575929542331841
269400.0,3.4429349683544315
269450.0,3.3296676011734103
269500.0,2.9864663994780574
269550.0,2.8203876331797444
269600.0,3.0387678655998926
269650.0,3.373853212739032
269700.0,2.9436543300545037
269750.0,4.050213769999534
269800.0,3.802668583311799
269850.0,2.409918653456874
269900.0,3.5375429508048257
269950.0,3.3439776020549115
270000.0,3.770157432615097
270050.0,4.0669988596231015
270100.0,3.292747913900603
270150.0,3.8814053528905688
270200.0,3.753479125841096
270250.0,3.7516347250754403
270300.0,3.8931731568240067
270350.0,3.1100772639581624
270400.0,3.4742074019211637
270450.0,4.207624496460797
270500.0,3.147602445288876
270550.0,3.4599528165087867
270600.0,3.650766725044154
270650.0,3.781122451127322
270700.0,3.6470940982293913
270750.0,2.938807151304733
270800.0,3.113549042064938
270850.0,3.7023878044792022
270900.0,4.1590053876927255
270950.0,3.0743745582795863
271000.0,3.9045962167273793
271050.0,4.586957929222073
271100.0,4.369583593649957
271150.0,3.445474475359802
271200.0,3.461574663158023
271250.0,3.5893587310076316
271300.0,3.4270832866338488
271350.0,3.9101146004142056
271400.0,3.740598258251834
271450.0,3.5565589806574462
271500.0,4.397010977115802
271550.0,5.009191646580998
271600.0,4.29082614724726
271650.0,4.519028921552451
271700.0,3.1396956530838325
271750.0,4.235894278876406
271800.0,3.5816479718461047
271850.0,4.808001262939568
271900.0,4.983463057618214
271950.0,4.349949442960276
272000.0,4.198522971428844
272050.0,3.7275964064721467
272100.0,3.583087720777822
272150.0,3.701716858792071
272200.0,4.365234817534939
272250.0,3.955777336345877
272300.0,4.092175878557012
272350.0,4.301478281750179
272400.0,3.422933416246649
272450.0,3.0334490890550336
272500.0,4.34365058199172
272550.0,4.648805594344611
272600.0,3.8485799478248843
272650.0,3.470674999013054
272700.0,4.070929019636647
272750.0,4.16617363631964
272800.0,3.713661098800335
272850.0,3.96345768452875
272900.0,4.172684103423572
272950.0,3.687140494098523
273000.0,4.417691886636991
273050.0,3.6684225283487932
273100.0,4.1528159821615604
273150.0,4.299986330590215
273200.0,3.7438744073582506
273250.0,3.6021228829615577
273300.0,3.4034357909503155
273350.0,4.326636016300659
273400.0,4.614820631192489
273450.0,3.81342293356667
273500.0,3.2166134467878322
273550.0,4.021803686410274
273600.0,4.475510181863754
273650.0,4.030398945717991
273700.0,3.985087865918824
273750.0,4.746705844021857
273800.0,4.780805450957753
273850.0,3.3628828193043816
273900.0,4.258180415943454
273950.0,3.896122205915373
274000.0,3.786330352769381
274050.0,3.3188384200308394
274100.0,4.257004249907271
274150.0,3.6855516676622657
274200.0,4.375316846790072
274250.0,4.371153869536272
274300.0,3.70174074166617
274350.0,4.108160540082642
274400.0,4.527572171560139
274450.0,3.8067973087029934
274500.0,3.758743618814012
274550.0,3.7118597406682534
274600.0,4.193639153240114
274650.0,3.7466542011867614
274700.0,4.173784455570605
274750.0,4.813854638893086
274800.0,4.480813850324781
274850.0,3.0674246373253453
274900.0,4.25354074130072
274950.0,3.684630018111689
275000.0,4.562991533281395
275050.0,4.747989079827723
275100.0,3.6941177372078173
275150.0,3.7848507306252417
275200.0,4.227338137877225
275250.0,3.2748282229980976
275300.0,4.016441581234888
275350.0,3.3118899230055243
275400.0,3.402143742779391
275450.0,4.783844937674604
275500.0,4.142084494034143
275550.0,4.64424290099258
275600.0,4.705408049029506
275650.0,4.472144333770411
275700.0,3.660163240392519
275750.0,5.030881046925122
275800.0,4.540046342793184
275850.0,4.21816026405211
275900.0,4.409692683164654
275950.0,4.336867676833738
276000.0,4.558802906312812
276050.0,4.2161238480538925
276100.0,4.775296940545836
276150.0,4.236729672077248
276200.0,4.429144376022074
276250.0,5.810971004744002
276300.0,4.322612358655661
276350.0,4.081236387925084
276400.0,3.8631079381649314
276450.0,4.086344695069841
276500.0,3.609345025751482
276550.0,3.7762942384154314
276600.0,4.0981545473554615
276650.0,3.9961235886012925
276700.0,3.74832024024408
276750.0,4.322324263189798
276800.0,4.745521753092019
276850.0,3.9832247903222
276900.0,4.457977816337912
276950.0,4.081138123739903
277000.0,3.403713755286708
277050.0,4.069272559393185
277100.0,4.070403363160778
277150.0,4.21837463065479
277200.0,4.541827839999228
277250.0,3.970058765509919
277300.0,4.4567486411444985
277350.0,3.454982865508907
277400.0,3.3379172175682545
277450.0,3.185670022719648
277500.0,4.145465121435197
277550.0,3.3777050222124845
277600.0,3.6466980889455067
277650.0,4.202774274548316
277700.0,3.9037009538539533
277750.0,4.538370625520807
277800.0,3.959242414974336
277850.0,3.411769055913662
277900.0,3.5463081784849897
277950.0,3.640849492644295
278000.0,3.62520054967154
278050.0,3.706886916813229
278100.0,3.846673507116666
278150.0,3.7154376833673974
278200.0,4.107907001488875
278250.0,3.6447580750738866
278300.0,3.703592806525498
278350.0,3.6335779620385296
278400.0,4.418054833106989
278450.0,4.020807388608519
278500.0,3.2677482831724727
278550.0,3.007424984680004
278600.0,4.1464340140640665
278650.0,3.5035252471172376
278700.0,3.152522828331789
278750.0,3.3853479970067775
278800.0,3.6879524562762445
278850.0,3.5538528647582432
278900.0,4.2015923019395585
278950.0,4.18142352454959
279000.0,3.007024046417278
279050.0,3.98740324375479
279100.0,4.126704606440268
279150.0,3.6295022166056863
279200.0,4.2067084965014185
279250.0,2.7461418020127817
279300.0,3.3185634653543037
279350.0,3.2330270411718365
279400.0,3.651700107476203
279450.0,3.653939318096457
279500.0,4.0763805667317
279550.0,2.741699512543574
279600.0,3.6818422491275378
279650.0,2.983188174621769
279700.0,3.7483177741312472
279750.0,4.517200063894537
279800.0,3.636340136210742
279850.0,3.797482700380324
279900.0,3.0109620690372907
279950.0,3.7018109561236265
280000.0,2.453201680730633
280050.0,3.044290699899928
280100.0,3.4663061439702014
280150.0,2.8521356166388387
280200.0,2.7316427342588807
280250.0,2.447631716444749
280300.0,3.452850997070869
280350.0,3.581746064935766
280400.0,3.0498818326543913
280450.0,2.904286647807416
280500.0,3.480642721966237
280550.0,3.1798387484237174
280600.0,3.2867900487392125
280650.0,3.3067480850504363
280700.0,2.975466702830614
280750.0,3.159695071228668
280800.0,2.8389059124595106
280850.0,3.7433003633847797
280900.0,3.226668019993998
280950.0,2.8203006113437508
281000.0,4.246937570325434
281050.0,3.7156282730029075
281100.0,3.5890222659966318
281150.0,3.66698764418061
281200.0,4.380970472708162
281250.0,3.7592951016474223
281300.0,3.0311186993389265
281350.0,3.282082692899582
281400.0,3.126289877840925
281450.0,3.2561472568853858
281500.0,2.8694912789915694
281550.0,3.6132224294258237
281600.0,3.1653744656558094
281650.0,2.786286727096578
281700.0,2.421258006718325
281750.0,2.706935209787582
281800.0,2.273848754688105
281850.0,2.527647021025713
281900.0,3.20470097806425
281950.0,4.15107432346829
282000.0,3.5979564775386312
282050.0,3.11340267417706
282100.0,3.9450364901929116
282150.0,2.5181345050506505
282200.0,3.5026162571935107
282250.0,3.2404019047660966
282300.0,4.140010080742747
282350.0,3.755503972720885
282400.0,3.7479198857338534
282450.0,3.2847220056180175
282500.0,3.731300398552593
282550.0,3.7503405651887127
282600.0,3.3049358298256837
282650.0,2.783109432088596
282700.0,2.8894433881506023
282750.0,1.9973440785161274
282800.0,2.130113066779824
282850.0,2.9716940773116485
282900.0,2.4202652973414773
282950.0,2.164160472749684
283000.0,1.0573992035063842
283050.0,1.9792123927425622
283100.0,2.854433268670001
283150.0,3.643707531432256
283200.0,4.528641288394738
283250.0,3.7383634056616053
283300.0,3.2665280711579854
283350.0,3.5894411290682022
283400.0,4.303184331972689
283450.0,4.0078013801196155
283500.0,3.8304396824725906
283550.0,4.500008580862108
283600.0,3.415507287794057
283650.0,4.330416592830153
283700.0,4.042017359377422
283750.0,4.027776365361631
283800.0,3.5433018328205512
283850.0,3.862888286941187
283900.0,4.109709824764932
283950.0,4.533675070355428
284000.0,4.368167814704131
284050.0,3.8171295362021134
284100.0,4.275733295931734
284150.0,3.330602503625722
284200.0,3.505554421808349
284250.0,3.7308875247633906
284300.0,4.070845044488414
284350.0,3.7544195099861004
284400.0,3.9894104926092813
284450.0,3.255239618862304
284500.0,3.439578685245974
284550.0,3.7514515651748113
284600.0,4.7415815938752015
284650.0,4.158437950600971
284700.0,4.592178211848598
284750.0,4.175570134692544
284800.0,3.649982792233735
284850.0,3.871269256481971
284900.0,4.144702922639093
284950.0,4.304754207745319
285000.0,3.94123003082615
285050.0,2.8998072540453936
285100.0,3.0958981173842086
285150.0,4.056707125122663
285200.0,3.417762153580264
285250.0,3.159966057224927
285300.0,3.6471066672473267
285350.0,3.981482273680949
285400.0,3.7510672036982964
285450.0,3.805374139950953
285500.0,4.309152524964387
285550.0,4.294369323400403
285600.0,4.455331738730952
285650.0,4.186033099606011
285700.0,3.754142917390311
285750.0,2.7318462738105302
285800.0,2.659192801741595
285850.0,1.891799397975995
285900.0,1.1775864853524354
285950.0,0.6103269432577105
286000.0,0.8567986274351076
286050.0,0.847406648885774
286100.0,0.5831771542977962
286150.0,1.5690119488054703
286200.0,1.6897630026653703
286250.0,3.214183000905661
286300.0,1.7497406267097617
286350.0,3.0766677715443556
286400.0,2.3379015690069997
286450.0,3.951327718756844
286500.0,3.070696632307848
286550.0,3.7249927896608446
286600.0,4.051370032403449
286650.0,3.3857753218526834
286700.0,3.7473257721408633
286750.0,3.1702644550742707
286800.0,2.8502643042368754
286850.0,0.8346296482886697
286900.0,2.2394188522260805
286950.0,1.9903271713851751
287000.0,2.0830271502716813
287050.0,1.8532632270279756
287100.0,3.640684056825272
287150.0,1.3244574683518038
287200.0,3.78087033178248
287250.0,2.937123718842767
287300.0,4.7986454804095935
287350.0,2.8421471047072044
287400.0,0.880961404515412
287450.0,1.4890613451414025
287500.0,1.822743903273363
287550.0,1.7097666307964363
287600.0,1.7182800813620656
287650.0,2.943568324742505
287700.0,3.458580333989686
287750.0,2.9510018688651067
287800.0,1.5074478995887166
287850.0,1.9429330735379255
287900.0,2.6775512656245195
287950.0,2.067488355320407
288000.0,1.7488834302402854
288050.0,1.5612154104292386
288100.0,2.650376246970801
288150.0,1.8238907887516749
288200.0,2.448609959726172
288250.0,2.1151598584594975
288300.0,2.1865497754837437
288350.0,1.7981634154632447
288400.0,1.583692650013623
288450.0,2.973700584464111
288500.0,1.6322369817926645
288550.0,1.0246476206955801
288600.0,3.0973682203783746
288650.0,3.256884338803594
288700.0,3.7692814291446
288750.0,3.429370687160407
288800.0,3.138437979384351
288850.0,1.8295326645167176
288900.0,0.6016647843384485
288950.0,0.5866915642983906
289000.0,2.663643256513139
289050.0,2.1997514480461904
289100.0,2.538402088397203
289150.0,1.8836899359169683
289200.0,0.7393196029891025
289250.0,3.0474214724326205
289300.0,2.4255674158573113
289350.0,3.6612807133315854
289400.0,3.24579487004208
289450.0,2.7003900181387848
289500.0,1.919292376779468
289550.0,3.795902396811
289600.0,4.175940919763596
289650.0,3.8103777280268343
289700.0,4.0777797248940635
289750.0,3.355740657183993
289800.0,3.4186823545314757
289850.0,3.4842633171238884
289900.0,2.3846983866537697
289950.0,2.904304321827433
290000.0,3.6637760065956977
290050.0,2.780897716237895
290100.0,3.3602527941184275
290150.0,3.218275068307694
290200.0,3.3932121717899855
290250.0,3.375276294396106
290300.0,3.9792449618395027
290350.0,3.7093609303257993
290400.0,4.18971024997907
290450.0,3.755024085651012
290500.0,3.0297524112557177
290550.0,3.329578465542508
290600.0,3.286728124250301
290650.0,3.19764259862282
290700.0,4.057504093833549
290750.0,3.081913057187082
290800.0,3.210077778955171
290850.0,3.5602386690394203
290900.0,3.7430609570742344
290950.0,3.804036889317202
291000.0,2.7807548431292983
291050.0,4.012043671423448
291100.0,2.92719980944056
291150.0,4.198592116763465
291200.0,3.78561588451947
291250.0,3.162688913371561
291300.0,3.284961575503722
291350.0,3.9732344420144923
291400.0,4.299987867473423
291450.0,4.596452132640465
291500.0,3.1412531622748854
291550.0,3.55091600275697
291600.0,4.196545318677734
291650.0,3.68033857032627
291700.0,3.680299465600265
291750.0,4.093093974378356
291800.0,4.270928643981213
291850.0,4.034328558558394
291900.0,5.374242234016819
291950.0,4.065915413389642
292000.0,4.457824539805875
292050.0,3.72899392844933
292100.0,4.2236713952386795
292150.0,3.939348639083898
292200.0,3.480641524283689
292250.0,4.48799320394683
292300.0,4.075841972380716
292350.0,3.3954351312087283
292400.0,3.4071395475202944
292450.0,3.747065211469057
292500.0,3.3871216798244395
292550.0,2.0762664923007295
292600.0,3.9387908660369275
292650.0,3.5535471101743936
292700.0,3.330509895949633
292750.0,4.602704537824709
292800.0,4.814921017454961
292850.0,3.143264001249306
292900.0,3.8284807428018808
292950.0,4.433697119875029
293000.0,3.027142215070494
293050.0,3.0591646707394275
293100.0,3.2593692478282077
293150.0,4.199678701559448
293200.0,3.8673104667993763
293250.0,3.340250624435414
293300.0,3.835493497168835
293350.0,3.510324539881627
293400.0,3.8514523766435276
293450.0,4.033932125406638
293500.0,3.175810779777403
293550.0,3.968246660073287
293600.0,3.9210596314557193
293650.0,3.8364292641624367
293700.0,3.8818674804146047
293750.0,3.3897885444017746
293800.0,3.8024322824794567
293850.0,3.8901027667848433
293900.0,3.870614958411392
293950.0,3.781890112809375
294000.0,3.002579243020106
294050.0,2.94742048756756
294100.0,4.152807141360561
294150.0,3.5769973988367085
294200.0,3.63935572865253
294250.0,3.851246498353238
294300.0,3.1243215142440057
294350.0,3.8276245168721954
294400.0,2.6825348029041574
294450.0,2.9067320569039112
294500.0,3.3255661208025677
294550.0,3.6963861345857865
294600.0,2.9022386694480153
294650.0,2.4351946160544227
294700.0,3.973675685018571
294750.0,3.454038050072344
294800.0,3.271085893642499
294850.0,3.257389545108257
294900.0,3.448623135247861
294950.0,3.2689308915303807
295000.0,3.518693252244845
295050.0,3.446985053209448
295100.0,3.8632771486349964
295150.0,4.4809466914911
295200.0,4.115687876946566
295250.0,3.5748578834361067
295300.0,3.4100586608139842
295350.0,3.0171172139983913
295400.0,3.7382504872432234
295450.0,3.917268546838468
295500.0,3.5657368655797623
295550.0,3.5995950229526
295600.0,4.533991699509608
295650.0,4.883091901384192
295700.0,3.6254111726337364
295750.0,4.8875717880619645
295800.0,4.21080804640961
295850.0,3.817063769973786
295900.0,4.326787144808366
295950.0,4.510585577396554
296000.0,5.02843846193963
296050.0,4.650570948836567
296100.0,3.752383614198619
296150.0,2.9824970730760882
296200.0,3.757736280252292
296250.0,4.420562989990075
296300.0,3.4802411186639803
296350.0,3.8658620743983634
296400.0,4.071474078499838
296450.0,4.645608547987761
296500.0,3.960228463723049
296550.0,4.169674754097175
296600.0,3.701435519553468
296650.0,2.8495793633946063
296700.0,3.0901954692780236
296750.0,4.1382852635488225
296800.0,4.6461778232749715
296850.0,4.018130247372237
296900.0,4.106408314531359
296950.0,3.897111479928588
297000.0,4.018892655333786
297050.0,4.059015234673284
297100.0,4.338223844701325
297150.0,3.9319312043340413
297200.0,4.246892781811128
297250.0,3.7251696853396816
297300.0,4.344226520906995
297350.0,4.5291731363176755
297400.0,3.1546909622315287
297450.0,3.597027810548759
297500.0,4.022012801082315
297550.0,3.453024622504183
297600.0,4.360206200161861
297650.0,4.143681360201608
297700.0,4.31765987875603
297750.0,4.2133729209332795
297800.0,3.6539966025283763
297850.0,3.366553664424416
297900.0,4.383457311427921
297950.0,4.538337142184204
298000.0,3.7981172647900734
298050.0,3.6529951157187623
298100.0,4.63753124627891
298150.0,3.186734454932659
298200.0,4.860183459302383
298250.0,4.284053046732296
298300.0,4.1440298283667945
298350.0,3.7305503259266524
298400.0,3.041378625177549
298450.0,4.140122249846167
298500.0,3.27621841991836
298550.0,3.368102367198714
298600.0,3.0157094345406112
298650.0,3.6714410452596593
298700.0,4.84737781640504
298750.0,2.992622971335741
298800.0,3.0419884683504503
298850.0,3.580850072772738
298900.0,3.3170312297597784
298950.0,4.150878389724513
299000.0,3.244652895011652
299050.0,3.515164838817906
299100.0,3.6422780079121404
299150.0,3.324464954444979
299200.0,3.264519703051473
299250.0,3.554674019121937
299300.0,3.331813961084944
299350.0,3.853331234508719
299400.0,3.8406904640927033
299450.0,3.216424156842065
299500.0,3.3539518394450387
299550.0,3.6869076854812675
299600.0,3.3393123371144675
299650.0,3.855523503208562
299700.0,3.8109706453280032
299750.0,3.5352357371994083
299800.0,3.824171587032255
299850.0,3.8257840458820764
299900.0,4.079534358964803
299950.0,4.091039949755031
300000.0,3.6669600703919474
300050.0,4.079633341005695
300100.0,2.8025321377425048
300150.0,3.5900696508104213
300200.0,3.2971210424533663
300250.0,3.732424242466743
300300.0,3.807686131439038
300350.0,3.5093385348220636
300400.0,4.4129349341106545
300450.0,3.32628487036813
300500.0,3.0763766866394775
300550.0,3.3114048178543625
300600.0,4.301859859924215
300650.0,3.5955604551466274
300700.0,3.012938616350449
300750.0,3.687439868092723
300800.0,3.5871562467174036
300850.0,3.5930582847454255
300900.0,3.3727263428056515
300950.0,3.9378919552428227
301000.0,3.629238667588435
301050.0,3.0094170400657947
301100.0,3.8272058793833583
301150.0,3.612270062483418
301200.0,4.10592138657782
301250.0,3.4090437833266938
301300.0,3.6937508803149988
301350.0,3.71160112158536
301400.0,3.3486416308893876
301450.0,3.193053910282684
301500.0,3.016671418196511
301550.0,3.475974249741815
301600.0,4.130508417050617
301650.0,3.673051438867316
301700.0,3.8257429614642238
301750.0,4.576501244554697
301800.0,3.9728056679786787
301850.0,3.9354904733870355
301900.0,3.7000092715619184
301950.0,3.5162912649921414
302000.0,3.6680876087364367
302050.0,3.4861541881540496
302100.0,4.111193126500823
302150.0,3.9260419662380905
302200.0,4.004860005308996
302250.0,3.913016250825222
302300.0,2.880868534949571
302350.0,4.021616654882669
302400.0,3.7356786206959214
302450.0,3.3534746402937166
302500.0,4.1075765740807375
302550.0,3.9063306358912238
302600.0,3.7880045003281593
302650.0,4.243710734176066
302700.0,2.5775565175822064
302750.0,3.2983927799814383
302800.0,3.9387436942587812
302850.0,3.4506458679784977
302900.0,3.7286180606561055
302950.0,3.865912620510761
303000.0,4.142895517663875
303050.0,3.8986383175730226
303100.0,3.2543187449577387
303150.0,3.9221177001793865
303200.0,4.04867778755033
303250.0,3.6478319366661065
303300.0,3.656854965476951
303350.0,4.819177356341342
303400.0,3.8716820007490282
303450.0,3.8886880210655903
303500.0,3.6898917710111934
303550.0,3.2681776917443637
303600.0,3.578757601354356
303650.0,3.214416424368935
303700.0,4.18402587966293
303750.0,4.078540969718339
303800.0,4.194734751304461
303850.0,3.782842033136211
303900.0,4.868869712996043
303950.0,3.805375013685076
304000.0,3.886144414226408
304050.0,3.34402023130725
304100.0,3.7716460380958727
304150.0,4.395826302928635
304200.0,3.4038032057486975
304250.0,3.8734596201223193
304300.0,3.396081964290813
304350.0,2.711565642849458
304400.0,3.7995876233108503
304450.0,3.8563306268977815
304500.0,2.9268047395241017
304550.0,2.6404547825682947
304600.0,4.140890696444288
304650.0,3.9980352508878356
304700.0,4.737182494144856
304750.0,3.7188981370680003
304800.0,3.555472604752985
304850.0,3.3647866091605776
304900.0,3.473514081781764
304950.0,4.64935457537338
305000.0,4.083549843878088
305050.0,3.262267450111862
305100.0,4.147517539758403
305150.0,4.2405321294754525
305200.0,4.11957124350144
305250.0,4.31324640704348
305300.0,4.753294590763009
305350.0,4.055130429508571
305400.0,3.9898457516984305
305450.0,3.699974228646395
305500.0,4.058683311170218
305550.0,4.38967812368636
305600.0,2.949541091658437
305650.0,4.1085638298310165
305700.0,4.224536150330944
305750.0,4.204767287778263
305800.0,4.687288409292499
305850.0,3.3282725993359183
305900.0,4.231783970013773
305950.0,3.672462634166611
306000.0,3.286609472073296
306050.0,4.001261536607532
306100.0,4.502141956117727
306150.0,4.497966962898186
306200.0,3.93158540192612
306250.0,3.8488860407822525
306300.0,4.038982470958375
306350.0,3.0336426577126434
306400.0,3.414879350222884
306450.0,4.052628058848002
306500.0,3.265775785247483
306550.0,3.995222125130613
306600.0,3.3262840024449365
306650.0,4.084555330579509
306700.0,3.1685448083321797
306750.0,3.5937994213675997
306800.0,3.242853413826542
306850.0,3.26969048624981
306900.0,3.359969366942931
306950.0,3.094851637631824
307000.0,3.897599931162372
307050.0,4.0049721237527
307100.0,3.4717836814182017
307150.0,4.007665181416392
307200.0,3.279831248343204
307250.0,4.496009161076065
307300.0,4.192444706953676
307350.0,4.412404806954635
307400.0,4.795186181301518
307450.0,3.780498641294094
307500.0,4.132081956716554
307550.0,3.318944619894265
307600.0,3.907248991400599
307650.0,3.5627359451101634
307700.0,4.756729098481828
307750.0,3.4999742548440813
307800.0,3.9642399571079023
307850.0,4.114522290969226
307900.0,4.708998588808889
307950.0,4.134739104488366
308000.0,3.5016004990131764
308050.0,4.117581148537594
308100.0,4.193493510970343
308150.0,3.3429004127521598
308200.0,3.293037622080835
308250.0,4.026140014702358
308300.0,3.7957980532865614
308350.0,3.8435126089879272
308400.0,3.9175266181743775
308450.0,3.650163607342717
308500.0,3.513319553974839
308550.0,3.545740396212321
308600.0,3.7964563535172546
308650.0,3.3949818844671493
308700.0,4.412027501040859
308750.0,3.545629172728138
308800.0,4.346778714155198
308850.0,3.5316378727877593
308900.0,3.8643724523784706
308950.0,3.2435146446085046
309000.0,4.233118801506054
309050.0,3.561599853300542
309100.0,3.7382029572416755
309150.0,4.492278796290036
309200.0,4.11169004642489
309250.0,3.328106358159307
309300.0,3.5531688217912447
309350.0,2.8816649075091147
309400.0,1.5692003368853915
309450.0,1.0263521979580732
309500.0,1.7830837514880153
309550.0,2.3865204474791084
309600.0,1.0992249702817931
309650.0,1.035813064046198
309700.0,2.5394657426283334
309750.0,2.2402883848117425
309800.0,2.8346402142163334
309850.0,3.0771373713055006
309900.0,2.6570053757111074
309950.0,3.0468485500664655
310000.0,1.6348070213935784
310050.0,1.3773129306212282
310100.0,1.28144260176653
310150.0,3.4809279434620986
310200.0,4.920414491888067
310250.0,3.46425982123401
310300.0,3.3146617826218265
310350.0,2.657989223809955
310400.0,3.7153457690221283
310450.0,2.3523166733472616
310500.0,2.2878110080150913
310550.0,3.722484374723122
310600.0,2.496656657849672
310650.0,1.827863626500465
310700.0,0.37536182907623117
310750.0,2.6268790626250618
310800.0,3.1486646964622538
310850.0,3.121935380602669
310900.0,2.8830158380233875
310950.0,2.2161463583022716
311000.0,2.6252822730051903
311050.0,1.9370856080994785
311100.0,3.891581083110435
311150.0,2.446644966952241
311200.0,1.7280305339850455
311250.0,1.862549097841751
311300.0,2.232601604480378
311350.0,3.8887012979192748
311400.0,3.7348882786665336
311450.0,0.875667989311412
311500.0,1.3064802055053502
311550.0,1.7558447197703089
311600.0,3.3936994710633397
311650.0,2.3818059464751293
311700.0,2.952253072751254
311750.0,2.7882768397346256
311800.0,3.939709347304204
311850.0,4.61547630885856
311900.0,3.70143375887894
311950.0,3.580890928262039
312000.0,2.765969333262716
312050.0,3.664574061855327
312100.0,3.883115820256492
312150.0,3.478319543709953
312200.0,3.061453323809688
312250.0,3.5805693850258056
312300.0,2.850980837511124
312350.0,3.7893224407487573
312400.0,3.6272568115495623
312450.0,3.63683947210037
312500.0,3.2931574062836835
312550.0,3.428281385308114
312600.0,3.6200534618539555
312650.0,3.2141390365224196
312700.0,3.330612162551655
312750.0,4.048467744303183
312800.0,4.147455857996159
312850.0,4.289183013594088
312900.0,2.2949068423758003
312950.0,3.3508492011270783
313000.0,3.487859841225463
313050.0,4.178849319434136
313100.0,3.161009823700311
313150.0,3.5004828175687317
313200.0,3.671809243512574
313250.0,3.8661866093550836
313300.0,3.743177815373451
313350.0,3.678192037877402
313400.0,3.6107052016562604
313450.0,3.090277391354103
313500.0,3.710391006636052
313550.0,3.7323145711725325
313600.0,4.202296299582166
313650.0,3.8730220746677273
313700.0,4.192860380916401
313750.0,2.8597857052262006
313800.0,3.112871003009731
313850.0,3.3714391891924893
313900.0,3.3782376027363745
313950.0,3.2821606479155507
314000.0,2.8692313208997944
314050.0,4.510974425212909
314100.0,2.743046041714382
314150.0,2.696161974383459
314200.0,3.8767743653698488
314250.0,2.682888593450124
314300.0,3.2085771728912036
314350.0,3.5409149336746575
314400.0,3.0541940777987615
314450.0,3.026202448175622
314500.0,3.3620655336737686
314550.0,3.006973650783561
314600.0,2.6685366577367473
314650.0,3.178756102552487
314700.0,2.5041167094204
314750.0,2.1620582663926187
314800.0,3.3256907796756843
314850.0,2.901271645972743
314900.0,3.5258008478482434
314950.0,4.028017187273364
315000.0,3.3141501067718844
315050.0,3.3019087968758685
315100.0,2.611532509418623
315150.0,2.2888211056887506
315200.0,3.343797478399357
315250.0,2.9195528278526774
315300.0,3.9178818780107973
315350.0,2.952658391027247
315400.0,3.766312456699449
315450.0,3.598525361143557
315500.0,3.7255170064604566
315550.0,3.8244596742472914
315600.0,3.2990115531512276
315650.0,2.9634097240175534
315700.0,3.8216730881798844
315750.0,3.8713659272257894
315800.0,3.6307737508456026
315850.0,2.9941276082186588
315900.0,3.4512874383820136
315950.0,2.8936275595778627
316000.0,2.742497481815087
316050.0,4.0559353909757885
316100.0,3.295860988447911
316150.0,3.722978348398907
316200.0,3.2058080740664057
316250.0,4.0495423928291405
316300.0,3.754637453581764
316350.0,3.178677695919818
316400.0,3.826265232642869
316450.0,3.4103521157471146
316500.0,4.163433594629699
316550.0,4.289175498005074
316600.0,3.8168692192978866
316650.0,3.5158758065948033
316700.0,3.5997365503382754
316750.0,4.245197705808791
316800.0,3.7847184743490168
316850.0,3.10078798431448
316900.0,4.17451742963072
316950.0,3.785262291715736
317000.0,3.5122927623737965
317050.0,3.239707325095777
317100.0,3.4392577599331586
317150.0,3.93111600294913
317200.0,3.14396251941584
317250.0,3.035755093455339
317300.0,2.861295178460006
317350.0,3.9002041165702517
317400.0,4.06089892504651
317450.0,4.1471679293354615
317500.0,3.730069165448862
317550.0,4.50019727113774
317600.0,3.2181502560572754
317650.0,4.150853880034838
317700.0,3.1287201187260814
317750.0,2.7998015785802015
317800.0,3.5190193852121525
317850.0,3.4108796698358774
317900.0,2.811775976691248
317950.0,4.24695145611068
318000.0,2.8328446213487353
318050.0,3.4956792116364728
318100.0,3.5628912455671546
318150.0,3.46296262924139
318200.0,3.0213585103297826
318250.0,3.9286133425720906
318300.0,3.080177572018517
318350.0,3.937768698981812
318400.0,4.843664937512375
318450.0,2.9235929551179196
318500.0,3.874299770169867
318550.0,3.092909887315113
318600.0,3.1851696943001757
318650.0,2.6360001891352973
318700.0,3.570056700273324
318750.0,3.5501435083768182
318800.0,3.8916658152310117
318850.0,4.0736479720642995
318900.0,3.485539856182302
318950.0,4.1085638298310165
319000.0,3.637619668472916
319050.0,3.0732088815454146
319100.0,2.7617725463380354
319150.0,2.131594602771072
319200.0,3.022351192223973
319250.0,3.124276468002095
319300.0,2.724572166526683
319350.0,2.776688687474316
319400.0,3.4826540457395923
319450.0,2.279932937309631
319500.0,2.908758117381513
319550.0,3.51500973522621
319600.0,3.0981935556274154
319650.0,3.1137896213922684
319700.0,3.209609884645795
319750.0,3.2712701730285665
319800.0,3.1886348857627365
319850.0,3.340701006121372
319900.0,3.352277273910134
319950.0,2.4715353662583137
320000.0,3.041892134942862
320050.0,2.5128862973432833
320100.0,2.531582924433733
320150.0,3.8209550137114796
320200.0,2.6734827439736026
320250.0,3.603692228063372
320300.0,3.258231722786826
320350.0,2.7134635042431796
320400.0,4.09668851590137
320450.0,3.612670227900481
320500.0,3.319486748883316
320550.0,3.540067443639271
320600.0,3.706869297209932
320650.0,3.811995199440911
320700.0,3.916579084307526
320750.0,3.1187791450697384
320800.0,3.4180393617716187
320850.0,2.9626478219203265
320900.0,4.181231069026034
320950.0,3.5766582078218145
321000.0,3.2514155538234726
321050.0,3.6482040104502125
321100.0,3.437474868967292
321150.0,3.566341856624012
321200.0,2.837761282437094
321250.0,3.1906257623200127
321300.0,1.6344400530826555
321350.0,2.3523751905083246
321400.0,3.266218699773417
321450.0,2.7675781558776986
321500.0,2.9363591035773156
321550.0,2.5248738970131193
321600.0,3.0805313474509113
321650.0,2.836796273645498
321700.0,2.3779991304730514
321750.0,2.547799725486583
321800.0,2.890346119361522
321850.0,2.6314460555971375
321900.0,2.282937519976448
321950.0,2.803301558468684
322000.0,3.1920189909670147
322050.0,3.3200310951609837
322100.0,3.0304768988375286
322150.0,2.984661855284429
322200.0,2.181097208796245
322250.0,2.585672940706765
322300.0,2.600305416074905
322350.0,2.471959923686718
322400.0,3.5087455751133434
322450.0,2.6270312732340804
322500.0,2.753068699657863
322550.0,3.9458552372722244
322600.0,3.833379445560193
322650.0,3.2394256511333093
322700.0,4.348678846708239
322750.0,3.4501323973130233
322800.0,3.798553570578909
322850.0,3.1953238586715713
322900.0,3.825965718353121
322950.0,4.2495888853639565
323000.0,3.426090998060588
323050.0,3.647874298660559
323100.0,4.2197261258621
323150.0,4.215788955795132
323200.0,4.033321844500525
323250.0,3.966080185909343
323300.0,4.27743848853511
323350.0,4.7017540581333375
323400.0,3.745411773581594
323450.0,2.9867881896103605
323500.0,3.5332859823113143
323550.0,2.9628854961474174
323600.0,3.7015931294754814
323650.0,3.6770114049782365
323700.0,3.0606005604193016
323750.0,3.820065694515896
323800.0,2.686801229224177
323850.0,3.8556953865770707
323900.0,3.9409762363006684
323950.0,3.7105250198452135
324000.0,2.9627153633503798
324050.0,3.4390406078066826
324100.0,3.054784802047375
324150.0,3.729101737018258
324200.0,3.7190595443034646
324250.0,3.805374139950953
324300.0,3.856177804133456
324350.0,3.711993825398481
324400.0,3.909591613674315
324450.0,3.50931490828583
324500.0,3.418681855537659
324550.0,3.839414235980969
324600.0,3.631539663611168
324650.0,4.067556241242921
324700.0,4.0804534858330435
324750.0,4.468579445229501
324800.0,4.682661809781694
324850.0,4.081236013674552
324900.0,3.8512727665847497
324950.0,4.179962965151243
325000.0,3.9113186365507415
325050.0,3.809737589459375
325100.0,4.059912858983978
325150.0,3.892120440825048
325200.0,3.43180578092498
325250.0,2.8602975842668554
325300.0,3.479967022447989
325350.0,3.445300031876421
325400.0,2.9772001213918267
325450.0,3.1283541194227635
325500.0,2.9047873834497007
325550.0,3.050264086691081
325600.0,2.6920061718018324
325650.0,3.256913486008035
325700.0,2.575130166922919
325750.0,3.2244997908816146
325800.0,3.6099591307322725
325850.0,3.530552310260604
325900.0,3.564337480145468
325950.0,3.475989918183178
326000.0,2.934638065727073
326050.0,2.760251622551457
326100.0,3.767627963489149
326150.0,3.5654315515034503
326200.0,3.369701811961949
326250.0,3.2916562947436443
326300.0,4.000663267081094
326350.0,2.6842886364958343
326400.0,3.120414178701839
326450.0,3.652311271164417
326500.0,3.8377685103089996
326550.0,2.9683303918128146
326600.0,3.2264519389368695
326650.0,2.7222969006084323
326700.0,3.4788224725173724
326750.0,2.844524316167253
326800.0,2.8147654986935344
326850.0,3.5207947510080686
326900.0,3.062873132764851
326950.0,3.379024719745356
327000.0,2.533575296127442
327050.0,2.6577821798936623
327100.0,3.35919483983259
327150.0,3.0073426733322415
327200.0,3.2906211809270283
327250.0,3.0252439592898743
327300.0,3.428130322581904
327350.0,3.4061807547507574
327400.0,3.225988882407873
327450.0,3.2204797304474324
327500.0,3.5932568475349624
327550.0,2.76443329672908
327600.0,2.4439540605807366
327650.0,2.7485598418555703
327700.0,3.7525869381064787
327750.0,3.5940197181466993
327800.0,3.519971059339495
327850.0,3.0199627915703915
327900.0,3.6429064966002502
327950.0,3.7004594626872542
328000.0,3.189497238294664
328050.0,3.324001294668023
328100.0,3.519460056249778
328150.0,3.3742697755151414
328200.0,3.4004815516873275
328250.0,3.5917292259313434
328300.0,3.718736138941897
328350.0,2.9309367690681394
328400.0,3.3734976555389684
328450.0,3.3620402526827395
328500.0,2.8281610311527396
328550.0,3.2304478148925195
328600.0,3.61181093143007
328650.0,2.9729609234270233
328700.0,3.387654613613623
328750.0,2.8074531411404213
328800.0,3.421928747082963
328850.0,3.8095639926058795
328900.0,2.6784687404786025
328950.0,3.1960298495680997
329000.0,2.9422578930868823
329050.0,2.8714797402177252
329100.0,2.8919521056219866
329150.0,3.202386419710663
329200.0,2.5487635456420987
329250.0,3.2107797031085985
329300.0,3.779959476805487
329350.0,3.284189491560957
329400.0,2.8222841889592263
329450.0,2.9646760163381876
329500.0,3.5748371527919773
329550.0,2.329009866845948
329600.0,2.8686405840854996
329650.0,3.5291307886750545
329700.0,3.193366029241404
329750.0,3.0137664275581146
329800.0,3.009451069514644
329850.0,3.7306281845922995
329900.0,3.4771933210234063
329950.0,3.7955125143516693
330000.0,3.683065416451157
330050.0,3.534413798942015
330100.0,3.2350091665894145
330150.0,4.045958373058575
330200.0,3.4620337358154627
330250.0,3.4582354254368997
330300.0,3.334307410576885
330350.0,3.163888761151846
330400.0,3.376195541108163
330450.0,3.622856964363172
330500.0,3.6463831902167865
330550.0,3.9106797008559027
330600.0,4.285064758026587
330650.0,4.287573835178253
330700.0,3.5700012651548603
330750.0,4.124525325585647
330800.0,3.323945872322005
330850.0,3.7525528338772496
330900.0,3.7503317638928992
330950.0,4.10397449726503
331000.0,4.701784690144998
331050.0,4.127540547333153
331100.0,4.093344681158994
331150.0,4.3104518049959735
331200.0,4.316443097623398
331250.0,4.228900551910159
331300.0,2.7809884028146117
331350.0,4.012805569906998
331400.0,4.311111594330762
331450.0,3.2953583305193437
331500.0,3.974558522790928
331550.0,4.24836039648134
331600.0,5.269487742190185
331650.0,3.5004137734109437
331700.0,2.7630767700729297
331750.0,3.368319319282143
331800.0,2.911508002968385
331850.0,2.6055504672458167
331900.0,3.3532244054019893
331950.0,3.4954541401660326
332000.0,3.507735424238561
332050.0,3.3625758197868354
332100.0,3.4835276821577823
332150.0,3.5183091949212972
332200.0,3.8298941890002838
332250.0,3.2469349161166607
332300.0,3.8960055164758507
332350.0,3.4687886179986984
332400.0,3.1942592310145312
332450.0,3.019369195910792
332500.0,4.0395668069515525
332550.0,4.3305040090023
332600.0,2.9218676434010216
332650.0,4.072187889323934
332700.0,3.3221808621990663
332750.0,3.3942587136188123
332800.0,4.052576435558206
332850.0,3.1498868179633592
332900.0,3.7134290550272038
332950.0,3.425860539725001
333000.0,3.9556894975040633
333050.0,3.9436669642299584
333100.0,3.1048504175116887
333150.0,3.4543592697463215
333200.0,3.623270359941039
333250.0,3.268482579457939
333300.0,3.0293407002497292
333350.0,3.799905820382757
333400.0,4.099375010801318
333450.0,3.4582330427874006
333500.0,3.2054923606906556
333550.0,3.3502818430326484
333600.0,3.1168255913655223
333650.0,3.908769628015731
333700.0,3.7941774488654896
333750.0,3.063557468004304
333800.0,3.4457195904657336
333850.0,3.634860057632231
333900.0,3.367253884755064
333950.0,3.6529546677460023
334000.0,2.8743527559991526
334050.0,2.913381291866453
334100.0,4.2137529769828985
334150.0,4.2725766454039436
334200.0,4.514530017679152
334250.0,3.528583306737985
334300.0,4.206600343170918
334350.0,4.226237723993094
334400.0,3.8457867301431965
334450.0,3.685998304699778
334500.0,3.2481826118871377
334550.0,3.6076182743039498
334600.0,4.0920046307714575
334650.0,4.17046678597257
334700.0,4.261935894375254
334750.0,3.7378455969274156
334800.0,2.7870256168471728
334850.0,3.245458267371778
334900.0,3.147268271190918
334950.0,3.2201560306095045
335000.0,4.080612982161916
335050.0,4.164591121687588
335100.0,3.6970506437635313
335150.0,3.1095964637297095
335200.0,3.4496798734476815
335250.0,3.5970667549472752
335300.0,3.6582785780416285
335350.0,2.751946118694911
335400.0,3.569897878351069
335450.0,4.296346461103432
335500.0,3.8203380866540275
335550.0,3.7187348357628816
335600.0,3.259602632710991
335650.0,4.497521906785311
335700.0,3.7373886114293464
335750.0,4.316116856817239
335800.0,3.9794220348559453
335850.0,3.5384852053168374
335900.0,3.9347901245983867
335950.0,3.7564989160738604
336000.0,3.4954839499628783
336050.0,4.316028160057286
336100.0,4.156222917929901
336150.0,3.500755546764598
336200.0,2.590793132930713
336250.0,4.031484287954217
336300.0,3.7681816277315474
336350.0,3.4082964067689736
336400.0,4.432765583449453
336450.0,4.660912351239668
336500.0,4.060159629731347
336550.0,4.13885110992768
336600.0,3.7092450042553415
336650.0,3.24909199633755
336700.0,2.5374778492563363
336750.0,3.1160516957830375
336800.0,3.139267555395213
336850.0,3.46737300230813
336900.0,3.6342084099918335
336950.0,3.1273173995427936
337000.0,3.327671438800626
337050.0,4.196203202855856
337100.0,4.829161383132983
337150.0,2.776366760197259
337200.0,3.536695495356389
337250.0,3.812309899766514
337300.0,3.6590417739534034
337350.0,3.705536181820283
337400.0,3.969344812710195
337450.0,4.3710529216465055
337500.0,4.13132220146969
337550.0,5.025244129838871
337600.0,4.180656376829388
337650.0,3.8922080646068697
337700.0,4.301298872548162
337750.0,4.235210324304316
337800.0,4.748620106286395
337850.0,4.219107149601803
337900.0,4.824002311063662
337950.0,3.1448525981087574
338000.0,4.810719524666526
338050.0,4.717754769457794
338100.0,4.265551641289363
338150.0,3.759720446566527
338200.0,4.316525392869767
338250.0,4.943137374020818
338300.0,4.0629051645939205
338350.0,5.101135558323333
338400.0,4.23213893262939
338450.0,3.9292380691716877
338500.0,4.236343111721496
338550.0,5.004363881791745
338600.0,4.301512007559216
338650.0,4.783524680077051
338700.0,4.965946509737411
338750.0,4.641525718501709
338800.0,4.25442029865867
338850.0,4.090059082428417
338900.0,4.6038895153386665
338950.0,4.607742065762774
339000.0,5.104332729451906
339050.0,4.182747282852417
339100.0,4.75325199958386
339150.0,5.1401628374996315
339200.0,4.292890251786247
339250.0,4.376264549391261
339300.0,4.603364012277007
339350.0,4.863134737378259
339400.0,4.178722666460755
339450.0,4.257812832212978
339500.0,4.604616570601149
339550.0,4.854738088632657
339600.0,4.861048819005611
339650.0,4.582781495624786
339700.0,4.68266783455243
339750.0,4.5244420017568725
339800.0,3.4938378349340513
339850.0,4.784784633215096
339900.0,5.515095768202939
339950.0,4.1072750987967845
340000.0,4.045241068864988
340050.0,4.293725202776396
340100.0,4.5324130255847175
340150.0,4.330405313673289
340200.0,4.849607499119049
340250.0,4.419828246911101
340300.0,4.353812531940134
340350.0,5.053572083993861
340400.0,3.878977656229939
340450.0,5.000291084972812
340500.0,4.24138884848317
340550.0,4.137173592132178
340600.0,5.367957025555033
340650.0,4.793392202541219
340700.0,4.117969853852709
340750.0,3.5870007789321043
340800.0,3.408971541689712
340850.0,3.9594285868693273
340900.0,3.5982471653556836
340950.0,4.112830809488748
341000.0,4.023345904602713
341050.0,4.771297924752782
341100.0,4.689086422630791
341150.0,3.1552663419244307
341200.0,3.2560872544207666
341250.0,4.513279099434354
341300.0,3.756021499363433
341350.0,3.440482984397134
341400.0,3.546221619512944
341450.0,3.7298099684207022
341500.0,4.472775063245449
341550.0,3.972074382403423
341600.0,3.1772017459506374
341650.0,3.656359109623394
341700.0,2.800462038887716
341750.0,4.181636764728604
341800.0,4.555941271885375
341850.0,4.757277656211401
341900.0,4.8667129414822545
341950.0,4.224700014921403
342000.0,3.7206683270257623
342050.0,4.371267069568209
342100.0,4.742414627876546
342150.0,4.007805650741207
342200.0,3.5899286604171508
342250.0,3.7266983588689784
342300.0,4.3796575330530985
342350.0,4.922907319199757
342400.0,4.424951207471985
342450.0,4.206388782044899
342500.0,4.034476956453909
342550.0,3.377353639412606
342600.0,3.8207082884699326
342650.0,3.7678381252662687
342700.0,3.951540415882922
342750.0,4.086084616961208
342800.0,3.784681483066244
342850.0,3.697280829013166
342900.0,4.646898970709051
342950.0,4.964110335659118
343000.0,4.117508705006214
343050.0,4.028709471544354
343100.0,4.421558871625461
343150.0,3.4576840873740227
343200.0,3.4854398820418147
343250.0,3.670424686985208
343300.0,3.7201424827818177
343350.0,3.8890840722071838
343400.0,3.269017496234754
343450.0,4.46770589379088
343500.0,4.343467056741701
343550.0,4.963328839863793
343600.0,3.643908011260989
343650.0,4.369952603571078
343700.0,3.88121029962226
343750.0,3.0202810305805015
343800.0,3.225429833921856
343850.0,3.5858285531264165
343900.0,4.4188787172169315
343950.0,3.431164289568027
344000.0,3.6180091053642656
344050.0,3.458828411313458
344100.0,4.405462490228817
344150.0,3.4452991040259495
344200.0,3.791315523786101
344250.0,3.490016611933567
344300.0,3.647573709145028
344350.0,3.6493960782365966
344400.0,3.447517650584823
344450.0,2.670765598566942
344500.0,4.431546191562877
344550.0,5.136478736078708
344600.0,3.151852990484493
344650.0,3.882433094205695
344700.0,4.898988262442219
344750.0,4.773895964333026
344800.0,4.424363348903289
344850.0,3.746836298121497
344900.0,3.1621807487902016
344950.0,3.676749153999641
345000.0,3.7777663721092924
345050.0,4.149867455261864
345100.0,3.0122557988348144
345150.0,4.607094949191715
345200.0,3.8445945908978025
345250.0,3.7798679659778185
345300.0,2.5368093957578974
345350.0,2.7297219332644684
345400.0,2.9160227247967345
345450.0,3.99951991443084
345500.0,3.655633464989944
345550.0,3.086969131365957
345600.0,1.9306173066803762
345650.0,1.4317127497203856
345700.0,1.7179014844491736
345750.0,1.9492069818986049
345800.0,1.6635494349187643
345850.0,0.5516296740383423
345900.0,2.9708367732808605
345950.0,1.5109254358228557
346000.0,1.982947805860698
346050.0,4.048464879093608
346100.0,4.005047799919882
346150.0,3.9776001105963283
346200.0,1.224496822494665
346250.0,3.916144984228331
346300.0,3.486386355432287
346350.0,3.4842608235238477
346400.0,1.6862055292666243
346450.0,1.57863637483914
346500.0,2.3815327211370256
346550.0,2.8364214834409673
346600.0,1.4812487226577449
346650.0,2.50371360109342
346700.0,4.582326942591087
346750.0,3.9892470090516654
346800.0,4.401420980405118
346850.0,4.438928877015968
346900.0,4.52880818771621
346950.0,0.7360688660122696
347000.0,0.9189690959350056
347050.0,0.3494280169198278
347100.0,0.3385251313288598
347150.0,1.3291733569337794
347200.0,1.9089536451129177
347250.0,0.41097719927596876
347300.0,1.2011255491633113
347350.0,2.3264954225118544
347400.0,4.571924818771821
347450.0,4.712565619300225
347500.0,1.666161650987584
347550.0,1.4659768294876254
347600.0,1.631225742913566
347650.0,3.4926450334763617
347700.0,3.2954649883992566
347750.0,3.7583092581166198
347800.0,4.111497837949667
347850.0,3.5609136861980595
347900.0,4.569681170339885
347950.0,4.816365476879512
348000.0,3.3888750583028497
348050.0,4.48664266216619
348100.0,4.73610354815598
348150.0,4.487592097877439
348200.0,3.9281159906789385
348250.0,4.121189451646073
348300.0,3.3740295443651354
348350.0,3.665324402908524
348400.0,4.025255377780666
348450.0,4.092992774975983
348500.0,4.358323484297703
348550.0,4.489359898816077
348600.0,3.7184551066460263
348650.0,3.9323531334019077
348700.0,3.287186505710818
348750.0,3.3077788109619064
348800.0,3.4215305214261593
348850.0,3.628140808759171
348900.0,3.6349787094266666
348950.0,2.90284104505475
349000.0,3.1992024653365414
349050.0,3.1455662383501957
349100.0,3.5865995610272297
349150.0,3.2255215983317433
349200.0,3.2638937588224626
349250.0,3.880681507786587
349300.0,3.6026913691505316
349350.0,3.9984749438841227
349400.0,4.077683405961342
349450.0,3.606854383580757
349500.0,4.2141060011679
349550.0,3.453434020924657
349600.0,1.1316335702691316
349650.0,3.64195124087986
349700.0,3.158447977715083
349750.0,1.7140852972897747
349800.0,0.5416651842963941
349850.0,0.8913437324215836
349900.0,2.446174523586585
349950.0,2.751907682380792
350000.0,1.2991522363497585
350050.0,0.39114852810379086
350100.0,0.46432645193320876
350150.0,1.9537138323363086
350200.0,1.6349616836622771
350250.0,0.8705793797514353
350300.0,0.8422576265933022
350350.0,2.9800652854020453
350400.0,3.137673712919259
350450.0,3.843891748216078
350500.0,3.193396676970518
350550.0,3.293144872217893
350600.0,4.004360292091449
350650.0,4.13281748249736
350700.0,4.60500831860344
350750.0,4.124486464843765
350800.0,3.742338703483287
350850.0,3.779879440325536
350900.0,4.066112783981371
350950.0,4.127890441284369
351000.0,4.589946296728234
351050.0,3.5863901156014037
351100.0,3.896126005215227
351150.0,3.8983289556269494
351200.0,3.8478330459873336
351250.0,3.9646917520158707
351300.0,3.9219768335287686
351350.0,3.0906451058712108
351400.0,3.5204966004142952
351450.0,3.3146030751123714
351500.0,3.4803901002125466
351550.0,4.611127270880686
351600.0,3.5352799011566685
351650.0,3.394540207847394
351700.0,4.048874573500104
351750.0,3.998828814521527
351800.0,3.4839497393297827
351850.0,4.086441980467197
351900.0,3.6996495822245565
351950.0,3.8644790823471733
352000.0,2.748323036611506
352050.0,3.912775398096655
352100.0,3.2381719306509402
352150.0,2.966361091168171
352200.0,4.01199287609331
352250.0,3.4795537609926495
352300.0,3.310665602591355
352350.0,3.779282629984873
352400.0,3.653956709350918
352450.0,3.2379930661933702
352500.0,3.387640719378176
352550.0,2.1215307258825633
352600.0,3.876963728741745
352650.0,3.5661979552272123
352700.0,2.682194467236166
352750.0,1.83537077190898
352800.0,1.3434987421918017
352850.0,1.3692660784465092
352900.0,2.276512236977787
352950.0,2.959016851107688
353000.0,4.2734154153488015
353050.0,1.117496529066561
353100.0,2.7685527692409626
353150.0,2.7136855566892137
353200.0,1.5446027592137432
353250.0,0.55820916067754
353300.0,1.827622063731646
353350.0,2.6100355936672868
353400.0,2.3716646102915284
353450.0,2.9920243912636653
353500.0,3.4853237125460903
353550.0,2.0359764676941867
353600.0,3.0448762404452605
353650.0,1.8323202822082785
353700.0,1.338729570476722
353750.0,2.5660441798967426
353800.0,1.8116535798194773
353850.0,1.8421156487924242
353900.0,1.4145631537931045
353950.0,2.230714184456276
354000.0,2.7426415049999737
354050.0,2.2439636088117196
354100.0,1.4047415890141295
354150.0,1.5452472279171683
354200.0,2.680650763006185
354250.0,2.391187055435883
354300.0,2.500339639406751
354350.0,2.1327460168807764
354400.0,2.152764805401902
354450.0,2.695660009316056
354500.0,2.038057273630978
354550.0,2.8494543968127903
354600.0,1.2999234444012633
354650.0,1.7659527411278602
354700.0,4.454414590549357
354750.0,3.985130981439465
354800.0,3.3157321633493497
354850.0,4.083156195922044
354900.0,4.419055605500085
354950.0,3.64496733892916
355000.0,3.511077629364341
355050.0,3.4614574286814155
355100.0,3.8397488384816776
355150.0,3.7603856720911715
355200.0,2.277957525436375
355250.0,4.223812188208435
355300.0,3.758445455321175
355350.0,3.9601766466006323
355400.0,5.058319683998618
355450.0,4.928549868735045
355500.0,4.483902063615986
355550.0,2.656799933311594
355600.0,2.3019507174869402
355650.0,2.353055869266458
355700.0,2.9236636602076147
355750.0,3.4043062405810933
355800.0,3.6923444360068163
355850.0,3.347208020427577
355900.0,3.4047042561436633
355950.0,3.572379795881081
356000.0,3.3590013505036924
356050.0,3.650012719120418
356100.0,3.8700222060113174
356150.0,3.9351902250051167
356200.0,3.748622780552206
356250.0,3.4263836481377163
356300.0,4.040112184912727
356350.0,3.8331982418895656
356400.0,4.57088633116708
356450.0,4.096177025742508
356500.0,4.031374565062818
356550.0,3.49909914816125
356600.0,5.0149870694183845
356650.0,4.527656830343997
356700.0,3.2787353254717804
356750.0,3.5612929715814783
356800.0,2.66569070937585
356850.0,3.458133270240967
356900.0,3.4633625268960717
356950.0,2.7819583636431546
357000.0,3.6447228546942725
357050.0,2.9971982970507907
357100.0,3.5839355501674413
357150.0,3.970425900309031
357200.0,3.4916553836483284
357250.0,3.978390865438272
357300.0,4.385443294658522
357350.0,3.285073277605024
357400.0,3.8700673099984697
357450.0,3.574603754456629
357500.0,3.3154944592842046
357550.0,2.8715130189203424
357600.0,3.662645000416914
357650.0,3.739249530917743
357700.0,4.020658006478824
357750.0,3.213300250298813
357800.0,4.103118776922815
357850.0,3.6969323876669877
357900.0,3.1515999655092592
357950.0,3.153078487604376
358000.0,3.1205274224175437
358050.0,2.769713100082094
358100.0,2.930477530462126
358150.0,2.518790766310697
358200.0,2.6818431466058015
358250.0,3.8999982651949163
358300.0,4.526077542819269
358350.0,4.360573119199603
358400.0,3.5587753195329834
358450.0,3.6146106182158433
358500.0,4.870462290545599
358550.0,2.7840086219266578
358600.0,4.1695315446026155
358650.0,4.884794405281719
358700.0,5.125721236824974
358750.0,5.014188746125682
358800.0,5.647203642092785
358850.0,6.6819898417070975
358900.0,5.100763511802048
358950.0,5.227425973848116
359000.0,4.616111005671179
359050.0,5.22315072015625
359100.0,5.231500495412735
359150.0,4.394143827026369
359200.0,4.259577552733519
359250.0,4.283475544950719
359300.0,4.882228177227589
359350.0,4.360574471663786
359400.0,3.8256627054059686
359450.0,2.991820827529184
359500.0,3.14948845140382
359550.0,3.9749923475712334
359600.0,3.8247198292002937
359650.0,2.232018094912463
359700.0,2.281507210734647
359750.0,2.6455587882157605
359800.0,3.0301287310906933
359850.0,1.4728539334011006
359900.0,3.8706039872151115
359950.0,3.563967208752676
360000.0,4.487110983478954
360050.0,3.8462812311546504
360100.0,3.695156619996737
360150.0,4.495782901536451
360200.0,1.3738610417340624
360250.0,4.451043809867312
360300.0,3.7154494753887466
360350.0,2.1218363355455425
360400.0,2.2645314575378515
360450.0,0.8976074698541231
360500.0,2.1933258665686903
360550.0,2.6871176531255814
360600.0,2.0694208951286694
360650.0,2.7843144261650843
360700.0,2.180783346287018
360750.0,1.473938186450546
360800.0,1.302611304163604
360850.0,1.338875586346778
360900.0,1.1022287186647934
360950.0,1.9387069860798187
361000.0,1.093343728965889
361050.0,4.007829542790002
361100.0,1.0060286629510458
361150.0,2.4216928289669055
361200.0,2.6317433405033874
361250.0,3.308786993512316
361300.0,4.0356061496711755
361350.0,3.747013400547529
361400.0,4.4312820398187345
361450.0,4.546358077765565
361500.0,5.532892603469443
361550.0,4.723526566961008
361600.0,4.060567207746684
361650.0,3.6326976968589553
361700.0,3.299026721195044
361750.0,4.152658263613391
361800.0,4.132661573110704
361850.0,4.781274098697224
361900.0,5.672253047836436
361950.0,5.2862171863963905
362000.0,4.077375196354472
362050.0,4.482743843970198
362100.0,3.758415091857233
362150.0,4.0599117930983315
362200.0,3.792794999562922
362250.0,5.346453731960673
362300.0,5.3412428691815625
362350.0,5.027603974182094
362400.0,3.6849133886892425
362450.0,2.558396713549181
362500.0,3.1314017748003087
362550.0,1.465054155733149
362600.0,1.383795123388835
362650.0,3.1207988313047172
362700.0,0.5503652906419082
362750.0,1.9734746399611145
362800.0,4.040322726363934
362850.0,4.5530420309772435
362900.0,3.526414741313855
362950.0,3.706009483215331
363000.0,2.707357778717949
363050.0,2.8873171080586597
363100.0,3.611052904096676
363150.0,3.6837578626974636
363200.0,4.155348351449554
363250.0,4.005259053478181
363300.0,4.0154062607662535
363350.0,4.630562595932055
363400.0,3.7745736465739435
363450.0,3.799341355114987
363500.0,4.384904653281265
363550.0,3.8732249454843837
363600.0,4.21859984289361
363650.0,3.5426070011606376
363700.0,2.988522647020151
363750.0,3.259846799100327
363800.0,3.406596931251228
363850.0,3.371188873319456
363900.0,3.000678822842695
363950.0,3.371011538962591
364000.0,3.2883281028603
364050.0,3.0598535420442383
364100.0,3.363822946091496
364150.0,3.0724891889618875
364200.0,3.701430308841082
364250.0,3.3625699315024895
364300.0,4.1160738609712615
364350.0,3.147856454221708
364400.0,2.378251464694157
364450.0,2.3073098362483218
364500.0,1.7727074918931285
364550.0,1.9593331086087231
364600.0,2.1058220866872523
364650.0,2.536667425067442
364700.0,1.1305728385441678
364750.0,1.0834170475035552
364800.0,4.032886492572128
364850.0,3.7227013117862744
364900.0,2.970469480463602
364950.0,3.0245808334636117
365000.0,2.5176358035013355
365050.0,4.037276173534802
365100.0,4.049219584692939
365150.0,4.180119651289531
365200.0,2.586963082603691
365250.0,4.060270355697664
365300.0,4.4391992410515755
365350.0,2.7423694806967953
365400.0,3.009020906817296
365450.0,2.6862813109422365
365500.0,4.004456038475597
365550.0,3.5706555326302736
365600.0,2.993206066443814
365650.0,3.206572394569312
365700.0,2.937701459503339
365750.0,2.251333059151285
365800.0,2.6453353755782403
365850.0,3.2275533951568005
365900.0,3.1020487383611703
365950.0,3.1147054934090725
366000.0,3.867373666612197
366050.0,2.9792924335405164
366100.0,4.020806078971204
366150.0,3.651983748554406
366200.0,3.27441704746682
366250.0,3.5286535851907863
366300.0,3.7604900840247124
366350.0,5.310916348575599
366400.0,2.5531522730844443
366450.0,1.9206232172128201
366500.0,2.270730010975995
366550.0,2.102334747179101
366600.0,2.5590214456573253
366650.0,2.486821376231652
366700.0,1.3420106054845113
366750.0,2.3358278363168625
366800.0,2.354802465886177
366850.0,2.133493843647297
366900.0,1.2856482281742412
366950.0,2.5525899741629727
367000.0,2.7288639575069396
367050.0,2.6025345992594566
367100.0,2.578638767467351
367150.0,2.766133599952256
367200.0,2.385375114074822
367250.0,2.4555634296868307
367300.0,2.813856381915929
367350.0,2.450039850033178
367400.0,1.7227314051479592
367450.0,2.8036567210615733
367500.0,2.7193014274516156
367550.0,2.5281634236459976
367600.0,2.4407577457579857
367650.0,1.8609135195459892
367700.0,1.5754007504277001
367750.0,1.6410038997034835
367800.0,2.383378521408344
367850.0,4.095591395789859
367900.0,3.458508233225443
367950.0,4.094314706027673
368000.0,3.839020062423949
368050.0,4.0313173110920495
368100.0,2.9097382811295183
368150.0,3.604119374816425
368200.0,3.380560761838079
368250.0,4.678999449891375
368300.0,4.843283664233873
368350.0,4.84617442349875
368400.0,4.31070403188621
368450.0,4.2720845035987
368500.0,3.184351415306348
368550.0,4.178334685791631
368600.0,4.057596687864396
368650.0,2.7064330710874325
368700.0,3.4393316458003573
368750.0,3.057267000021969
368800.0,3.515565575890784
368850.0,2.110661964900385
368900.0,2.920427166774728
368950.0,2.5214470332808463
369000.0,2.683633811224615
369050.0,2.9132264373314563
369100.0,1.6624640696517814
369150.0,2.7727940472785835
369200.0,3.6491199191165666
369250.0,2.3768222649144026
369300.0,1.770477575330554
369350.0,1.7092061365176323
369400.0,2.3073985339333776
369450.0,1.4000332713980093
369500.0,4.040827006313227
369550.0,2.842285976494487
369600.0,3.4050834069776337
369650.0,2.9350981110834438
369700.0,3.0474256193211855
369750.0,3.864141589301692
369800.0,3.183660466136312
369850.0,2.8565885292674147
369900.0,3.16670108345698
369950.0,2.67323789253608
370000.0,3.478919260875805
370050.0,3.412796729750198
370100.0,3.1374044884985905
370150.0,3.7537433733268557
370200.0,3.1231717860238137
370250.0,2.556302023521727
370300.0,2.563296339208189
370350.0,3.283485982955722
370400.0,1.8862386399164057
370450.0,2.524166076136704
370500.0,2.002202007401685
370550.0,1.7956060210070484
370600.0,1.7878783344033486
370650.0,2.705497753445227
370700.0,2.5168423430349707
370750.0,3.7533191703244744
370800.0,3.5591544795313403
370850.0,4.245407317161493
370900.0,2.6293907341767095
370950.0,3.540749734487682
371000.0,2.6789522804782715
371050.0,3.4135755378063433
371100.0,3.70746302765852
371150.0,2.58833773732189
371200.0,3.8216889148007835
371250.0,3.113163888260831
371300.0,3.078769133710487
371350.0,2.433148326519422
371400.0,2.2481550147785887
371450.0,3.3930063232809324
371500.0,3.5153661423819367
371550.0,2.4960955619168947
371600.0,1.98645275697367
371650.0,2.0222268450852616
371700.0,2.5180304572146164
371750.0,2.6448818579938953
371800.0,2.7980341288106008
371850.0,2.57573376913737
371900.0,2.628018791176783
371950.0,2.4828624738143117
372000.0,2.384196644608367
372050.0,2.2612814364381406
372100.0,3.0318831460648306
372150.0,3.478345686916693
372200.0,4.214760711142321
372250.0,3.9510267845968396
372300.0,1.9660368892319668
372350.0,2.1648987652671834
372400.0,1.742353554136045
372450.0,2.360359059198312
372500.0,2.885374470282215
372550.0,2.8465601853765072
372600.0,3.056749652615883
372650.0,1.9542272054146312
372700.0,2.7353454667416273
372750.0,2.084348174376944
372800.0,1.97294365094242
372850.0,2.9301700446369283
372900.0,2.738719225964899
372950.0,2.3721253206806505
373000.0,2.3998890495196568
373050.0,2.239845615255989
373100.0,3.2567461946539478
373150.0,3.6977019845396244
373200.0,2.06888756166565
373250.0,0.5693870595410265
373300.0,0.8164545776818427
373350.0,0.6197552992364351
373400.0,1.285686771917135
373450.0,2.418800866519382
373500.0,2.464751940275399
373550.0,3.2065882425679577
373600.0,3.0486223410151516
373650.0,2.069030257412384
373700.0,2.2387079811137354
373750.0,1.7929029774208154
373800.0,2.452834397604173
373850.0,2.891105600889802
373900.0,2.921315753215868
373950.0,2.7795865021706434
374000.0,2.108579159046084
374050.0,3.4749481632108576
374100.0,2.380040199524198
374150.0,2.970135644459321
374200.0,2.4102487624092035
374250.0,3.3299563091785123
374300.0,3.886618447590953
374350.0,3.298256439142299
374400.0,3.1958096028038554
374450.0,2.700687160509322
374500.0,2.1968148190423498
374550.0,2.680764592550019
374600.0,2.2828489273015764
374650.0,2.45588907214773
374700.0,2.3234449184521058
374750.0,1.7340682900276367
374800.0,2.6893875003390675
374850.0,2.9592554176616703
374900.0,2.6667784130864614
374950.0,2.9916868048579826
375000.0,2.6031289502155786
375050.0,2.4904974848863377
375100.0,3.2030122827025975
375150.0,3.5891046509470876
375200.0,3.882754782567502
375250.0,3.4685015012558487
375300.0,2.318639609623267
375350.0,3.3589545680793575
375400.0,2.881530114718913
375450.0,2.8726470819358285
375500.0,1.9623939615765948
375550.0,2.8992050886258065
375600.0,1.9012078134459238
375650.0,1.6883438518810059
375700.0,2.8752895622060968
375750.0,1.8096930059226204
375800.0,1.2643157749024307
375850.0,2.188740335444518
375900.0,2.4863374030246135
375950.0,2.7896545923831635
376000.0,3.13440439020789
376050.0,2.5920456873565096
376100.0,3.415084414243119
376150.0,3.132472725499095
376200.0,3.3046164258058357
376250.0,3.6926514219396402
376300.0,3.5497134717942216
376350.0,4.850134897775922
376400.0,3.1219536782788024
376450.0,3.8916389182324225
376500.0,2.8356289637204726
376550.0,2.9781039039276545
376600.0,2.3464617743120213
376650.0,2.8243366827993124
376700.0,3.1739706689177796
376750.0,3.406889683345763
376800.0,3.053815782849583
376850.0,2.291090680389905
376900.0,2.887832661022352
376950.0,2.7773894692324577
377000.0,2.41066511734853
377050.0,2.044624496353753
377100.0,2.0900696738371143
377150.0,2.2331121677257246
377200.0,2.2033600204399377
377250.0,3.0707134250417223
377300.0,2.072772338796757
377350.0,2.5081818908857367
377400.0,2.7786312559440915
377450.0,2.6238519090021937
377500.0,3.8607892533075114
377550.0,3.440027971823579
377600.0,2.6530896865074647
377650.0,2.4721055147975504
377700.0,2.2182160682975103
377750.0,3.065514714152474
377800.0,3.384448600274649
377850.0,2.7552343334699354
377900.0,3.6073954181501886
377950.0,2.701645652255432
378000.0,3.2174962824063935
378050.0,2.8880411255705076
378100.0,3.8553976627238056
378150.0,4.779014077123543
378200.0,4.316361336379741
378250.0,3.640727458410859
378300.0,4.057901805419036
378350.0,4.530527942204248
378400.0,4.154457291877292
378450.0,4.437521110205407
378500.0,2.3991835050949635
378550.0,4.373749826264856
378600.0,3.532165166345606
378650.0,2.650453549136906
378700.0,3.641221126675499
378750.0,3.074229327137877
378800.0,3.663563088553144
378850.0,3.6629776529001883
378900.0,4.461324772489814
378950.0,3.6747497884479947
379000.0,3.126545898398366
379050.0,3.267091931385593
379100.0,3.0776728714079518
379150.0,2.8441338114599426
379200.0,2.0538260046448578
379250.0,3.2184954645673387
379300.0,3.803812589508958
379350.0,4.04765289376408
379400.0,3.3252657093846207
379450.0,4.455852894948284
379500.0,4.240260436499483
379550.0,4.671332347577537
379600.0,4.64242335768631
379650.0,3.8128866467176423
379700.0,5.04504539930687
379750.0,4.388745698856031
379800.0,3.0185244076561815
379850.0,3.5608548421748867
379900.0,2.8404578428199048
379950.0,2.8860668427360787
380000.0,2.9468088809102078
380050.0,3.241276523010803
380100.0,3.0421998777945687
380150.0,3.822291986612231
380200.0,3.064326616165575
380250.0,3.7353159322247844
380300.0,1.455365007381946
380350.0,3.048489158769595
380400.0,1.767113841823744
380450.0,3.222373091257144
380500.0,2.908332439202549
380550.0,1.500697839792735
380600.0,1.3091609638261144
380650.0,1.5389553381353818
380700.0,0.5806038179868441
380750.0,1.626804517529332
380800.0,1.1315868800999562
380850.0,3.1356642228475717
380900.0,4.161368527895
380950.0,4.408600560150412
381000.0,4.624293246649757
381050.0,5.9956702944983435
381100.0,5.51192577376493
381150.0,5.74439735459067
381200.0,5.153589726562282
381250.0,4.999258059276064
381300.0,4.451526021866918
381350.0,4.489014672320528
381400.0,3.646763948007104
381450.0,4.949444474310118
381500.0,3.575821476814364
381550.0,4.89219881888058
381600.0,3.49962459883969
381650.0,4.047576329797283
381700.0,3.024380569475898
381750.0,5.59047354697044
381800.0,3.858959864285843
381850.0,5.08700350531521
381900.0,5.344163677850203
381950.0,5.216521547163932
382000.0,5.163039561307617
382050.0,5.27997094204396
382100.0,5.1877269711068585
382150.0,4.481268163756623
382200.0,4.888443494033443
382250.0,4.414904730214953
382300.0,5.496551184767997
382350.0,3.664571220853216
382400.0,3.9222941392378994
382450.0,4.060603950569998
382500.0,4.790041010290453
382550.0,5.160909496861092
382600.0,4.749199040075294
382650.0,5.0657068296761
382700.0,3.90548507198501
382750.0,3.8336532436299353
382800.0,4.1499045689686564
382850.0,4.986068682661249
382900.0,4.639717322325391
382950.0,4.719679540331392
383000.0,4.227977712251601
383050.0,2.852611899693092
383100.0,3.688044875003642
383150.0,4.532920963798713
383200.0,4.726869935767193
383250.0,3.8930805676504647
383300.0,4.49269448192844
383350.0,4.4644795503012284
383400.0,4.608184789398002
383450.0,4.657345664992676
383500.0,4.484914904144374
383550.0,4.138341825562478
383600.0,4.186572061512551
383650.0,3.5170416243091234
383700.0,4.176325598876511
383750.0,4.175560527889793
383800.0,4.203879058253391
383850.0,4.2073634335333185
383900.0,4.9325951904163405
383950.0,4.9691637335737555
384000.0,4.197913191311291
384050.0,4.764546462232746
384100.0,4.03788405197663
384150.0,4.701033245386228
384200.0,4.37433147933864
384250.0,4.469608213937031
384300.0,4.3888696446660544
384350.0,4.052087759410953
384400.0,4.404585444402498
384450.0,5.038808514679895
384500.0,4.713269154404069
384550.0,5.539251010820848
384600.0,4.883529264270462
384650.0,4.483703967656267
384700.0,5.322076821194182
384750.0,4.864926198655211
384800.0,4.782198546382555
384850.0,5.61606301576242
384900.0,4.9188285078052445
384950.0,5.2595499146436495
385000.0,4.791168938641369
385050.0,6.00167671935452
385100.0,5.031085244538001
385150.0,5.007444618898324
385200.0,3.6765876448426202
385250.0,2.181256623272975
385300.0,5.148297756308496
385350.0,3.6093587585926423
385400.0,3.8698175455320483
385450.0,3.2553169393883414
385500.0,3.742098551839885
385550.0,3.242113918592819
385600.0,4.623622118442235
385650.0,0.5890639946676173
385700.0,4.621057653867088
385750.0,3.3187002032208563
385800.0,3.374626519230205
385850.0,3.3071113728384796
385900.0,3.9832886225785447
385950.0,4.411530013289998
386000.0,3.4056677241203803
386050.0,3.6731545069622165
386100.0,2.37909127142389
386150.0,5.05360642208257
386200.0,3.280300482971327
386250.0,2.4826165793331514
386300.0,3.372918036862992
386350.0,2.775046423174561
386400.0,3.7111428656239234
386450.0,3.7577756470749963
386500.0,4.151562133932247
386550.0,3.776110426732463
386600.0,5.096056859370453
386650.0,4.788328709525829
386700.0,3.7975349092193693
386750.0,5.315692273882772
386800.0,4.4310905254456525
386850.0,5.209166956986769
386900.0,4.456868728557403
386950.0,4.859692097398142
387000.0,4.341922955957645
387050.0,3.987202688396716
387100.0,3.498426422827862
387150.0,3.5236795141932133
387200.0,3.5449778671626735
387250.0,4.146069175957002
387300.0,3.129899350829897
387350.0,3.36555915120685
387400.0,3.9583573728053607
387450.0,3.626925299437568
387500.0,4.135892125571657
387550.0,4.251462389146856
387600.0,5.113911455210214
387650.0,4.434058333315636
387700.0,4.68573240241301
387750.0,5.117763190422682
387800.0,3.8356361408653177
387850.0,3.9359219567744557
387900.0,4.587306554724441
387950.0,3.194525660496309
388000.0,4.096657494168384
388050.0,3.176367653236443
388100.0,3.163460423046755
388150.0,3.7799697572067874
388200.0,3.7870440757982924
388250.0,3.732413141016549
388300.0,4.092848490687788
388350.0,4.540959442870619
388400.0,4.887369013994894
388450.0,3.63227331138382
388500.0,3.9620584698027033
388550.0,4.439918964784762
388600.0,4.597499178897474
388650.0,4.209904668824375
388700.0,4.737306058837794
388750.0,3.881660235215708
388800.0,4.281037616625689
388850.0,4.389874199391807
388900.0,3.414923082336209
388950.0,3.663618274145655
389000.0,3.3672051487748984
389050.0,4.4627472870917115
389100.0,5.711216033416547
389150.0,4.905758512220009
389200.0,4.906211458600203
389250.0,4.155070244195088
389300.0,3.963206305584004
389350.0,4.667438872908413
389400.0,4.159864656378766
389450.0,4.234973209304976
389500.0,3.8344077083391594
389550.0,4.354925623017609
389600.0,3.5561897714182162
389650.0,3.6157176895344247
389700.0,4.0923094066730945
389750.0,3.541663838992923
389800.0,3.7155069847787594
389850.0,3.56005511038117
389900.0,3.8915025299153383
389950.0,3.695483253689896
390000.0,4.089836535936322
390050.0,4.555371518779139
390100.0,4.383602453599749
390150.0,3.1725214863246323
390200.0,4.315052774227288
390250.0,4.740186672804398
390300.0,3.860884275205775
390350.0,3.718935875412363
390400.0,3.15697493995612
390450.0,3.763109744933605
390500.0,3.7615253110199336
390550.0,3.70537138649335
390600.0,3.9420018423122185
390650.0,3.528651784140582
390700.0,3.6348430023531826
390750.0,3.7353459356607743
390800.0,3.702023267846729
390850.0,3.840856386695252
390900.0,3.9126193053426586
390950.0,4.193624625185075
391000.0,4.307215517186977
391050.0,3.6813319839188434
391100.0,4.9526212181629035
391150.0,4.960502845135596
391200.0,4.382529272061881
391250.0,5.2806532218784055
391300.0,4.814620285832064
391350.0,4.271415658026482
391400.0,3.671865262621676
391450.0,4.289684282616053
391500.0,4.419816771985441
391550.0,4.419297119112734
391600.0,4.42068734396061
391650.0,5.051520532409557
391700.0,4.904020085966931
391750.0,4.75003817219905
391800.0,5.064187473754498
391850.0,4.24657339567746
391900.0,5.138929374608625
391950.0,4.313383951104021
392000.0,4.158099243139733
392050.0,4.747307965505202
392100.0,4.196056380822254
392150.0,3.351120877089633
392200.0,3.4546928165443065
392250.0,4.085033565095156
392300.0,5.007715632595086
392350.0,4.977122395717642
392400.0,4.4235387733092315
392450.0,5.049563313861341
392500.0,3.5319243820771353
392550.0,4.354930061630192
392600.0,3.9158394965085033
392650.0,4.655799934665702
392700.0,4.617022571017106
392750.0,4.862405357560596
392800.0,4.567719281661444
392850.0,4.328347503871055
392900.0,3.9386535357684513
392950.0,4.480055553234675
393000.0,3.513373193341956
393050.0,3.567000530651956
393100.0,4.478058642669118
393150.0,3.466837626086671
393200.0,3.7255967240646224
393250.0,4.924641755839191
393300.0,4.306342996029336
393350.0,4.1393339352965475
393400.0,5.317271395902039
393450.0,4.68843182893161
393500.0,4.097482901558335
393550.0,3.7375676630857315
393600.0,4.5337264205472145
393650.0,4.182950315980722
393700.0,3.362036919569492
393750.0,3.4094414646848095
393800.0,4.481351943049172
393850.0,3.1398209660545784
393900.0,2.508703858583598
393950.0,4.125247042207232
394000.0,2.688248373623725
394050.0,3.9610469936821486
394100.0,2.8267641937181778
394150.0,2.6860538760131614
394200.0,2.3629412177913434
394250.0,2.055356364672742
394300.0,2.3165705089070183
394350.0,2.165613367185106
394400.0,1.9541182232502126
394450.0,3.632957008219775
394500.0,2.816999595093369
394550.0,3.443149013362053
394600.0,3.8307566444687025
394650.0,2.314645697437262
394700.0,3.428610354152154
394750.0,3.321728587733231
394800.0,4.892939899614979
394850.0,4.255750319136686
394900.0,4.877307452652159
394950.0,3.772583414601101
395000.0,3.3393049145085967
395050.0,3.586095017989524
395100.0,4.080367686216751
395150.0,4.198912395804226
395200.0,3.875070116951179
395250.0,3.844295347261824
395300.0,2.992570419059394
395350.0,3.183985837154772
395400.0,2.7461400734086925
395450.0,4.466650670571292
395500.0,3.756141119018705
395550.0,4.091770818086946
395600.0,4.070504342589439
395650.0,4.493205424073574
395700.0,3.3785624238057816
395750.0,4.0466509292636434
395800.0,4.085926432526413
395850.0,4.547045118704858
395900.0,4.74246621207926
395950.0,3.4672141632691176
396000.0,4.100389265981731
396050.0,3.713194658944163
396100.0,3.233414958863792
396150.0,4.253199347976133
396200.0,4.848734416900121
396250.0,3.5461797023803046
396300.0,3.085479722780595
396350.0,3.9600640655904202
396400.0,3.726984030143275
396450.0,4.293751532719661
396500.0,3.701109893942196
396550.0,3.8795076757971043
396600.0,4.289684349134733
396650.0,4.470859107768893
396700.0,4.6127844782429515
396750.0,4.4501900220455575
396800.0,4.288564204675892
396850.0,2.9446366531274366
396900.0,2.6172113985680494
396950.0,4.384917226988009
397000.0,4.242191306617108
397050.0,3.915366644323944
397100.0,3.4462307055766566
397150.0,2.770231534461861
397200.0,2.0420068795146333
397250.0,2.8827389154839413
397300.0,3.7444627506393062
397350.0,3.3313950154625225
397400.0,3.049080613948563
397450.0,3.5807540866602845
397500.0,3.2850090303173762
397550.0,3.536890333500533
397600.0,2.243098554566799
397650.0,3.0371486563018695
397700.0,3.092345402030363
397750.0,3.1002360193868466
397800.0,4.483658858461001
397850.0,3.8136692334918636
397900.0,3.3013169960939375
397950.0,3.2765065560463156
398000.0,5.2604773365037305
398050.0,4.15470658314578
398100.0,4.223019559348636
398150.0,4.1228848703230065
398200.0,4.125333933869368
398250.0,4.679283428925537
398300.0,3.529094882155837
398350.0,2.378000954089536
398400.0,4.277485054034919
398450.0,4.695899652286231
398500.0,4.776774812814442
398550.0,2.747012725198238
398600.0,3.727989391644843
398650.0,3.6958638087215046
398700.0,3.168106931906637
398750.0,3.6943319494704276
398800.0,3.8300509409136545
398850.0,3.4010720966003087
398900.0,2.9558580699945454
398950.0,2.9540641363920965
399000.0,4.339595853915993
399050.0,4.0053730224953235
399100.0,5.352316746861855
399150.0,3.477198035749111
399200.0,4.441270133828382
399250.0,3.3308401469631828
399300.0,3.9007906612161
399350.0,4.187434579277049
399400.0,3.7645178789389835
399450.0,3.3346987161294495
399500.0,3.8518690606821497
399550.0,4.174565004267689
399600.0,2.6964245894207934
399650.0,2.615736788360402
399700.0,2.8666704335198716
399750.0,3.2066136718158513
399800.0,2.392719889937764
399850.0,3.8954476929994275
399900.0,3.6695805127501777
399950.0,3.3699078967845906
400000.0,3.2210080984405804
400050.0,3.1287855177340393
400100.0,3.4342524689926903
400150.0,3.861524702968349
400200.0,4.4949225722695365
400250.0,3.598737659813783
400300.0,4.0446236207819775
400350.0,3.799748222446606
400400.0,4.6120405282785235
400450.0,3.1298239300733255
400500.0,2.8827926013513587
400550.0,2.7622807773259015
400600.0,2.4459132074710435
400650.0,2.6791214581987775
400700.0,3.1626845147582237
400750.0,3.3941422672597787
400800.0,2.3698063278009855
400850.0,3.1312750226158514
400900.0,3.0826119571359736
400950.0,1.9151248845444973
401000.0,2.910822440004075
401050.0,2.747887462617863
401100.0,2.075834515162207
401150.0,2.4683777483456546
401200.0,1.168288112173319
401250.0,3.488605402079251
401300.0,2.870140174345641
401350.0,2.7679033517903155
401400.0,2.5880644705800075
401450.0,2.4841827018846443
401500.0,3.132551013875147
401550.0,1.98526870562412
401600.0,1.6018114116789255
401650.0,2.0101992425877118
401700.0,3.05316150543413
401750.0,2.462619686114223
401800.0,2.9091041995287616
401850.0,3.3959665208716134
401900.0,2.2634939061392547
401950.0,2.980567817105153
402000.0,2.270522557423396
402050.0,2.0417142218119
402100.0,2.4803817270693607
402150.0,3.2841904579548156
402200.0,2.832204625084409
402250.0,2.6985385867508533
402300.0,2.915577187303261
402350.0,1.8930109331694223
402400.0,3.1007366068275592
402450.0,2.9291082312798244
402500.0,1.7447910172830587
402550.0,2.599328359864618
402600.0,2.3848247542106655
402650.0,2.4600396514456695
402700.0,2.5487409210472998
402750.0,2.932985360521441
402800.0,2.8203875601407167
402850.0,2.528715797153026
402900.0,1.9424992003410644
402950.0,1.9922312541281406
403000.0,2.6215073682918284
403050.0,2.947216722694933
403100.0,2.8367219602071425
403150.0,2.232976861245861
403200.0,3.042727911384551
403250.0,2.6461666293399584
403300.0,1.8662782770985835
403350.0,2.7994412175311703
403400.0,3.532319467394303
403450.0,3.1319137446040566
403500.0,2.0985948210192547
403550.0,2.7039385550945982
403600.0,4.239397345486864
403650.0,3.8778990639940205
403700.0,4.301778574902581
403750.0,3.235935238493931
403800.0,3.610401293148819
403850.0,3.939570211605234
403900.0,4.76783978536177
403950.0,3.96256205859799
404000.0,3.7074662457187046
404050.0,3.4638421797054764
404100.0,3.0647996866292146
404150.0,2.656558635568104
404200.0,3.548193637819172
404250.0,3.0356675390850216
404300.0,3.32278235390507
404350.0,2.8113138552394643
404400.0,2.6223832526893998
404450.0,4.04667495886291
404500.0,4.315379561159025
404550.0,3.369759492077362
404600.0,2.6072746107833393
404650.0,3.4232457416138513
404700.0,3.1153485044769194
404750.0,2.6020928372766234
404800.0,3.058724286307043
404850.0,2.8957515630466824
404900.0,3.8493769090476677
404950.0,4.348515632723861
405000.0,4.385484469893916
405050.0,3.4851085042904315
405100.0,4.243969726628755
405150.0,4.420291090136803
405200.0,3.9338777058944636
405250.0,3.7587978718027606
405300.0,4.141992013805812
405350.0,3.8808623108791482
405400.0,4.255737354123171
405450.0,3.7644892778087695
405500.0,3.427581282642
405550.0,3.935338259051536
405600.0,3.591738765082025
405650.0,3.5539575671419588
405700.0,3.6368771288408204
405750.0,3.8778989876617214
405800.0,2.5630835588683225
405850.0,2.789637933030019
405900.0,3.3289182818017964
405950.0,2.5584548143356125
406000.0,2.810123229670867
406050.0,3.3917267507225164
406100.0,2.7232681112927875
406150.0,3.7328279745443984
406200.0,3.2251783823821247
406250.0,2.9432787221495937
406300.0,3.258987218420292
406350.0,3.9696571794005426
406400.0,3.754527763410565
406450.0,3.6095154028628196
406500.0,3.2009029659445134
406550.0,3.477496480935
406600.0,5.113536819200053
406650.0,3.4723339421806307
406700.0,4.006007196124987
406750.0,5.095518832908731
406800.0,4.073388409365066
406850.0,3.535321170188707
406900.0,2.857914674167615
406950.0,2.934107602618734
407000.0,2.7907874715473193
407050.0,3.4167918116583467
407100.0,4.575083183494617
407150.0,3.0713023263331514
407200.0,2.927489695936198
407250.0,3.246876052701445
407300.0,3.8544899118399085
407350.0,5.358030528735808
407400.0,5.06555293688851
407450.0,4.876288546030832
407500.0,3.0150771609176203
407550.0,3.1318024639150264
407600.0,4.679151871937129
407650.0,3.0994844098997185
407700.0,3.8760004611204777
407750.0,3.3943181549057395
407800.0,3.1797128828487944
407850.0,3.4081194353140702
407900.0,3.6157137719874544
407950.0,3.9151238128848784
408000.0,3.4324330980610203
408050.0,3.1958846489806816
408100.0,2.6139032565077938
408150.0,3.6081111613989414
408200.0,3.966469773953326
408250.0,2.101262641973793
408300.0,3.0358142727130435
408350.0,2.7404735139348873
408400.0,2.496615448224627
408450.0,2.8662124928164885
408500.0,3.4332027361096062
408550.0,2.4356708030408627
408600.0,2.023512868108599
408650.0,1.8578747270998044
408700.0,2.5485672902952796
408750.0,2.3047339799399844
408800.0,3.0231589034122472
408850.0,4.24384016495918
408900.0,3.2666928628433984
408950.0,3.5797622802066913
409000.0,3.6743145623448905
409050.0,3.9834777934390315
409100.0,3.7633638325922942
409150.0,4.796113458741036
409200.0,4.646384361446157
409250.0,3.5658663683821055
409300.0,4.029056453761204
409350.0,4.367996776610541
409400.0,3.948985239760105
409450.0,3.625198185844802
409500.0,3.1907518305743316
409550.0,4.238593257527152
409600.0,4.515568752356671
409650.0,4.54142813549933
409700.0,4.370935379243688
409750.0,4.441099859572152
409800.0,4.876041231830667
409850.0,5.453887018919153
409900.0,4.682230383041498
409950.0,4.885136302039249
410000.0,4.841657110861395
410050.0,5.230250883486938
410100.0,4.259925218390202
410150.0,4.48288714361315
410200.0,4.690296619531552
410250.0,5.156412086707118
410300.0,3.971073097470877
410350.0,4.063516705713476
410400.0,4.531522129828704
410450.0,4.230202297849535
410500.0,4.3385364705240015
410550.0,4.465759048447516
410600.0,4.375808016204497
410650.0,4.333043468311641
410700.0,4.218837197452342
410750.0,3.857797122968648
410800.0,3.7362507890319163
410850.0,4.529216543663312
410900.0,4.723567888518221
410950.0,4.690943504061421
411000.0,4.270604020225095
411050.0,3.9168726743014655
411100.0,4.19749834343726
411150.0,4.991128086562028
411200.0,5.461105855944939
411250.0,4.0310152699363835
411300.0,5.513736477332148
411350.0,4.435422794874863
411400.0,5.144969579613902
411450.0,3.8310444332615177
411500.0,3.991065812563893
411550.0,3.7861467578994876
411600.0,2.786284849246714
411650.0,4.225140315691494
411700.0,3.5522382040856377
411750.0,3.978854997109528
411800.0,4.656841422436785
411850.0,3.2374038241346157
411900.0,3.2069435908414787
411950.0,4.6006730491201475
412000.0,3.66776070405066
412050.0,3.5515596747205316
412100.0,4.020025435793132
412150.0,4.171403270603083
412200.0,3.4123551356893618
412250.0,3.249939377910606
412300.0,3.2497037523731507
412350.0,4.239527090082902
412400.0,3.406509026947138
412450.0,4.078587996051435
412500.0,5.711163231904461
412550.0,5.421013525480666
412600.0,5.413176471118985
412650.0,4.960736265912183
412700.0,4.360960590342604
412750.0,5.470748575655958
412800.0,4.599300863462537
412850.0,5.411184323013215
412900.0,4.581090090763163
412950.0,4.950856529350205
413000.0,4.399432667314443
413050.0,4.877798853822215
413100.0,4.496821127567757
413150.0,3.508399399336942
413200.0,3.6354471738119325
413250.0,4.23293791883908
413300.0,2.839189252512048
413350.0,2.545208413342254
413400.0,2.9529124169110372
413450.0,2.617267257997617
413500.0,3.030988655578753
413550.0,2.474630469894778
413600.0,2.3452269044604974
413650.0,2.81923521886487
413700.0,2.6718881201737954
413750.0,2.1379166274964057
413800.0,3.646819112084862
413850.0,3.3130917606071724
413900.0,3.1149432740250065
413950.0,3.990624364127256
414000.0,2.9022878412050046
414050.0,3.3016484414725085
414100.0,2.4922658215347004
414150.0,2.602784772942372
414200.0,3.114370549809658
414250.0,3.6027069028180176
414300.0,3.04062316079559
414350.0,3.576855008398526
414400.0,3.8411155320169943
414450.0,4.019411243200325
414500.0,3.913335891113558
414550.0,3.329907595528234
414600.0,4.157668610332289
414650.0,4.392399580220581
414700.0,3.8712873327689077
414750.0,5.70215401703428
414800.0,4.8337276806877485
414850.0,4.879549265199632
414900.0,5.4050794072299695
414950.0,4.059235482983647
415000.0,4.2166088519064
415050.0,4.43346592051799
415100.0,4.330148425654493
415150.0,4.568071698271586
415200.0,4.139986932708995
415250.0,4.529579029864542
415300.0,4.170044692649127
415350.0,4.757626284970461
415400.0,4.740528874247374
415450.0,4.878440328785923
415500.0,4.046404655267294
415550.0,5.246594693488813
415600.0,5.95887739784458
415650.0,3.8258320552426586
415700.0,4.576565551718583
415750.0,4.940690136477913
415800.0,4.322380085967219
415850.0,4.283841699936781
415900.0,4.541131789510436
415950.0,4.368863213773171
416000.0,3.5429501963442713
416050.0,5.282471421142395
416100.0,4.335031737462946
416150.0,4.58102765044434
416200.0,3.8579527985118136
416250.0,3.9307123950833014
416300.0,3.830321662487046
416350.0,4.16447863921098
416400.0,3.95480407499836
416450.0,1.85851774734331
416500.0,3.322674745628494
416550.0,3.6296096171542445
416600.0,3.828950993082466
416650.0,2.93301831282096
416700.0,3.536053862219589
416750.0,4.639339693377264
416800.0,5.327097544015729
416850.0,4.707662906924578
416900.0,3.190640902818476
416950.0,2.7217105804802952
417000.0,2.9490641557241983
417050.0,2.8613791137741083
417100.0,2.0016993009892903
417150.0,2.649222160920084
417200.0,2.407012274004856
417250.0,3.0152243915061514
417300.0,2.357731983673724
417350.0,2.560330835072081
417400.0,2.011022509225199
417450.0,2.8966698798521846
417500.0,2.4978969248733294
417550.0,3.027641361887623
417600.0,3.2641997170066133
417650.0,2.9553654437389305
417700.0,2.6661019606106136
417750.0,2.184765076050811
417800.0,2.8202457364301234
417850.0,2.5735954201946623
417900.0,2.724755217313079
417950.0,1.8733921377570766
418000.0,2.1044244380833335
418050.0,1.4864718783216766
418100.0,2.8764898106870347
418150.0,2.3446511327589037
418200.0,2.3506095225759798
418250.0,2.1551078171185494
418300.0,1.2419735492912112
418350.0,1.5184199985545372
418400.0,2.508104557932484
418450.0,2.0876075528737856
418500.0,2.742642303366141
418550.0,1.6016214051766358
418600.0,2.1150380232697428
418650.0,2.343712527049292
418700.0,1.6196896526575078
418750.0,1.1851162327982583
418800.0,2.4314979840291047
418850.0,1.339548120181565
418900.0,2.1219999121928965
418950.0,2.1038258875012454
419000.0,1.3679502214071162
419050.0,1.4473744476682207
419100.0,2.192920598367122
419150.0,2.6752377276490593
419200.0,2.529464517249671
419250.0,2.5138418527487376
419300.0,1.6743342829929273
419350.0,2.903683243649775
419400.0,1.5485785679502388
419450.0,1.7992233296210165
419500.0,0.8658504684463991
419550.0,1.7238608901086099
419600.0,1.939557605137036
419650.0,1.570538567181366
419700.0,1.5864402720669433
419750.0,1.9764072073438688
419800.0,2.398870834484529
419850.0,2.576777825108497
419900.0,3.024049414219628
419950.0,3.182797225419446
420000.0,1.3243884386150782
420050.0,1.9962180719049307
420100.0,1.3654634766368385
420150.0,0.8869018223930626
420200.0,1.3657581043487055
420250.0,1.801109968651949
420300.0,2.287220422569252
420350.0,2.896441640893443
420400.0,2.681527959908325
420450.0,2.0950400089724552
420500.0,2.21533340322213
420550.0,2.8093055046128184
420600.0,2.821645009081895
420650.0,2.0482663143312947
420700.0,2.3828772391327284
420750.0,1.934630359780663
420800.0,2.4446477768208044
420850.0,1.7425591111662513
420900.0,2.931398862660631
420950.0,1.8026063284073048
421000.0,2.3617767499321465
421050.0,2.490159879406175
421100.0,2.6480532094704543
421150.0,1.7583194364602301
421200.0,1.7324530709998
421250.0,1.9249382964403654
421300.0,1.4245680230015398
421350.0,3.360799879059288
421400.0,1.841573993188179
421450.0,2.0601401649982853
421500.0,1.6936930710455431
421550.0,2.4077161713731825
421600.0,1.6994975148555191
421650.0,0.4529882269525668
421700.0,1.4897284097709893
421750.0,1.4518229192538528
421800.0,2.4280232154223165
421850.0,2.3679108985195323
421900.0,2.562593540477843
421950.0,1.875256308989314
422000.0,1.9444501194700357
422050.0,1.8351277918614322
422100.0,1.7344156667600072
422150.0,2.0760751175461722
422200.0,2.1124597554222677
422250.0,1.8488876116218984
422300.0,1.6767202315468197
422350.0,2.4782446524990553
422400.0,1.8268513007626288
422450.0,1.9851654906270666
422500.0,1.563519540422005
422550.0,2.038872081626298
422600.0,1.189033355476947
422650.0,1.7230218167271865
422700.0,2.007311239721986
422750.0,1.687184919775983
422800.0,1.740285104662157
422850.0,2.5220033790112604
422900.0,2.4075274567987415
422950.0,1.6283089226384977
423000.0,2.2703967530007123
423050.0,2.1652441162944767
423100.0,2.0909783894211307
423150.0,2.1036433805284607
423200.0,2.7320867210935322
423250.0,1.7780316860663412
423300.0,1.7810909854063055
423350.0,2.7212301305604187
423400.0,2.2443705686221525
423450.0,1.6391148928141304
423500.0,2.012484374943558
423550.0,1.9291678695339145
423600.0,2.494252270900014
423650.0,2.902788751848626
423700.0,2.12327448110703
423750.0,2.5227914269547083
423800.0,2.3810920095094956
423850.0,2.3306025447260073
423900.0,2.521325829526863
423950.0,2.4872624429019217
424000.0,1.617959090928234
424050.0,2.2058340247012715
424100.0,1.5320889911066338
424150.0,2.509677566559902
424200.0,1.641490417218811
424250.0,1.8374412226349415
424300.0,2.15036830711164
424350.0,2.3311142414260124
424400.0,0.3668791965344986
424450.0,0.5928695518001245
424500.0,1.2858426738340127
424550.0,0.9052622985257672
424600.0,0.9443527604859497
424650.0,2.1465509671840106
424700.0,1.7653018976425912
424750.0,2.5254282993412067
424800.0,2.543553846149737
424850.0,1.7756384023346428
424900.0,3.163048046774462
424950.0,2.1370268602225617
425000.0,2.787272846364977
425050.0,1.7840113858302495
425100.0,1.7222610870613586
425150.0,1.0647036402525787
425200.0,2.240910595011873
425250.0,0.22582664047418502
425300.0,1.3609167980647783
425350.0,2.254263525086218
425400.0,1.9432923433846205
425450.0,2.7590743754578857
425500.0,1.3656787545980396
425550.0,1.4476878801625725
425600.0,1.8944634878392066
425650.0,1.6825540247786328
425700.0,1.9580602506231233
425750.0,1.971520166361149
425800.0,1.9309563934490073
425850.0,1.529375829116132
425900.0,1.867110372036738
425950.0,1.872190230334391
426000.0,2.067384768777445
426050.0,2.6085010986371744
426100.0,1.1078756263177518
426150.0,1.6339183456294286
426200.0,2.5813560423426996
426250.0,1.6115175343289079
426300.0,1.411876653543554
426350.0,1.8449370979884052
426400.0,1.416367755795225
426450.0,1.7345295592133774
426500.0,1.7219458737617608
426550.0,1.698321484557707
426600.0,1.1469945361987324
426650.0,0.5241167002851497
426700.0,1.9526618607198225
426750.0,2.2676374871198623
426800.0,1.4478233595595875
426850.0,1.7586329474341045
426900.0,2.79085667355245
426950.0,2.383794906996502
427000.0,2.5031327113032416
427050.0,2.21587511948819
427100.0,3.08837838791139
427150.0,3.122141772972953
427200.0,2.2667325222845114
427250.0,2.853506016305085
427300.0,2.4526281051600436
427350.0,2.5456418692051295
427400.0,2.960622797224386
427450.0,3.3894655721302196
427500.0,3.966067462021667
427550.0,2.8052265020095786
427600.0,2.9421057186289663
427650.0,2.9341219028848826
427700.0,1.4084720823014376
427750.0,2.515392414521158
427800.0,1.9195005029470162
427850.0,1.2253142683447993
427900.0,1.0032915935164344
427950.0,1.4788474869181227
428000.0,1.4812496126780395
428050.0,1.7367473226810686
428100.0,1.828355016923488
428150.0,2.3233155335410083
428200.0,1.834552517844414
428250.0,2.8568855678405214
428300.0,1.4690418281558777
428350.0,2.218648831321784
428400.0,1.2903073936805154
428450.0,1.9034157953793616
428500.0,2.5547975708596296
428550.0,1.689788060197355
428600.0,1.9732919118218606
428650.0,1.9445821812475395
428700.0,2.5199190750468228
428750.0,2.561266805614424
428800.0,2.524695737739182
428850.0,2.280635213878512
428900.0,2.9406972875695674
428950.0,2.01764266218887
429000.0,1.9354612178438877
429050.0,2.461827359581755
429100.0,2.389477941729056
429150.0,2.8060099043478055
429200.0,2.4333311668649578
429250.0,2.269908079068796
429300.0,2.9018916559994015
429350.0,2.127181493139906
429400.0,1.8910797974492604
429450.0,2.65054469142888
429500.0,2.6490191885232717
429550.0,2.4229321086366298
429600.0,2.1076515565051808
429650.0,1.873633587399848
429700.0,2.9956441710702366
429750.0,2.467261337911739
429800.0,3.009200375319525
429850.0,2.2379877398141717
429900.0,3.318805318775266
429950.0,2.324198165618593
430000.0,1.9968689939059814
430050.0,2.312677372587978
430100.0,2.3198919895960115
430150.0,1.9904217120923209
430200.0,2.438811269646218
430250.0,2.138477026666985
430300.0,2.172574463030729
430350.0,1.5311759269499474
430400.0,1.9558596113918791
430450.0,2.243501413671387
430500.0,2.294863239946207
430550.0,2.3340534580528325
430600.0,1.794242310497744
430650.0,1.333339462531075
430700.0,2.1181306068064307
430750.0,3.50790191066566
430800.0,2.321673821392076
430850.0,2.6771227328470246
430900.0,3.024449472320362
430950.0,2.4183669552965643
431000.0,2.059728926824658
431050.0,2.383127513121344
431100.0,2.6447277236203353
431150.0,2.9934251000079493
431200.0,2.9724408774512314
431250.0,3.159712945963857
431300.0,2.3443947967284693
431350.0,2.8342341071736836
431400.0,2.770774339766376
431450.0,3.000830257735485
431500.0,3.413395909347551
431550.0,2.8603113946607808
431600.0,2.593334019859215
431650.0,2.7577155403024585
431700.0,2.20253993229834
431750.0,2.229909004444819
431800.0,2.9223443755280956
431850.0,2.436327519993561
431900.0,2.155781545864327
431950.0,1.9483802790307676
432000.0,2.4953751844974517
432050.0,1.7306950084921202
432100.0,2.013573499514579
432150.0,2.059076066462946
432200.0,2.7055843079007875
432250.0,2.2728375906580056
432300.0,2.2753027249701585
432350.0,2.6430632921481796
432400.0,2.034546113266705
432450.0,2.22542143253434
432500.0,2.267261428159615
432550.0,1.98050370254714
432600.0,1.7223205561639483
432650.0,2.4990790021102702
432700.0,1.552608410776566
432750.0,2.332507495610271
432800.0,2.475899201403792
432850.0,2.8984984194896364
432900.0,3.158525975888952
432950.0,2.803585901792191
433000.0,1.9576718995795208
433050.0,2.4506325539678335
433100.0,1.5464117865131304
433150.0,2.3326139327870634
433200.0,1.8456956125885953
433250.0,2.658208943332248
433300.0,2.5803273311260497
433350.0,2.8002294577288813
433400.0,3.075869547156726
433450.0,2.054405246633697
433500.0,2.7810420634279893
433550.0,2.904957840270841
433600.0,2.9960984609312966
433650.0,2.8755136843695936
433700.0,2.777278863741648
433750.0,2.4978781266337697
433800.0,2.5828072633052264
433850.0,2.4544004185975288
433900.0,4.1462416423956086
433950.0,4.012478759712211
434000.0,3.2467824198138078
434050.0,3.2746569080778887
434100.0,3.369718896934606
434150.0,3.3963201795962235
434200.0,2.6934901034536836
434250.0,3.750387394137804
434300.0,4.020271311473365
434350.0,3.2823919269496713
434400.0,4.301090125366865
434450.0,3.5164279760125505
434500.0,4.126815028897462
434550.0,3.633028033764723
434600.0,3.8509837646034892
434650.0,2.1891780031767154
434700.0,3.8460746186121813
434750.0,2.9594053939378298
434800.0,2.1456928690322576
434850.0,3.331920797005637
434900.0,3.3519062305575944
434950.0,3.9747548403234862
435000.0,3.479451087109753
435050.0,3.632913668796205
435100.0,3.429825516871087
435150.0,2.780247661632122
435200.0,2.611376115048532
435250.0,3.030376389300083
435300.0,2.5386209507910773
435350.0,2.368142980904994
435400.0,3.352754594783347
435450.0,2.601014227612034
435500.0,2.550018422981479
435550.0,2.6823273349270753
435600.0,2.166608169636336
435650.0,3.6332478091058937
435700.0,3.3053106769683107
435750.0,2.0319657423005757
435800.0,3.025290145206309
435850.0,2.3694905927180914
435900.0,3.372427035736441
435950.0,3.655145941247918
436000.0,3.0381701579007245
436050.0,2.692079719471463
436100.0,2.5859790794033635
436150.0,2.6878953583688627
436200.0,2.7849185793466043
436250.0,2.2542811788826214
436300.0,3.5058522536498917
436350.0,3.2307695814883384
436400.0,3.9017275250144015
436450.0,2.6055496988934306
436500.0,1.0312131208163025
436550.0,2.2794936089632283
436600.0,2.7143469194780856
436650.0,2.5914084092155556
436700.0,1.410276559558946
436750.0,2.1033981172261753
436800.0,1.8972028601756212
436850.0,2.1487896913083047
436900.0,2.0017989559583302
436950.0,2.5003943219378875
437000.0,2.9335433646682003
437050.0,3.917445248710642
437100.0,2.917136764870455
437150.0,3.216520608965141
437200.0,2.5992474068342815
437250.0,1.623847247391289
437300.0,3.4734822911199394
437350.0,1.9789132466966928
437400.0,2.7892623505984724
437450.0,3.1178976654280293
437500.0,2.737187423072601
437550.0,2.9445162266053355
437600.0,4.180656220979937
437650.0,3.2572034526107343
437700.0,3.9841797933966485
437750.0,3.1072763410755653
437800.0,3.2112448349375784
437850.0,3.1257948188450393
437900.0,3.3020700322431167
437950.0,2.4415753485198572
438000.0,3.7354774404885074
438050.0,3.030475287604783
438100.0,3.409720993489073
438150.0,2.3469130063091557
438200.0,2.2616125366391575
438250.0,2.8586010650083526
438300.0,2.275628539739141
438350.0,2.727450794374416
438400.0,3.0108800910603692
438450.0,2.443847235968635
438500.0,2.5407842491722983
438550.0,2.777584659035005
438600.0,2.697051961353483
438650.0,3.2361242689087217
438700.0,2.441182582261073
438750.0,2.8714400407724394
438800.0,3.333356289701607
438850.0,3.182591012525819
438900.0,3.8504662886831618
438950.0,2.586306011326483
439000.0,2.810656220189542
439050.0,2.770936030257774
439100.0,1.7542220606010026
439150.0,1.8235401934958129
439200.0,1.6147114102047102
439250.0,2.4809258787704778
439300.0,2.448181394156575
439350.0,2.3315640942289426
439400.0,2.0709848421981265
439450.0,2.462777983034575
439500.0,2.218151279531244
439550.0,2.277802572246173
439600.0,3.2883694071985117
439650.0,2.3861268228266455
439700.0,2.756337762454102
439750.0,1.7447366492922327
439800.0,1.4294744088563913
439850.0,1.2761265750970174
439900.0,1.0927914033191182
439950.0,1.8359443891177734
440000.0,1.007717600919417
440050.0,1.476785778021128
440100.0,1.8066799691702415
440150.0,1.0530442305515715
440200.0,1.9064300760364623
440250.0,1.9589288727515488
440300.0,2.3203869201052636
440350.0,2.9437543623941727
440400.0,3.646655066808707
440450.0,2.558611298846951
440500.0,2.5088636742643295
440550.0,3.676559131628343
440600.0,2.7279641801415386
440650.0,2.937820781192849
440700.0,2.3763360172446353
440750.0,2.6764505139349315
440800.0,1.628033118063001
440850.0,1.968649761845359
440900.0,2.0273591062528458
440950.0,2.526202881990874
441000.0,2.0194280256532
441050.0,1.9568815054829187
441100.0,1.6727219160484537
441150.0,1.4416996938399005
441200.0,2.1490650582174666
441250.0,2.05275522037555
441300.0,2.1154140808432715
441350.0,3.0235079429002276
441400.0,2.0995942237850844
441450.0,2.038305489869506
441500.0,2.863525038655624
441550.0,2.2993476221114175
441600.0,1.9314479515610659
441650.0,1.4760034542436045
441700.0,0.7272517689977098
441750.0,1.6938098521490401
441800.0,1.5384706775830246
441850.0,1.9017859535912311
441900.0,1.981308098466449
441950.0,1.8047118682473868
442000.0,3.0527369071958024
442050.0,2.0949660086841835
442100.0,1.8480790139738479
442150.0,1.4042069783917388
442200.0,2.0140006801453767
442250.0,1.322156630945065
442300.0,2.0813957277948116
442350.0,1.2717664049874444
442400.0,0.9543022059234366
442450.0,1.9734714157368993
442500.0,1.2739670438629969
442550.0,2.4705027525017864
442600.0,1.6349270072484043
442650.0,2.0216068433620875
442700.0,2.3901682353170264
442750.0,2.5128046641797104
442800.0,1.7998593093189486
442850.0,1.9737485636131407
442900.0,1.9773458188769422
442950.0,2.5391337754431147
443000.0,3.0955092082481883
443050.0,2.7309526115916527
443100.0,2.6491287319317367
443150.0,2.7335665836238467
443200.0,2.3428755615031935
443250.0,3.1001577723609652
443300.0,3.263398600458744
443350.0,2.930117185159656
443400.0,2.848788353066502
443450.0,2.9726211767018813
443500.0,2.8478391166430224
443550.0,2.4416760607263326
443600.0,1.016260882699876
443650.0,2.5874654232107215
443700.0,3.697209334134047
443750.0,2.8862931181570444
443800.0,3.0466340219229333
443850.0,3.5556808892743437
443900.0,3.793064786222856
443950.0,2.2763744412867837
444000.0,3.184928180841679
444050.0,2.3667254712361805
444100.0,1.8139710498943789
444150.0,4.003457733267648
444200.0,3.884759922152494
444250.0,3.302179078097642
444300.0,3.160126921609081
444350.0,4.2156129818969585
444400.0,3.7080563684058334
444450.0,4.654855943329908
444500.0,3.5216746820115388
444550.0,3.9864891737009027
444600.0,4.0463403068906665
444650.0,3.9540082445715266
444700.0,3.922207728748089
444750.0,4.589483737215668
444800.0,5.151988409968752
444850.0,5.6441175664822145
444900.0,5.097274309206988
444950.0,4.572753194785555
445000.0,4.133858669576173
445050.0,1.912612059673707
445100.0,2.95787008155069
445150.0,2.2244482992983605
445200.0,2.5849732258546263
445250.0,2.711564609677773
445300.0,3.7830261973866937
445350.0,2.6299220682089843
445400.0,3.106408866154857
445450.0,3.3691061655879966
445500.0,3.9139340232026067
445550.0,3.4790349398358296
445600.0,3.166776098620893
445650.0,3.276981300730021
445700.0,3.8848162146431284
445750.0,3.4576732503288574
445800.0,3.9777103263469966
445850.0,4.016824963587681
445900.0,3.417617440875551
445950.0,2.5216626183664945
446000.0,2.9718816320986274
446050.0,2.9260879178461336
446100.0,3.2850879428693593
446150.0,2.730729980135196
446200.0,3.0911143425113474
446250.0,3.775458136442183
446300.0,3.0555692980799294
446350.0,2.70381056663085
446400.0,3.273115009663306
446450.0,2.7028474890394323
446500.0,2.155944250585733
446550.0,2.1914379802204684
446600.0,2.8165730327317937
446650.0,2.9889439134598543
446700.0,3.283284649128971
446750.0,2.893540036723109
446800.0,3.2040888884165004
446850.0,2.465055587183496
446900.0,2.012607519088757
446950.0,3.754504106188788
447000.0,2.641452295061511
447050.0,2.063827607470349
447100.0,3.3474304930483965
447150.0,4.243600121982389
447200.0,4.241243792511573
447250.0,4.7325035447482025
447300.0,4.4258521232217145
447350.0,3.4697671822066134
447400.0,4.211458672384012
447450.0,3.6998507276788213
447500.0,3.857473292378851
447550.0,3.478733874230148
447600.0,3.866430735222707
447650.0,3.459767083950322
447700.0,3.1987008929193763
447750.0,3.274905081506531
447800.0,2.3715170917955146
447850.0,2.9172732819405716
447900.0,3.0430691023697904
447950.0,3.2097607865225832
448000.0,2.130279051364583
448050.0,2.3546749102866107
448100.0,2.5074681069506437
448150.0,2.741457235610702
448200.0,2.8885622475407624
448250.0,2.445971167289911
448300.0,3.1567214946082096
448350.0,2.24519041549953
448400.0,2.3514616328908575
448450.0,1.4646803721455735
448500.0,2.2381402238082737
448550.0,2.2281372871279608
448600.0,2.971610935940401
448650.0,3.48107759431658
448700.0,3.855514878698237
448750.0,2.6391063252660687
448800.0,2.2691624572666638
448850.0,3.6672866124769175
448900.0,3.741774752568656
448950.0,3.6341995365378525
449000.0,2.918920961394222
449050.0,2.712949159629485
449100.0,3.413586403984676
449150.0,3.524726331113358
449200.0,3.974855523325303
449250.0,2.992736857011085
449300.0,3.093409197421267
449350.0,3.891451392766739
449400.0,3.239089608093306
449450.0,2.564624583116707
449500.0,2.5696116718863395
449550.0,3.740266420391685
449600.0,4.158290346668994
449650.0,3.6433074248990884
449700.0,3.7211910351083484
449750.0,3.4610218223919134
449800.0,3.09310323101316
449850.0,3.271540582077592
449900.0,2.7362379641479544
449950.0,3.921235263592457
450000.0,3.282647992742512
450050.0,2.693262721489209
450100.0,4.044277865881215
450150.0,3.427855938018001
450200.0,3.9633436009006746
450250.0,2.706584940213418
450300.0,3.207878150690002
450350.0,2.8801890623776516
450400.0,2.6360755563898577
450450.0,2.6140731400186836
450500.0,2.794600198778549
450550.0,2.1763467019508784
450600.0,2.503058800135831
450650.0,2.5448944945339673
450700.0,2.8247647445122346
450750.0,3.0819804297159137
450800.0,3.0221445636703654
450850.0,2.3191796411166887
450900.0,2.8303512770429697
450950.0,2.7823896821195113
451000.0,2.482698332980153
451050.0,2.6978105611334833
451100.0,3.4202458718260154
451150.0,2.1871903017450407
451200.0,3.0142614742477116
451250.0,2.4115332662231506
451300.0,2.544993826940661
451350.0,2.5738661165447074
451400.0,3.0371811969055122
451450.0,2.013577002798401
451500.0,2.1108044838094626
451550.0,2.067891850651492
451600.0,2.234926915017639
451650.0,3.3422610189622306
451700.0,2.6627393662629992
451750.0,2.5130438730929328
451800.0,2.350400324071156
451850.0,2.3491431205712203
451900.0,2.801888057659598
451950.0,3.217664936772
452000.0,3.230150362663821
452050.0,2.147113808849065
452100.0,2.198040482133438
452150.0,2.7293394738750476
452200.0,2.3490180976254753
452250.0,2.5693192265363525
452300.0,2.5122668203094327
452350.0,2.446301760512091
452400.0,2.0624489591823076
452450.0,2.5958601908885717
452500.0,2.6891796333218494
452550.0,2.005263150045606
452600.0,1.8914776405805327
452650.0,3.0481946195845255
452700.0,2.5353698749578184
452750.0,3.0279490569282688
452800.0,1.9937348448644407
452850.0,2.1660044451438636
452900.0,2.538598837479748
452950.0,2.5776348492398844
453000.0,2.2860887280166753
453050.0,2.4054945521744306
453100.0,2.347183873816156
453150.0,2.5768573250651556
453200.0,1.8378486661726157
453250.0,2.0395554765173816
453300.0,1.5738765951172873
453350.0,2.221843271109621
453400.0,2.83176497132515
453450.0,3.59467445395794
453500.0,2.2671989098068597
453550.0,2.377938427544213
453600.0,2.677401405042779
453650.0,2.3744046649317916
453700.0,2.6460131891507666
453750.0,2.9955448522482855
453800.0,2.6960859103281627
453850.0,1.8087292791526233
453900.0,1.6871567087917674
453950.0,2.2981033751656263
454000.0,1.3749513285993
454050.0,1.8752567068783053
454100.0,1.9429110781719927
454150.0,2.0696865150464063
454200.0,2.3658779948576982
454250.0,3.232737067338079
454300.0,2.466190344456408
454350.0,3.203185581556716
454400.0,3.439703398060407
454450.0,3.1958055090413118
454500.0,2.86473241651789
454550.0,2.685570447629525
454600.0,2.2434063318199025
454650.0,2.8445721746806565
454700.0,3.162056840692678
454750.0,2.8308810681624506
454800.0,1.7566986627404992
454850.0,2.518687071518786
454900.0,3.2800169772230805
454950.0,2.8922439269401554
455000.0,2.9943621391518747
455050.0,2.2332703870586244
455100.0,3.2737418680352657
455150.0,3.580135730326645
455200.0,3.2092809467170884
455250.0,3.136905040977522
455300.0,3.400734224366077
455350.0,3.3262589986059448
455400.0,3.1291765054875014
455450.0,3.102074980297547
455500.0,3.65904005083922
455550.0,4.0988496456188015
455600.0,2.7272297832540944
455650.0,3.0990449268522076
455700.0,2.3379681743640726
455750.0,2.7535228068624407
455800.0,2.312677372587978
455850.0,1.4678177373071726
455900.0,2.7535242227273407
455950.0,3.856794834718965
456000.0,3.4399240290295703
456050.0,3.1216350237627926
456100.0,2.924530454855669
456150.0,3.1164246232348694
456200.0,1.9704796268249953
456250.0,2.670147595846378
456300.0,4.02714383673051
456350.0,3.354234195189866
456400.0,3.3243940244649752
456450.0,2.72664136314698
456500.0,2.4782830841742514
456550.0,2.858441125144776
456600.0,2.926719621721845
456650.0,2.794652059395279
456700.0,3.2157292000943776
456750.0,3.3576447061046326
456800.0,3.4249783173054222
456850.0,3.4160020725924554
456900.0,2.3646743330866125
456950.0,2.6630796585647993
457000.0,2.962109080353065
457050.0,2.571418946415487
457100.0,2.5847449997805962
457150.0,2.3954334104218944
457200.0,2.272113597153418
457250.0,2.3654734738148715
457300.0,2.770519869400908
457350.0,3.011326672764752
457400.0,2.87106120464504
457450.0,2.909071245410384
457500.0,3.221146019717624
457550.0,3.405728830997058
457600.0,3.144853433126683
457650.0,3.338903920674975
457700.0,3.9446651209281063
457750.0,3.8299469213587405
457800.0,2.8417028651855865
457850.0,3.0044096183071702
457900.0,2.0271376310356937
457950.0,3.6107318928804126
458000.0,3.21182322315454
458050.0,3.406374940370489
458100.0,3.2445972365514986
458150.0,4.181696685972962
458200.0,4.531611218430767
458250.0,4.781355650771728
458300.0,4.083145818985662
458350.0,4.016524335401948
458400.0,2.9808382788226635
458450.0,2.351269204108324
458500.0,3.473813283598587
458550.0,4.1528287074231
458600.0,3.9087967085005206
458650.0,4.160836856378955
458700.0,3.5727995829254895
458750.0,4.09158631282673
458800.0,4.232501714249468
458850.0,4.271274038176564
458900.0,4.108746652073295
458950.0,4.390929171662877
459000.0,4.026981886175408
459050.0,2.7467411076877295
459100.0,4.289822560089937
459150.0,3.858780640443058
459200.0,4.96448274129092
459250.0,4.579638083878083
459300.0,4.842560723455505
459350.0,3.8273073369450623
459400.0,3.2294571024065317
459450.0,4.067047063537576
459500.0,4.628298683759158
459550.0,4.476221015624583
459600.0,4.3845599137460916
459650.0,4.391763090657473
459700.0,4.773016420925394
459750.0,4.2155157585999214
459800.0,4.090975156904968
459850.0,4.084286803574512
459900.0,3.6206735681948032
459950.0,3.756097932251589
460000.0,4.530398108567232
460050.0,3.3188674842779595
460100.0,4.374799777791162
460150.0,4.688139959899328
460200.0,4.702177705160895
460250.0,4.644374354416578
460300.0,4.204910280994886
460350.0,4.696743466950361
460400.0,4.649050635117148
460450.0,4.443982169269724
460500.0,4.565699308386037
460550.0,4.014883247858093
460600.0,4.570043078999582
460650.0,3.712920304168471
460700.0,3.3308250967614144
460750.0,3.93152473516372
460800.0,4.1265708612317615
460850.0,3.4503628216626567
460900.0,3.3021802767435697
460950.0,3.245823812203894
461000.0,3.0472754038845338
461050.0,2.875498240946438
461100.0,2.837059127373572
461150.0,3.668487689598248
461200.0,3.4040101015985513
461250.0,3.0188401451826525
461300.0,3.5731862255271025
461350.0,3.826536267903037
461400.0,3.3389079619229656
461450.0,3.5540686390404215
461500.0,4.063001086140654
461550.0,2.3750939730190486
461600.0,4.128458769435308
461650.0,3.361722484677559
461700.0,3.263397453032978
461750.0,3.106265853876764
461800.0,3.6102616918529082
461850.0,3.856240215372627
461900.0,3.8143537305487505
461950.0,2.989928182809139
462000.0,3.6118799360430875
462050.0,3.5246132128500354
462100.0,3.6557305612301785
462150.0,2.631137892413988
462200.0,1.8343640406821915
462250.0,2.253397155328649
462300.0,2.0156123296309034
462350.0,1.943009444004877
462400.0,1.247879546693837
462450.0,1.6719721761087902
462500.0,2.9257632785949252
462550.0,2.6842109563636365
462600.0,3.1955547566382565
462650.0,1.673735693374151
462700.0,2.1700917575283536
462750.0,2.530233152604093
462800.0,3.4362877385721915
462850.0,2.410515112695828
462900.0,2.77072078595974
462950.0,3.162243205750871
463000.0,3.082125130265973
463050.0,4.313660412338587
463100.0,4.373943708984514
463150.0,4.361188955322343
463200.0,3.199719272699469
463250.0,3.975861590597218
463300.0,3.1016907404236265
463350.0,4.3249118819794665
463400.0,2.10831733467262
463450.0,3.1912516912015563
463500.0,2.451732913887071
463550.0,3.627680471550759
463600.0,4.366213791136569
463650.0,3.381568516766018
463700.0,3.3682314651963523
463750.0,2.4061178877626745
463800.0,2.5305123629940787
463850.0,1.8282763258783332
463900.0,2.8979622409848664
463950.0,2.2522886838092915
464000.0,1.1180379166150567
464050.0,1.4668317489378968
464100.0,2.621868464361216
464150.0,2.2614591752563773
464200.0,1.4632820216663531
464250.0,1.8088932662380837
464300.0,1.864000473750028
464350.0,1.3711678554641058
464400.0,2.5981920594073653
464450.0,2.076921432491033
464500.0,1.022790383150137
464550.0,1.7755567561921768
464600.0,2.5107345776709793
464650.0,2.1400219682692256
464700.0,2.4730130913567563
464750.0,2.501399597245835
464800.0,1.1861670240242883
464850.0,1.7893822218801292
464900.0,1.7462490099899985
464950.0,1.9242678447367891
465000.0,2.5899180407493247
465050.0,2.077376731776999
465100.0,1.6280038848818152
465150.0,2.569550492575202
465200.0,2.6416274903442183
465250.0,2.7790278808508955
465300.0,2.673329287724046
465350.0,1.8022733133794282
465400.0,1.35240142972453
465450.0,0.7643948803381831
465500.0,2.0144944814455106
465550.0,1.9463015628552847
465600.0,2.0068903554847064
465650.0,1.568467545702719
465700.0,2.4242273209560605
465750.0,2.4925043269477754
465800.0,2.139669872029793
465850.0,2.5967274296934093
465900.0,3.191045547436975
465950.0,1.6515122427713163
466000.0,1.9518389734999997
466050.0,1.8316337288743865
466100.0,1.9636942143984215
466150.0,2.4909611120969415
466200.0,2.736800531366609
466250.0,2.781885198933054
466300.0,3.324349014230168
466350.0,2.963929097638128
466400.0,3.958759416406036
466450.0,3.397218727671986
466500.0,2.6456733316769583
466550.0,3.616877070999132
466600.0,3.8497513502087566
466650.0,3.6843022234297833
466700.0,3.8423666741942073
466750.0,3.9392095154320037
466800.0,3.53512200173777
466850.0,3.3456350502075733
466900.0,2.8403145586375196
466950.0,2.9911819010367444
467000.0,3.7866725956063405
467050.0,3.5916831985736475
467100.0,4.1374004528661885
467150.0,2.582516059939771
467200.0,3.330145946438084
467250.0,2.2102251537218693
467300.0,2.3226871890629077
467350.0,2.159488411126054
467400.0,2.9566171564535724
467450.0,2.7736216807314658
467500.0,2.971953148107215
467550.0,3.5899019951594546
467600.0,2.7821019307311863
467650.0,3.422233676177548
467700.0,2.9346334428092193
467750.0,3.2230678709732272
467800.0,1.853916216427921
467850.0,1.8411069310347261
467900.0,2.2772961743432276
467950.0,2.653635881070943
468000.0,2.082541339375355
468050.0,1.9685000996247992
468100.0,1.8075932117165618
468150.0,3.2947502993290723
468200.0,2.2504431299276817
468250.0,2.5457604641752742
468300.0,1.5752134574497
468350.0,0.9928737169389452
468400.0,2.0510016131617905
468450.0,1.731183985586322
468500.0,2.3321425924845727
468550.0,1.2343804860563947
468600.0,2.1593991150274956
468650.0,2.2137084957111837
468700.0,1.0431162158950678
468750.0,2.059753451372516
468800.0,1.408045393613145
468850.0,1.7676508272371672
468900.0,1.9701759685813738
468950.0,1.3736811790577004
469000.0,1.8968893917782632
469050.0,0.724499248294944
469100.0,2.1245670055246957
469150.0,1.2334524069135633
469200.0,1.8566611859181374
469250.0,1.7845140854821577
469300.0,0.8110475693975424
469350.0,1.8445848943933418
469400.0,2.3539108796786725
469450.0,1.2789791888592659
469500.0,0.8248620823187152
469550.0,2.227959298719762
469600.0,1.8269873229688198
469650.0,2.238882545633502
469700.0,1.967970626367358
469750.0,2.7668726892979527
469800.0,2.2443273380274342
469850.0,0.9517825651455855
469900.0,2.4736626753188666
469950.0,1.445335498130885
470000.0,2.1815793362339617
470050.0,2.528576528703128
470100.0,2.0068593737302436
470150.0,2.1373342420904793
470200.0,2.4948925054825306
470250.0,1.911018208835926
470300.0,2.2389479871190416
470350.0,1.7860837246422054
470400.0,2.367614745892535
470450.0,2.5983430571186106
470500.0,2.992936426147545
470550.0,2.8246228899221304
470600.0,2.600937915364852
470650.0,2.071372384966959
470700.0,1.8548277708732601
470750.0,2.3265790877412673
470800.0,2.2532862035740377
470850.0,3.048898952678345
470900.0,2.584509689499335
470950.0,2.1744162894975583
471000.0,2.634197383014418
471050.0,1.8728555901483992
471100.0,2.1743292001725556
471150.0,1.052136050123338
471200.0,1.9092606332860742
471250.0,2.081175298233152
471300.0,2.646675057707269
471350.0,2.410431371688932
471400.0,2.769059382187112
471450.0,1.4028857500712624
471500.0,1.8279508697869515
471550.0,1.1689751399638069
471600.0,1.9263931813433763
471650.0,1.1032219576334539
471700.0,1.20112469801947
471750.0,1.1216458870438462
471800.0,0.7505950845692082
471850.0,1.7107617043791
471900.0,1.8311181951584936
471950.0,2.2884494806345637
472000.0,2.511830213563256
472050.0,2.0359004599963693
472100.0,2.2395042313693265
472150.0,2.3382423986158885
472200.0,1.8283326738486994
472250.0,1.8181531653435816
472300.0,1.6390526542936452
472350.0,1.9652238092358871
472400.0,1.942422369901174
472450.0,1.7608509572910371
472500.0,1.9604542435623975
472550.0,1.9518391454842703
472600.0,1.8980796473496673
472650.0,2.63106334178596
472700.0,2.4051172633211695
472750.0,1.7797155045803255
472800.0,1.7789284993742882
472850.0,1.6925129453547674
472900.0,2.089664533057443
472950.0,1.3569450050430245
473000.0,0.6981407170621944
473050.0,1.0288804898158899
473100.0,1.6006526893826545
473150.0,2.0052902202067715
473200.0,1.9038125217501456
473250.0,1.7826390194856718
473300.0,2.1100943970030133
473350.0,1.1276930995363492
473400.0,1.2555024133238843
473450.0,1.3122076776495222
473500.0,1.4716637425555341
473550.0,2.4074216848579977
473600.0,1.4372520485164784
473650.0,2.0785061805361993
473700.0,1.60950204577798
473750.0,1.7434142095606124
473800.0,1.0703714585261266
473850.0,0.9782126433381555
473900.0,1.1050776196419583
473950.0,1.1104057725164185
474000.0,1.1386817846561945
474050.0,0.8391668202302555
474100.0,1.6887252080789057
474150.0,2.492508098625376
474200.0,2.0404359665927774
474250.0,1.7631185256458308
474300.0,1.1156089933153224
474350.0,1.9897194738536819
474400.0,2.27747697937917
474450.0,2.0099953889644118
474500.0,2.415180959931912
474550.0,2.289822114933263
474600.0,1.5535100922086862
474650.0,2.4019337582094
474700.0,1.4370418852275424
474750.0,2.1337950325380293
474800.0,2.0108149744881154
474850.0,1.9950404380636577
474900.0,1.6894368342855703
474950.0,2.383359865411743
475000.0,1.9439636646923462
475050.0,1.7151366786065623
475100.0,2.9455714491615517
475150.0,1.746249908263234
475200.0,2.3348014887728867
475250.0,2.1569165374658903
475300.0,1.8402679007933156
475350.0,1.2681489277260007
475400.0,1.2705103183892905
475450.0,1.1094162459431207
475500.0,2.187922934145551
475550.0,2.707468473450303
475600.0,2.4824168186925166
475650.0,1.8604781539237865
475700.0,1.85862826474376
475750.0,1.9189558686916859
475800.0,1.5327399937580992
475850.0,3.1611838115225397
475900.0,2.6550481144700946
475950.0,1.926727741079641
476000.0,2.029850047923089
476050.0,2.0771384259478207
476100.0,2.30776837112272
476150.0,1.730459117509257
476200.0,1.6941370213846738
476250.0,2.4210309302844104
476300.0,3.1478686952313244
476350.0,2.1781872679319028
476400.0,2.240733931744908
476450.0,1.185281342542976
476500.0,1.5447300647512519
476550.0,1.9211931955736201
476600.0,2.263845739928664
476650.0,3.124384838384386
476700.0,2.756428612701392
476750.0,2.3122263457219336
476800.0,1.6069812902460907
476850.0,2.5625361992549243
476900.0,1.6237598981049666
476950.0,1.2181948430131169
477000.0,2.3079159438898293
477050.0,1.799384662998099
477100.0,2.422908844360781
477150.0,1.6676011450942465
477200.0,1.7910294932054995
477250.0,2.945503769489203
477300.0,2.60180662096605
477350.0,2.8105133087434426
477400.0,2.3274014422061606
477450.0,2.2681668291357067
477500.0,2.330945580626995
477550.0,2.481488812778116
477600.0,2.5488199251601977
477650.0,2.4603665099060454
477700.0,2.409731665911847
477750.0,2.4465430235653867
477800.0,2.0008208253733817
477850.0,2.111702351793087
477900.0,1.7418647963550307
477950.0,2.6484695241485157
478000.0,1.9888161148250565
478050.0,3.441814884669066
478100.0,2.145620691805708
478150.0,2.0848221071429287
478200.0,1.8902904888778707
478250.0,2.7670560226716816
478300.0,2.391190627021508
478350.0,2.093872409996207
478400.0,2.415573884063179
478450.0,2.9708763761327677
478500.0,2.1001171217518424
478550.0,2.1932173811765243
478600.0,1.5110557715416457
478650.0,2.3631514834044016
478700.0,2.097234236532194
478750.0,2.070699791316352
478800.0,3.275529747440353
478850.0,2.2179233330199803
478900.0,2.280039666495058
478950.0,2.71414613114253
479000.0,2.3001523267643376
479050.0,2.106963190072277
479100.0,2.4566243558501757
479150.0,1.9152246479999704
479200.0,3.0018945611825165
479250.0,2.3262570506923956
479300.0,2.7894581285653772
479350.0,2.342599134121551
479400.0,3.264625366130334
479450.0,3.164375063173116
479500.0,3.6760144664872856
479550.0,2.620093817164126
479600.0,2.8823571805504806
479650.0,2.868064043999701
479700.0,2.599653213851754
479750.0,2.922700244322736
479800.0,2.8176023622770345
479850.0,1.971267304964314
479900.0,3.137161136889322
479950.0,2.5464662032936847
480000.0,3.1711374623621995
480050.0,2.9027047481168893
480100.0,2.419482727884838
480150.0,2.605491978911169
480200.0,1.5593883078140018
480250.0,3.122094439276695
480300.0,2.5442859335981693
480350.0,2.136113942633997
480400.0,1.1901235026045842
480450.0,2.308873276504779
480500.0,2.368985051313017
480550.0,2.1828631918848633
480600.0,2.5023399864395577
480650.0,3.0542402026279216
480700.0,1.4792157740196186
480750.0,2.206828476588219
480800.0,1.5360319911963483
480850.0,1.3028044091939661
480900.0,1.3999969613256502
480950.0,1.3142671941027635
481000.0,2.8109239784616573
481050.0,1.933230548282461
481100.0,2.6215442817994643
481150.0,2.8395404900671655
481200.0,2.4584945209391966
481250.0,2.2351224684063054
481300.0,3.3769013059096116
481350.0,2.7988184484973826
481400.0,1.6523011039161548
481450.0,2.9215729518895035
481500.0,2.8912618317747465
481550.0,2.7012740473578223
481600.0,2.1456918449991376
481650.0,1.5074127202401522
481700.0,1.8581959332932085
481750.0,2.2682368949159537
481800.0,3.75591293107418
481850.0,3.067211063775446
481900.0,3.8237391285848723
481950.0,2.9932734897934368
482000.0,3.47236092714552
482050.0,3.7060305259064563
482100.0,3.9538944675592176
482150.0,3.487648531032616
482200.0,2.8505067940938136
482250.0,3.165103739269851
482300.0,2.553915327330377
482350.0,2.6763017622210477
482400.0,3.551825726476402
482450.0,3.263663215785086
482500.0,3.6661418386164755
482550.0,3.6120083429360705
482600.0,3.5968592998818205
482650.0,3.506536200343576
482700.0,4.147120231733249
482750.0,2.6316124629755766
482800.0,3.905047860728691
482850.0,2.0941334857560414
482900.0,3.5212216905830256
482950.0,3.333873148685652
483000.0,3.868990619727085
483050.0,3.2839137058247587
483100.0,2.6996477510508954
483150.0,2.752358798398145
483200.0,3.120032222290164
483250.0,2.962343699014363
483300.0,1.9412850487297137
483350.0,2.408709074125994
483400.0,2.057207554816934
483450.0,1.9931347602474394
483500.0,2.378193506610751
483550.0,2.288862209269299
483600.0,2.7955130713205705
483650.0,3.0704689244333885
483700.0,2.8796684863777564
483750.0,3.0628427886394305
483800.0,2.4872823317585313
483850.0,2.0832677964956954
483900.0,2.737240155161223
483950.0,3.1159272882512523
484000.0,2.609172003943467
484050.0,3.087553385785677
484100.0,2.4193344020647243
484150.0,2.9449246315042266
484200.0,2.323031694643516
484250.0,2.71885705721017
484300.0,3.640848205171036
484350.0,3.8911300429940368
484400.0,2.658738806473997
484450.0,2.557028768760953
484500.0,3.3630626398944448
484550.0,2.2963855518612344
484600.0,2.1315428491211352
484650.0,4.096168834173576
484700.0,3.359772999227495
484750.0,3.0876492246435867
484800.0,3.292093287486878
484850.0,3.274463340065742
484900.0,2.9912673973938557
484950.0,4.264658175476621
485000.0,3.6707197754763152
485050.0,3.703655228067974
485100.0,3.1745725098241753
485150.0,3.311964604254985
485200.0,2.7772094618596275
485250.0,3.4273838967962185
485300.0,2.8014986605239054
485350.0,2.698625322003629
485400.0,2.98631827377464
485450.0,2.759671825307676
485500.0,2.3896004781102076
485550.0,1.8970469026113974
485600.0,2.8930595686255427
485650.0,2.207917237822898
485700.0,2.555954575761103
485750.0,2.0554564774206807
485800.0,1.8993131355818362
485850.0,2.2005407951876212
485900.0,2.8853756527522982
485950.0,2.0611129887390005
486000.0,1.8870594995131404
486050.0,2.3693882702452087
486100.0,2.264994743294025
486150.0,2.294533489082182
486200.0,2.0235812939135074
486250.0,2.0386472959499264
486300.0,2.2503951245512877
486350.0,2.9757673950358106
486400.0,2.100142207833781
486450.0,3.3319212480953926
486500.0,2.42212551313659
486550.0,2.493672080607883
486600.0,2.679718241329331
486650.0,3.7477037700425972
486700.0,3.483172913091032
486750.0,3.1722882283587857
486800.0,2.517733807141184
486850.0,1.8910798870170955
486900.0,2.145644024825922
486950.0,2.5535261587683573
487000.0,3.409794023399356
487050.0,2.583482853591808
487100.0,3.167092436215123
487150.0,2.7056389118707673
487200.0,4.301731380276717
487250.0,4.232128065054567
487300.0,4.5974522097916575
487350.0,3.8844031756546937
487400.0,5.001918982338218
487450.0,4.116953080525723
487500.0,3.9845424267842477
487550.0,3.873743636505077
487600.0,4.4059145276225955
487650.0,4.042347861825306
487700.0,3.2549193815002804
487750.0,3.691882790838242
487800.0,3.0452864263292896
487850.0,4.214651365151035
487900.0,3.598896280854826
487950.0,2.981573772261939
488000.0,3.5772981035761724
488050.0,3.1108042108328506
488100.0,2.711177465406764
488150.0,3.5791849864607213
488200.0,2.904218254556727
488250.0,3.458449907099488
488300.0,4.486881365203679
488350.0,4.813944779835529
488400.0,4.334994950694069
488450.0,3.6138330440177504
488500.0,3.33110882968506
488550.0,3.5624836913710456
488600.0,3.140918803794887
488650.0,3.490824788311898
488700.0,2.8790787102828763
488750.0,3.603192974209108
488800.0,3.833457014085091
488850.0,3.6877478333044116
488900.0,3.831459201699061
488950.0,3.7049298579170316
489000.0,3.1658311896895217
489050.0,3.439155917295029
489100.0,2.8163958114634564
489150.0,3.4720168504967535
489200.0,3.1811266840577357
489250.0,3.8019288951822907
489300.0,2.400124201422714
489350.0,2.0736915511212963
489400.0,2.1412372071669465
489450.0,2.0137007901426194
489500.0,2.9478958218798867
489550.0,3.556317148337407
489600.0,3.185358726627627
489650.0,4.197495100832097
489700.0,3.710601468345188
489750.0,4.15504411327677
489800.0,3.522198878917323
489850.0,3.233863070433613
489900.0,2.644919067764782
489950.0,2.966493065323205
490000.0,2.4510616247620454
490050.0,2.056717409391225
490100.0,2.7787370049572755
490150.0,2.8182795748430443
490200.0,2.851471786877168
490250.0,2.97188200177281
490300.0,1.221675929898083
490350.0,2.509620343559225
490400.0,1.8149105577594935
490450.0,2.3272465034610654
490500.0,2.473819350268859
490550.0,2.5454247212848653
490600.0,2.5835075506084806
490650.0,1.8323196701369213
490700.0,1.5010987451319584
490750.0,2.336445607370693
490800.0,2.40060228738005
490850.0,2.2110166878059863
490900.0,2.432652633914402
490950.0,2.5044111352429703
491000.0,3.333061821324753
491050.0,3.7469585029027
491100.0,2.5559716299098185
491150.0,3.2815986487048225
491200.0,2.7060458772149296
491250.0,2.0940380719507288
491300.0,2.0039959744829474
491350.0,2.7506141864558655
491400.0,2.3940288248718877
491450.0,2.5255478791453734
491500.0,1.9943389172075894
491550.0,2.5139981807977496
491600.0,1.2417320362034259
491650.0,2.3576646234840255
491700.0,1.6223749756244648
491750.0,2.237722836103268
491800.0,2.0595654860846984
491850.0,2.2361112476764635
491900.0,3.125663270436611
491950.0,2.817424450789783
492000.0,1.704726875335487
492050.0,2.7476168467985227
492100.0,2.1499061457540716
492150.0,2.148905804077687
492200.0,3.081638675094432
492250.0,3.2598425367328594
492300.0,1.9209602609108174
492350.0,2.3678241299263703
492400.0,2.5133632981300105
492450.0,2.3692405758784747
492500.0,2.3120921099682152
492550.0,2.1340527708255883
492600.0,1.9669725273922072
492650.0,2.386754856648522
492700.0,3.145374509898172
492750.0,1.8509960186431438
492800.0,1.8322366322802877
492850.0,1.709910030567005
492900.0,1.4679575592578706
492950.0,1.4176729407009263
493000.0,1.1636591556919782
493050.0,2.3261527720165263
493100.0,0.8802849152335621
493150.0,1.4626694008355048
493200.0,1.7639410621394502
493250.0,2.634897559132151
493300.0,1.865768223671303
493350.0,2.347974019810881
493400.0,1.3013046678284788
493450.0,1.4960279644485128
493500.0,1.560704324627688
493550.0,1.91352748263922
493600.0,2.1921219022844336
493650.0,2.5117494834355107
493700.0,3.4061822832328077
493750.0,2.0543351824854232
493800.0,2.0398249390345216
493850.0,1.8602423331635387
493900.0,2.162220380226125
493950.0,2.066998515082218
494000.0,1.7020845320254843
494050.0,1.9795426281691328
494100.0,2.342412239312559
494150.0,1.2156064426616129
494200.0,2.1220027662003504
494250.0,2.0041430636585664
494300.0,2.7518317807293653
494350.0,2.447321871865264
494400.0,2.0942792125109624
494450.0,2.0693193593796972
494500.0,1.0702316661074553
494550.0,2.3800400777119255
494600.0,2.5670192012132578
494650.0,3.0793463233822336
494700.0,2.2889484899946546
494750.0,2.605470026131571
494800.0,2.553938047084762
494850.0,2.943278885458233
494900.0,2.4807659117097387
494950.0,2.3512115433243634
495000.0,2.3631531421936476
495050.0,2.7750847743379943
495100.0,2.6236014422190883
495150.0,3.02165525636504
495200.0,3.025456467679042
495250.0,3.1315476205719777
495300.0,3.368453987100857
495350.0,2.839876211451902
495400.0,2.7292130019907233
495450.0,2.2814880440915366
495500.0,2.3619251500517153
495550.0,2.321742892840068
495600.0,3.4913851409805097
495650.0,2.0093245644010804
495700.0,3.1522963538196125
495750.0,2.5191043297515905
495800.0,2.446705132104754
495850.0,2.411764502805639
495900.0,2.0033999375655105
495950.0,2.4045364186895215
496000.0,2.644808511711832
496050.0,2.728168995297981
496100.0,2.3470378020180225
496150.0,3.2282629915773438
496200.0,2.993274896254368
496250.0,3.3404187133063163
496300.0,2.9714319141277263
496350.0,1.584262790550023
496400.0,2.234387147589761
496450.0,2.2721531810480062
496500.0,2.148510064119907
496550.0,2.164671609483644
496600.0,1.7960781742082275
496650.0,2.484451288632967
496700.0,2.296624387108449
496750.0,2.8212012450149073
496800.0,2.4562939151071626
496850.0,1.9858719701203544
496900.0,2.6773257626156184
496950.0,2.6627240939018932
497000.0,2.587680053346432
497050.0,2.3978708524981047
497100.0,3.5087685357757286
497150.0,3.139500735015231
497200.0,1.8253189928566318
497250.0,1.9770171205549005
497300.0,2.3762356912134623
497350.0,2.7382092196997676
497400.0,2.7514517730019215
497450.0,3.3601455034904837
497500.0,2.320640150756596
497550.0,2.892385239499083
497600.0,2.4601797289478
497650.0,2.63562005350178
497700.0,3.4229952820693
497750.0,3.7099419589848894
497800.0,3.3215005255170102
497850.0,2.4947474233827065
497900.0,3.4874785146847964
497950.0,1.641214020020871
498000.0,3.2224682549381556
498050.0,4.633213783939045
498100.0,3.815453472661963
498150.0,3.7792858821733146
498200.0,3.3491154491933015
498250.0,3.966733729422363
498300.0,3.3210059280520032
498350.0,2.982213188512142
498400.0,2.896855611445466
498450.0,3.106605930257483
498500.0,3.18248040828531
498550.0,3.506516285956137
498600.0,3.632782196196614
498650.0,3.187759418062564
498700.0,3.221892532614304
498750.0,2.862115170131083
498800.0,3.933241031233482
498850.0,3.9241413171436554
498900.0,3.8209131473638434
498950.0,3.592058889644217
499000.0,3.0785040316371024
499050.0,3.291577194301119
499100.0,3.3291122595820783
499150.0,4.37752199003647
499200.0,4.1246679764747505
499250.0,3.670869967600648
499300.0,3.479048987483947
499350.0,3.961084615352537
499400.0,3.1960427807190994
499450.0,2.6931170412025156
499500.0,4.15380459038232
499550.0,3.8049429746138763
499600.0,3.3245874423775468
499650.0,3.3080191857472667
499700.0,2.647203892044594
499750.0,3.334455321069976
499800.0,3.1363341232744633
499850.0,2.738429492911805
499900.0,3.4983990034279078
499950.0,4.172362071799606
500000.0,3.8936458826255977
0.0,3.276051870311373
50.0,3.061860359506209
100.0,3.7101738297323203
150.0,4.0339170395769335
200.0,3.690212594298098
250.0,3.6548728513723283
300.0,3.030279897727087
350.0,3.082253425929125
400.0,3.0413489355580214
450.0,2.985211731320893
500.0,3.0257025652238334
550.0,3.14371030433298
600.0,2.950049390480481
650.0,3.5723944575952844
700.0,3.0487683650524557
750.0,4.525727937095382
800.0,3.7107790167685066
850.0,3.4725610614306253
900.0,3.643818473059058
950.0,4.175425214305763
1000.0,3.3811210100632474
1050.0,4.1870004526605475
1100.0,4.169185931473503
1150.0,4.255514704307837
1200.0,3.9542490905894954
1250.0,4.029865027886317
1300.0,4.221677609051064
1350.0,4.3080969742122015
1400.0,3.6706657213359892
1450.0,2.808575116202547
1500.0,2.906007407554046
1550.0,3.2683193948722358
1600.0,3.916957725678634
1650.0,3.055517032409707
1700.0,3.931590125579633
1750.0,3.385347309645498
1800.0,3.1980727409851517
1850.0,3.9840180561651577
1900.0,2.2765045851632366
1950.0,3.3722360164660676
2000.0,3.15026490082112
2050.0,3.2355825884858347
2100.0,3.436595659635819
2150.0,4.207775737502797
2200.0,3.3636284464451247
2250.0,3.4607800789557515
2300.0,4.172218077905495
2350.0,4.048317500140743
2400.0,3.8110988592267137
2450.0,3.4000699572415183
2500.0,3.724971797147304
2550.0,2.5920222684948264
2600.0,3.004429131996154
2650.0,3.1841615487786856
2700.0,3.067084771667059
2750.0,3.4322146779091267
2800.0,3.4340358921459497
2850.0,3.2904873607011202
2900.0,3.698118590946353
2950.0,3.1384734506803253
3000.0,2.8714289143284004
3050.0,3.2933419731277276
3100.0,2.41795320762428
3150.0,2.7455775419463526
3200.0,3.747340212342218
3250.0,3.7829477581522872
3300.0,4.516025826653596
3350.0,3.875590517004197
3400.0,4.162150129582072
3450.0,3.1101566822342503
3500.0,3.316938513682142
3550.0,3.2959851268725373
3600.0,3.8811843283700806
3650.0,3.375115170472297
3700.0,2.8446579176159625
3750.0,3.6810860101175376
3800.0,3.6040832081850223
3850.0,3.6927629426597672
3900.0,3.0096496753358783
3950.0,3.80747472263473
4000.0,4.088335539274124
4050.0,4.026885351811638
4100.0,4.724961501518415
4150.0,0.2698141857503282
4200.0,0.23600829997530406
4250.0,0.8136911547581368
4300.0,2.182336599344972
4350.0,3.6325698667342197
4400.0,0.7452454642909376
4450.0,3.4482871910608637
4500.0,3.306443416948794
4550.0,2.877235883828686
4600.0,2.8721202007668
4650.0,2.8658270023504926
4700.0,3.919107354183676
4750.0,2.885826847587415
4800.0,1.759683507738163
4850.0,2.5758480321495165
4900.0,1.2597605474849558
4950.0,0.4478816548084503
5000.0,1.1849464179227134
5050.0,1.1819895830363483
5100.0,3.2118172580181925
5150.0,2.652449163733919
5200.0,3.736910992501831
5250.0,2.8912592663556125
5300.0,1.787204609829301
5350.0,2.1194324568676635
5400.0,1.8452339706364418
5450.0,2.893195559948799
5500.0,2.724314848553741
5550.0,2.3640002347700686
5600.0,2.686294911733989
5650.0,2.4466483758752826
5700.0,1.5339183463316406
5750.0,1.4969287466709524
5800.0,1.9058837362747787
5850.0,3.289862564143223
5900.0,3.246534975845857
5950.0,3.178712267428874
6000.0,3.662486538918972
6050.0,3.3766389294992973
6100.0,2.745265356145406
6150.0,3.04317241426328
6200.0,2.4351556622486896
6250.0,2.0373511197101646
6300.0,2.8813004911244233
6350.0,3.055780997834406
6400.0,2.457192066112463
6450.0,2.610459276041474
6500.0,3.2313607633460606
6550.0,3.6118010836536527
6600.0,3.3472353139327455
6650.0,3.1140463776169227
6700.0,3.004877058369024
6750.0,3.202965321861062
6800.0,1.460136189838297
6850.0,1.2530309432893663
6900.0,2.8098738927935387
6950.0,2.6643710798940283
7000.0,3.915965954330237
7050.0,3.327545782937213
7100.0,1.961860175733011
7150.0,2.7231006564455087
7200.0,2.5852023602269814
7250.0,2.781546601881557
7300.0,2.3259566205179536
7350.0,2.4940105462370554
7400.0,3.1696822778034908
7450.0,2.1704559719115872
7500.0,3.2898769139983974
7550.0,3.1414750661854067
7600.0,3.113020546650107
7650.0,2.854645570045583
7700.0,3.252643929069209
7750.0,2.206711583614201
7800.0,2.797961496261247
7850.0,2.4467510033577002
7900.0,3.24669000193124
7950.0,1.925563199972888
8000.0,2.7855497585387097
8050.0,3.132980924988644
8100.0,2.36885775310862
8150.0,3.193775500415835
8200.0,3.111314188514861
8250.0,4.240995071539757
8300.0,3.7827756990256955
8350.0,4.730106530960644
8400.0,4.00223471168326
8450.0,3.87258590495046
8500.0,3.9920638855369117
8550.0,3.718293047359092
8600.0,3.887751405691686
8650.0,3.3724298699249897
8700.0,3.633589572895758
8750.0,4.031796187715961
8800.0,4.416209001054773
8850.0,3.96490883452227
8900.0,2.9223447546079995
8950.0,3.5851529468405694
9000.0,3.6037313358618306
9050.0,3.623340718802253
9100.0,2.710164831013507
9150.0,2.7866434444433974
9200.0,3.666521250345489
9250.0,3.2278470940926773
9300.0,4.586002019886053
9350.0,3.156404243796109
9400.0,3.2867276892415633
9450.0,2.76062951690585
9500.0,3.818398219515282
9550.0,3.4559789486893533
9600.0,2.797802950882929
9650.0,3.5388979757950763
9700.0,3.505123821691947
9750.0,2.5566781301002477
9800.0,3.8086732667987504
9850.0,3.538265264444976
9900.0,4.290522710085747
9950.0,3.25375259475857
10000.0,2.9466088690086383
10050.0,4.054353999787825
10100.0,3.729126789064048
10150.0,3.6224842656190437
10200.0,3.0224135459273036
10250.0,3.0038977933888455
10300.0,2.687395823752263
10350.0,3.201888700061131
10400.0,3.91413549435393
10450.0,3.745958747326814
10500.0,2.7588948865226794
10550.0,2.7802863707738337
10600.0,3.0232776070061265
10650.0,3.658809451973149
10700.0,2.544031185273984
10750.0,3.3119332274250914
10800.0,3.1729760423552626
10850.0,3.475670267360656
10900.0,2.9077284692864347
10950.0,2.7041834142063794
11000.0,3.4377621699576344
11050.0,3.4158592436709765
11100.0,3.716503288293868
11150.0,3.9630544388442575
11200.0,3.2736528941666854
11250.0,3.1362050097888075
11300.0,3.2055873538594595
11350.0,3.8302235618284977
11400.0,3.4007767649507006
11450.0,3.9781542545818667
11500.0,2.878367582327488
11550.0,4.114411587186198
11600.0,3.1227029516725486
11650.0,2.8469973196010194
11700.0,3.5177528083436145
11750.0,3.76969586873478
11800.0,3.579184194780596
11850.0,4.010508032223384
11900.0,3.6119372897564648
11950.0,4.562464752650473
12000.0,3.3282003971089433
12050.0,2.958815987887944
12100.0,3.9617400744818547
12150.0,2.6367402325532248
12200.0,3.20563703660452
12250.0,3.1150113355721185
12300.0,4.147747371534196
12350.0,3.6170865713927842
12400.0,3.482209725647555
12450.0,3.38363423775885
12500.0,2.8605221475821017
12550.0,3.3220595808135664
12600.0,4.276197303559559
12650.0,3.5518736562195237
12700.0,3.535999891999856
12750.0,4.137270296389834
12800.0,3.2933399609165885
12850.0,3.644458914582251
12900.0,3.5753307901266167
12950.0,3.304314185943486
13000.0,4.278658664543289
13050.0,4.233461003904868
13100.0,4.143550108819472
13150.0,3.774307157488783
13200.0,2.8722272581835617
13250.0,4.297418141455845
13300.0,4.0561547449216615
13350.0,4.182273147735578
13400.0,4.271122644148867
13450.0,3.736707362812645
13500.0,4.114797426534118
13550.0,2.9729095705563013
13600.0,3.180233511841041
13650.0,3.2256885994062157
13700.0,3.6416024614964253
13750.0,3.729194077467501
13800.0,3.9443207153810063
13850.0,4.434253177148233
13900.0,2.5326629664688527
13950.0,3.264675069771072
14000.0,4.183977591667768
14050.0,4.070110124982026
14100.0,3.562216260033529
14150.0,4.064809704373333
14200.0,3.4575152388986936
14250.0,3.315944602646795
14300.0,3.244575690465275
14350.0,3.5219455492207907
14400.0,4.065694061004231
14450.0,3.2942080769586455
14500.0,3.9854739040679834
14550.0,3.0783729565840465
14600.0,2.970168038188874
14650.0,3.3678048466126445
14700.0,3.913590786046752
14750.0,3.1361927359067696
14800.0,3.0232078471843145
14850.0,3.7613806993752315
14900.0,3.3345908407844487
14950.0,3.296344434872828
15000.0,3.449370981126953
15050.0,2.975596660891885
15100.0,3.24897016952779
15150.0,2.960035292448301
15200.0,3.2595980891504306
15250.0,3.484853706083731
15300.0,3.6913418364126707
15350.0,3.1909540707334445
15400.0,3.601079734798921
15450.0,3.4726367406703997
15500.0,4.486333274380365
15550.0,4.111006334649714
15600.0,4.058189181818247
15650.0,4.476395198257592
15700.0,4.409481039159646
15750.0,3.3961157954867796
15800.0,3.26130489188226
15850.0,3.6089078828981234
15900.0,4.165499951237676
15950.0,3.515275946219358
16000.0,3.0070718446879554
16050.0,3.0265662358507512
16100.0,3.7638397423006094
16150.0,3.4455327545370853
16200.0,2.681973778699704
16250.0,3.0392244609614845
16300.0,2.936984527686679
16350.0,2.898721676295044
16400.0,3.1378003116702518
16450.0,3.2242985829394932
16500.0,4.190119694205267
16550.0,3.536675997145237
16600.0,2.5898605674452666
16650.0,3.590760792320202
16700.0,3.446357000037757
16750.0,4.533528188073814
16800.0,2.674132247936952
16850.0,3.7348350560053785
16900.0,3.3540540978089215
16950.0,3.3947179914837595
17000.0,3.925755096312187
17050.0,3.581143285952302
17100.0,3.6069659519257136
17150.0,4.331993003807789
17200.0,4.861170285457239
17250.0,3.8405856544231147
17300.0,3.216349279635416
17350.0,3.7004980797517595
17400.0,3.022414343595254
17450.0,3.0180454350987036
17500.0,3.1030461639546316
17550.0,2.4980780771668916
17600.0,3.3321160411100674
17650.0,3.573974173673297
17700.0,3.253856434385583
17750.0,2.7976060142586707
17800.0,3.161041023588134
17850.0,3.8824810362235422
17900.0,3.222125325586192
17950.0,3.7078421856599046
18000.0,3.3019338196767607
18050.0,3.5702214131242065
18100.0,2.8070233043204067
18150.0,2.80001796444669
18200.0,2.5269358363596974
18250.0,2.102400744772756
18300.0,3.3918847822619127
18350.0,3.1542612038515947
18400.0,2.701664436185449
18450.0,3.6449700059971653
18500.0,3.0798030443560567
18550.0,3.9734855809205802
18600.0,2.3657139403424647
18650.0,3.692168822526363
18700.0,3.015873148999148
18750.0,3.769841281783298
18800.0,3.385464601630579
18850.0,3.9287424792551904
18900.0,3.6224286180764373
18950.0,2.7089441552579934
19000.0,2.5248755952054727
19050.0,3.3851440723645285
19100.0,4.087480706876243
19150.0,2.931087980375645
19200.0,3.313199242145063
19250.0,3.248056758302984
19300.0,2.9906170885121033
19350.0,2.963928282176999
19400.0,3.195277904191464
19450.0,3.0337399869073685
19500.0,3.2456256995665416
19550.0,2.6187004185964926
19600.0,4.1551060327277245
19650.0,4.082167929083332
19700.0,4.696378854060825
19750.0,3.463069996775911
19800.0,3.1015640915344527
19850.0,3.6313784993198834
19900.0,3.768670635244606
19950.0,3.584719616769281
20000.0,3.7953775600559134
20050.0,3.8520204370185063
20100.0,2.7021095912844717
20150.0,3.571861639098739
20200.0,3.275938328168291
20250.0,3.518704274723727
20300.0,3.8258867300609993
20350.0,4.427256012566045
20400.0,3.1817449947437
20450.0,3.4157561092649034
20500.0,3.837143903185382
20550.0,3.516786430551826
20600.0,3.363346135318472
20650.0,3.2234296311603794
20700.0,3.564182435359145
20750.0,3.2503714946044697
20800.0,2.672786679148396
20850.0,2.9016676302876165
20900.0,3.5134563814940356
20950.0,2.759890338544218
21000.0,3.242802483564511
21050.0,3.5489422819799628
21100.0,3.183343355762723
21150.0,2.783610201594723
21200.0,3.294129558436157
21250.0,3.042513276752294
21300.0,3.5271946418716658
21350.0,3.0844907249453666
21400.0,3.2523808408704533
21450.0,3.701284858929875
21500.0,3.738730492783191
21550.0,2.9587474987744184
21600.0,2.1970886831563927
21650.0,2.8528379617584863
21700.0,3.0609301386353542
21750.0,3.5132016739158125
21800.0,3.885429706946996
21850.0,4.2140331465400696
21900.0,3.6170292394211363
21950.0,3.465614079922037
22000.0,3.1693034825095285
22050.0,3.7884280473180123
22100.0,4.5362623540119165
22150.0,4.885582223205306
22200.0,4.280148871144987
22250.0,4.209381696372351
22300.0,3.914723269454101
22350.0,3.2696660357169933
22400.0,3.9725642458040857
22450.0,3.8983320681850975
22500.0,3.296345383354914
22550.0,4.151155524373457
22600.0,3.8527220613686124
22650.0,4.173401499759673
22700.0,3.1837530107809995
22750.0,4.262275614184712
22800.0,3.8171460688250747
22850.0,4.239033130313593
22900.0,4.292157000714452
22950.0,3.862203028254535
23000.0,3.200798742272491
23050.0,3.754076935427194
23100.0,3.9803653599214144
23150.0,3.784732572720154
23200.0,4.2328465627550935
23250.0,2.891001488363487
23300.0,3.4253846674051425
23350.0,3.008618343250224
23400.0,4.1868810964080065
23450.0,3.0462285186553695
23500.0,2.3388196612548717
23550.0,0.5873601375661273
23600.0,1.4461986557078457
23650.0,0.6999250099765429
23700.0,1.029028668214437
23750.0,1.4779002021787955
23800.0,1.155380731898519
23850.0,1.16382717840909
23900.0,2.407672793646455
23950.0,1.5024637562725967
24000.0,1.0743367705102695
24050.0,0.6021618412551657
24100.0,0.4517708382386643
24150.0,0.7511281879372552
24200.0,0.8897719307539179
24250.0,0.30757128380596643
24300.0,1.8055946026113612
24350.0,0.9523617525687536
24400.0,0.706962267879536
24450.0,3.190580152893597
24500.0,3.3121263562536094
24550.0,3.146377109635495
24600.0,2.711177882457075
24650.0,3.3594345030206236
24700.0,3.291759857896975
24750.0,2.967504630857892
24800.0,2.6143796843737066
24850.0,3.222806803302939
24900.0,3.9847935016894906
24950.0,3.326150854588152
25000.0,3.3094553275249123
25050.0,3.322000067471031
25100.0,3.574532097777337
25150.0,2.6755535852066896
25200.0,3.3928727752389474
25250.0,2.10297490947241
25300.0,2.254459464178034
25350.0,2.826215953464954
25400.0,3.9327577469398896
25450.0,3.8525962996822685
25500.0,3.0233385380314255
25550.0,3.0363093992712415
25600.0,3.480717473229516
25650.0,2.935608440805572
25700.0,4.008900692152483
25750.0,4.703042143297699
25800.0,3.0950885815527216
25850.0,3.7291002390055326
25900.0,4.030609652695351
25950.0,2.7109560326828284
26000.0,3.2552083191692702
26050.0,3.976630002349499
26100.0,2.631914575303333
26150.0,4.066522274478336
26200.0,1.6895229925983157
26250.0,1.878774270154152
26300.0,1.2304418077535122
26350.0,1.563516571661004
26400.0,1.1552012003340417
26450.0,1.573305061114292
26500.0,3.4695217979378303
26550.0,2.9608404956117225
26600.0,3.122079426749092
26650.0,3.3136071861715934
26700.0,3.322222577438532
26750.0,3.8566688137566465
26800.0,2.949864243831438
26850.0,2.730474266808286
26900.0,2.7370558381764347
26950.0,2.9852109497802304
27000.0,2.617515352018058
27050.0,2.123486455474652
27100.0,3.6788298147892955
27150.0,2.4918024842236273
27200.0,0.9643085829428361
27250.0,1.9669768661439346
27300.0,3.539065696573463
27350.0,2.8156120445368122
27400.0,3.1006744143395353
27450.0,1.087242110629963
27500.0,0.8952111055985961
27550.0,1.1487368418357264
27600.0,0.9207015174547794
27650.0,1.7769866270757901
27700.0,2.907731166061528
27750.0,3.371433961327898
27800.0,1.5624945410104232
27850.0,2.7229369789000364
27900.0,2.3800425588200413
27950.0,3.1259827112144323
28000.0,2.484451152284494
28050.0,1.4371473433827924
28100.0,4.241290790289222
28150.0,2.2581802326839475
28200.0,0.8465199613313443
28250.0,2.654975766291142
28300.0,3.4612294688547487
28350.0,3.053569806313382
28400.0,3.559168403889809
28450.0,2.4788104268451825
28500.0,2.8290811536578695
28550.0,3.295116953885372
28600.0,3.2403053431843905
28650.0,3.9489502578626556
28700.0,3.426849764774395
28750.0,4.194304964052783
28800.0,4.528054224280761
28850.0,3.613442376902374
28900.0,2.8377961050843212
28950.0,3.8153623884326735
29000.0,3.1662880054243834
29050.0,3.646105453254809
29100.0,3.408371248093203
29150.0,2.9161782659456295
29200.0,3.3589986685165805
29250.0,3.7183959287735466
29300.0,3.9462116062494474
29350.0,3.84672191662609
29400.0,3.4138048780143384
29450.0,3.690556323704725
29500.0,3.3290674992373614
29550.0,3.7172180479328167
29600.0,3.822629969941845
29650.0,3.4542846084815237
29700.0,4.324187106087242
29750.0,4.12384375441543
29800.0,3.729061188565913
29850.0,3.624414725788721
29900.0,3.617039262370821
29950.0,3.8972299349382395
30000.0,3.852346565021358
30050.0,3.3387121177740693
30100.0,3.394551825404701
30150.0,3.9396818487649368
30200.0,3.4899381318476252
30250.0,3.403024547992631
30300.0,3.14723536972203
30350.0,4.315831498787153
30400.0,3.94164739645873
30450.0,2.821715013335271
30500.0,4.177629255926999
30550.0,2.968246406200205
30600.0,4.311669706784675
30650.0,3.43739939750423
30700.0,4.088080484875801
30750.0,3.727195535532896
30800.0,3.387874160882196
30850.0,3.7454216961911833
30900.0,3.179732238245351
30950.0,3.773708078993679
31000.0,3.257005594115804
31050.0,3.425268142346411
31100.0,4.251243785936347
31150.0,3.6558423976614787
31200.0,3.34202037443107
31250.0,2.2979526908163566
31300.0,2.796245693976852
31350.0,3.5212202159323187
31400.0,3.7033774451652333
31450.0,3.6332616905648694
31500.0,4.350333436311543
31550.0,3.6256450938881035
31600.0,3.300742881623424
31650.0,4.065318721656515
31700.0,3.6112338827982113
31750.0,4.002972928949466
31800.0,4.214496378468974
31850.0,3.3622297023227024
31900.0,3.6408237028368307
31950.0,3.3843583988534576
32000.0,3.134978460945611
32050.0,3.2783221503124826
32100.0,2.850490591556677
32150.0,2.8302087993959044
32200.0,2.9413597574825703
32250.0,3.3621715050036576
32300.0,3.2311905977305386
32350.0,3.465098579625087
32400.0,3.8109060164432744
32450.0,2.9118536042166374
32500.0,3.1797485760843345
32550.0,3.531411120499881
32600.0,3.7120750941384135
32650.0,2.7476163903057547
32700.0,3.2854496278713037
32750.0,3.2690796955232577
32800.0,3.9615132794678862
32850.0,3.3007550488991435
32900.0,3.5524068645487863
32950.0,3.730455595118668
33000.0,3.477784918518146
33050.0,3.212097165516031
33100.0,3.56474526243306
33150.0,3.8898327726338144
33200.0,2.7034967438846986
33250.0,3.618217657965064
33300.0,4.014398886408012
33350.0,3.110256383703949
33400.0,3.118493201931335
33450.0,3.292673661069493
33500.0,3.6819290690269253
33550.0,4.098548212322516
33600.0,3.020826038804562
33650.0,2.6182638068001953
33700.0,3.73994752898704
33750.0,3.9768425605924493
33800.0,3.22610990176747
33850.0,3.6293773123377577
33900.0,3.4931943179525353
33950.0,3.4941356152186964
34000.0,3.3060063460699167
34050.0,3.7066056707141244
34100.0,3.1772165028254022
34150.0,3.0002821090367564
34200.0,3.789499655038353
34250.0,3.985709220544909
34300.0,3.5739623968888936
34350.0,4.1155768048411145
34400.0,3.9170807423860547
34450.0,3.9370187515982242
34500.0,3.2337444509186124
34550.0,3.774732264442918
34600.0,3.477610984810874
34650.0,3.5042479183064756
34700.0,3.5055364040019668
34750.0,3.59919247153513
34800.0,4.743468583721423
34850.0,4.36224576035739
34900.0,3.8056548829527252
34950.0,3.8331974421663153
35000.0,3.5604932220524304
35050.0,4.35937769867484
35100.0,2.822303926003216
35150.0,3.2997892231562567
35200.0,3.8612154830754024
35250.0,3.549333939948357
35300.0,3.1971229322588566
35350.0,3.490069327992278
35400.0,4.24471640782468
35450.0,3.7567807689058363
35500.0,3.4809641574532315
35550.0,3.6710476482341172
35600.0,3.9572714612739484
35650.0,2.975461764369331
35700.0,3.111072429474109
35750.0,3.364000657127243
35800.0,3.51186881197809
35850.0,3.4946558028415655
35900.0,3.612006811142564
35950.0,3.0097304401596796
36000.0,3.0012312831724683
36050.0,3.438729906050721
36100.0,3.351868362723566
36150.0,3.0823011288761886
36200.0,3.276266132714223
36250.0,3.8622498489008454
36300.0,3.5184178906373758
36350.0,4.210486967145927
36400.0,3.365083505127624
36450.0,3.4992252996608855
36500.0,3.4182734993613573
36550.0,3.7522631655501115
36600.0,3.5750357041124095
36650.0,3.7023909948008016
36700.0,3.4193699101310804
36750.0,2.650467503038812
36800.0,3.546743776399874
36850.0,3.291049028948273
36900.0,3.520025932046354
36950.0,3.900732166920419
37000.0,3.0318806774901588
37050.0,3.576772131410008
37100.0,3.7923855772737425
37150.0,3.31512953147274
37200.0,3.3613187717819804
37250.0,3.4080783062756903
37300.0,3.260339231112466
37350.0,2.9038921829501625
37400.0,3.405245067499225
37450.0,4.225305476777224
37500.0,4.053960884817406
37550.0,3.6123114982468465
37600.0,3.72586753257121
37650.0,3.4305807083624313
37700.0,3.121363710559603
37750.0,3.0441071878610866
37800.0,3.128255568855636
37850.0,3.6526832450017386
37900.0,3.0813464038377854
37950.0,2.904149438300831
38000.0,2.5756341323066296
38050.0,2.8743501569019947
38100.0,2.7076943260415263
38150.0,2.5338642930657955
38200.0,2.6868934703516665
38250.0,3.6147866479758877
38300.0,3.5664686998259802
38350.0,3.522966022192238
38400.0,3.344560401673779
38450.0,2.926482734671804
38500.0,2.8537673496618
38550.0,2.916021528589574
38600.0,4.080060619956237
38650.0,3.3215332576659113
38700.0,3.377171152690918
38750.0,2.472266491547708
38800.0,3.664983515891463
38850.0,2.9939906151318945
38900.0,3.8751269053715856
38950.0,3.1492687803247854
39000.0,3.2963753675790075
39050.0,4.1992609056754935
39100.0,3.807232427784183
39150.0,3.634954994479389
39200.0,4.040717613016867
39250.0,4.179225960211938
39300.0,3.4815057342699602
39350.0,3.6412205961528437
39400.0,3.7517961811627445
39450.0,3.9949708111151447
39500.0,4.206946896642449
39550.0,4.055092632022508
39600.0,3.9558930522339613
39650.0,2.6852343585281235
39700.0,3.1809922936212525
39750.0,3.757696454974271
39800.0,2.744557513383359
39850.0,3.3246675023948837
39900.0,2.9444315912696015
39950.0,3.1073579149650667
40000.0,3.162373637335512
40050.0,3.362869647617727
40100.0,3.114001281237366
40150.0,2.6706172215546915
40200.0,3.8583055676892752
40250.0,3.6178035078902537
40300.0,3.933522223857372
40350.0,3.3002721283634746
40400.0,3.5163366810076924
40450.0,3.5250085955601462
40500.0,4.628095291241438
40550.0,3.336016896564266
40600.0,3.4377913148961334
40650.0,3.5859829760403072
40700.0,3.737191496403817
40750.0,4.273791900369803
40800.0,3.628742895276803
40850.0,4.028819320422816
40900.0,3.7263523746809386
40950.0,3.4290512418860772
41000.0,3.8442308805098064
41050.0,3.5681087068176938
41100.0,4.234488108211182
41150.0,4.143790210098926
41200.0,4.530190032279544
41250.0,4.057238014963707
41300.0,3.211304327254872
41350.0,3.1981252538360043
41400.0,3.3320399847895756
41450.0,3.628673124327125
41500.0,3.803827141000365
41550.0,2.327251239940723
41600.0,3.0088860553697425
41650.0,2.7068239836651253
41700.0,2.370990622762759
41750.0,2.8683230790463057
41800.0,2.385641886396194
41850.0,2.1962243428629025
41900.0,3.165833638164249
41950.0,2.7919326771513675
42000.0,2.5728368920053843
42050.0,2.5956334011786226
42100.0,3.3859266523432514
42150.0,2.81435465596076
42200.0,3.1199497189592647
42250.0,2.0140756574159084
42300.0,2.7508158851633113
42350.0,2.537440092236836
42400.0,2.8736378906502273
42450.0,3.1886538352828735
42500.0,2.921863909993244
42550.0,2.46744283964616
42600.0,2.5855189993704193
42650.0,3.0993403716184194
42700.0,2.7467775686697524
42750.0,3.034417933247541
42800.0,3.142897461833318
42850.0,3.4286726262206764
42900.0,3.424336770997791
42950.0,3.0818658983117544
43000.0,3.580349540487889
43050.0,4.0740845735368
43100.0,2.472199499315609
43150.0,3.339384005732633
43200.0,3.293159707269412
43250.0,3.704350370428484
43300.0,3.4675775459093146
43350.0,3.094687597627647
43400.0,2.8556595706172128
43450.0,3.285195276968567
43500.0,2.9732622631962333
43550.0,2.820031970771692
43600.0,3.147520113422606
43650.0,3.1913002086143276
43700.0,2.0455036309930112
43750.0,2.736015971337727
43800.0,3.3231570489896125
43850.0,3.740532513414154
43900.0,2.710883857204987
43950.0,2.733254882187495
44000.0,3.4518859122706047
44050.0,2.9841436382681805
44100.0,2.6902978923696965
44150.0,3.1183626916221945
44200.0,2.808594052620301
44250.0,2.382394557359393
44300.0,2.8762787646350736
44350.0,2.3790745104230546
44400.0,2.823223707948951
44450.0,1.5203593461859213
44500.0,1.657013172685046
44550.0,1.7691203311943726
44600.0,2.908400343804809
44650.0,2.598307266878207
44700.0,3.4021308186307264
44750.0,2.903684460169292
44800.0,3.8353720684195203
44850.0,3.507109067834741
44900.0,2.43328803444758
44950.0,2.9088308779360488
45000.0,2.744535306367319
45050.0,2.8462775356556698
45100.0,4.193491705823365
45150.0,3.624114896069375
45200.0,3.219862164219644
45250.0,3.38593906376512
45300.0,2.193737698346923
45350.0,3.0363102395264856
45400.0,3.3575237800062556
45450.0,3.452261425178825
45500.0,3.332058046859888
45550.0,3.4425134020054795
45600.0,3.925331337720186
45650.0,3.4078172981900097
45700.0,4.242876018167747
45750.0,4.038969424028071
45800.0,4.083537002121827
45850.0,3.5927824483102353
45900.0,2.6198089221320986
45950.0,3.460030203453036
46000.0,3.3454425531604692
46050.0,3.782818826074591
46100.0,3.3874615372771664
46150.0,3.448027883593757
46200.0,3.3404602747882377
46250.0,3.489210189601256
46300.0,3.18447424509606
46350.0,3.1713700317768203
46400.0,3.6800152749336323
46450.0,2.8721051609301096
46500.0,2.920497433869039
46550.0,3.6976098575276146
46600.0,3.9823847135357466
46650.0,3.1348052509266013
46700.0,3.502373613561904
46750.0,3.4028965843251653
46800.0,4.404385643854213
46850.0,4.771309707266163
46900.0,3.616641398776575
46950.0,4.111907249892622
47000.0,3.994770896944289
47050.0,4.385942260348885
47100.0,3.1024000994402448
47150.0,3.3534147430447705
47200.0,3.5435281773096223
47250.0,3.830378500461613
47300.0,3.3539505787836976
47350.0,3.7054944201476085
47400.0,3.1604738730042157
47450.0,3.1232347201565367
47500.0,2.9712101222340683
47550.0,2.7935804755145313
47600.0,2.2467949666324847
47650.0,3.1443589913061327
47700.0,2.4355296404519726
47750.0,3.2144986487067424
47800.0,3.511853088974115
47850.0,3.5995693271356735
47900.0,3.96597992765422
47950.0,3.058268345072228
48000.0,2.9594074573794904
48050.0,2.914207472207189
48100.0,2.397686036722517
48150.0,3.024663613024501
48200.0,3.475254265357816
48250.0,3.2898291240293553
48300.0,3.044483506577639
48350.0,3.963052757434209
48400.0,3.7273573362949586
48450.0,3.283729753553274
48500.0,2.8066494889411255
48550.0,2.0108449422101127
48600.0,1.2839749973563106
48650.0,0.6968489826866385
48700.0,2.0934611660987112
48750.0,1.6522984987620997
48800.0,3.1501364324258314
48850.0,2.002198425527139
48900.0,3.0054229159499792
48950.0,3.1162254840006276
49000.0,0.7122483579432716
49050.0,0.8098142660627394
49100.0,0.9236302080840666
49150.0,1.9800470504628513
49200.0,2.6240562122944495
49250.0,2.7676861868036915
49300.0,2.2403551583155847
49350.0,3.384935955766278
49400.0,3.499286555792227
49450.0,3.3451155779724524
49500.0,3.76431697856479
49550.0,3.274917706341051
49600.0,3.303012240681464
49650.0,3.1241176889259354
49700.0,3.609388462591139
49750.0,3.7269422451316507
49800.0,3.794997963888218
49850.0,3.787729419980203
49900.0,2.9376655382675154
49950.0,3.1906606495992227
50000.0,4.0302629386012985
50050.0,1.8610164801821616
50100.0,2.634594938644192
50150.0,3.1825119864617544
50200.0,3.3340376162824263
50250.0,3.399836531363568
50300.0,3.4799128598257676
50350.0,3.7652237629879206
50400.0,3.692762920758537
50450.0,3.2740463130968656
50500.0,3.8030868536978826
50550.0,4.072404298830484
50600.0,4.3225226779090935
50650.0,3.1346140895107073
50700.0,4.331903612730843
50750.0,3.5015156090054824
50800.0,3.6429341598855163
50850.0,3.4217074637086915
50900.0,3.9048457819870146
50950.0,2.9805187895144467
51000.0,2.760980080452368
51050.0,3.823843870480504
51100.0,4.3238028992867665
51150.0,3.255054855710215
51200.0,3.538941470154557
51250.0,3.5341340519741293
51300.0,3.982285297593021
51350.0,3.524925122060226
51400.0,3.004896435475645
51450.0,3.6954252902228197
51500.0,3.9799764469572225
51550.0,3.4725899353938567
51600.0,3.69187180927146
51650.0,2.725492438107424
51700.0,2.46010134790968
51750.0,4.1121024975967995
51800.0,3.5421644742497738
51850.0,3.6224994364046927
51900.0,3.2842215706472664
51950.0,4.199948060944982
52000.0,3.4236472263123963
52050.0,3.78419211066692
52100.0,3.6118365317060355
52150.0,3.5453720091327128
52200.0,3.4418752988095815
52250.0,3.502580992415127
52300.0,4.04348889543905
52350.0,3.691647327204292
52400.0,3.455589539157428
52450.0,3.79512885557396
52500.0,3.8607020064931667
52550.0,4.131013820995324
52600.0,2.9370207232473526
52650.0,3.760329241847421
52700.0,3.3515347591376883
52750.0,3.6582193547785287
52800.0,2.9761877224699735
52850.0,4.035852745737498
52900.0,1.2135051910253327
52950.0,3.6989730647080643
53000.0,3.9398718031767883
53050.0,3.8782572287199453
53100.0,3.1011079080926076
53150.0,3.04021249631099
53200.0,3.915162884088202
53250.0,3.035273184895282
53300.0,2.8970483325591214
53350.0,4.213085834831416
53400.0,3.4100138031405636
53450.0,3.6509967766078515
53500.0,3.943830762909256
53550.0,3.1489833826169527
53600.0,3.4985410428815507
53650.0,2.8374787903418803
53700.0,3.632752336532169
53750.0,3.2477967314913734
53800.0,3.2947368825939267
53850.0,2.345037552593362
53900.0,3.5750372504599937
53950.0,3.8889564781611665
54000.0,3.264075892765203
54050.0,3.3406858857008817
54100.0,2.9605710937561747
54150.0,2.5633539342771874
54200.0,2.371263800924446
54250.0,2.5284525123047707
54300.0,1.0576860716080954
54350.0,1.6691265997489966
54400.0,2.3021674159002212
54450.0,2.7586569368290523
54500.0,2.0323349686604257
54550.0,3.439838726345074
54600.0,2.0476508131484974
54650.0,1.386033948446806
54700.0,2.349718481211207
54750.0,1.8570103160335172
54800.0,3.596468238724312
54850.0,1.8710934694734982
54900.0,2.8680442819035235
54950.0,3.877241985073248
55000.0,3.8333499510976625
55050.0,3.1667909007086865
55100.0,3.8802282639861017
55150.0,3.818874182048846
55200.0,2.249377985447948
55250.0,3.064783315546995
55300.0,2.6802407296091886
55350.0,1.8758946986571199
55400.0,2.291262600583384
55450.0,2.138896635605316
55500.0,1.1875181806301274
55550.0,0.8080191289439453
55600.0,3.4990653476221807
55650.0,2.986921966689829
55700.0,2.416401505791665
55750.0,0.7533223188044617
55800.0,1.411238210277061
55850.0,2.6998872063715735
55900.0,0.8220060420441381
55950.0,2.000845479413571
56000.0,1.4567766963178574
56050.0,1.9104190490573365
56100.0,1.6028387121879204
56150.0,2.6326201159619362
56200.0,1.0715825237706964
56250.0,2.2706781834706606
56300.0,0.9634306216035596
56350.0,1.2586454928253055
56400.0,1.2742007131142226
56450.0,1.1997079900877494
56500.0,1.1280912350750862
56550.0,1.8006646722157553
56600.0,2.7613899335818353
56650.0,2.266668830129042
56700.0,1.9723545654269954
56750.0,2.63022579311843
56800.0,2.1195503139484204
56850.0,3.416094635308094
56900.0,2.0772549841203296
56950.0,1.4517568323941998
57000.0,1.7969095012030687
57050.0,0.9022764788356746
57100.0,1.0036941015014929
57150.0,2.370270456591178
57200.0,1.0802724607773617
57250.0,0.7435733771426664
57300.0,3.4143205834250936
57350.0,1.7603111928432031
57400.0,1.3185948215796621
57450.0,1.4385378291388518
57500.0,1.8464513538026317
57550.0,4.182783985155071
57600.0,1.1765184682701801
57650.0,2.6851211196698626
57700.0,3.746421340116609
57750.0,2.509356762665943
57800.0,3.7249533991676507
57850.0,1.9583873467214306
57900.0,1.58826437503412
57950.0,2.463876633397442
58000.0,3.1701854033106
58050.0,1.832104467821434
58100.0,1.9739771807323414
58150.0,1.7351045481462706
58200.0,1.9729121043919844
58250.0,2.7441205648797653
58300.0,3.3110256830209783
58350.0,1.3648033598610447
58400.0,2.162494877279964
58450.0,2.6392014023955914
58500.0,2.9941600919758438
58550.0,1.8635928444425118
58600.0,1.7673396429322086
58650.0,2.3077429428468528
58700.0,1.615670971460055
58750.0,2.2777141328941513
58800.0,2.92734843187659
58850.0,3.9180209512515836
58900.0,3.793440334598978
58950.0,2.8713892917711754
59000.0,2.0324575827596223
59050.0,2.27907787013011
59100.0,2.5204899508504557
59150.0,2.9368316160133032
59200.0,3.689167010980537
59250.0,2.8779982402485316
59300.0,2.2871311084688952
59350.0,2.5669773408594385
59400.0,2.5183070808830452
59450.0,3.6303991202423602
59500.0,2.1127691883452866
59550.0,3.190331566785769
59600.0,3.5050106941992376
59650.0,2.449914225435518
59700.0,1.6544472426513233
59750.0,1.8912898027428853
59800.0,4.188624677705728
59850.0,5.396933175556968
59900.0,4.15723119733115
59950.0,4.010362690343434
60000.0,5.220251423421526
60050.0,4.431127073663002
60100.0,3.204511222052554
60150.0,4.286126891623852
60200.0,3.818091231395154
60250.0,3.7877820806952593
60300.0,3.736814175870408
60350.0,3.2238014504096557
60400.0,3.706966695472095
60450.0,4.24576204251572
60500.0,3.7745438312574593
60550.0,4.266027260041396
60600.0,3.7347038362049463
60650.0,2.964285769712375
60700.0,3.017296842176352
60750.0,3.577369343996316
60800.0,2.543635935788965
60850.0,1.809170688725589
60900.0,2.5287528903443612
60950.0,2.7688581786433946
61000.0,3.361812991159853
61050.0,1.471394685101858
61100.0,3.3325467119464838
61150.0,2.1979982112103693
61200.0,3.5584506973377334
61250.0,1.7348444721144285
61300.0,3.8493198640250896
61350.0,1.9888897475766043
61400.0,2.766133658424348
61450.0,3.361486343244227
61500.0,1.2700346766495363
61550.0,0.8874151656968123
61600.0,1.0883892680307166
61650.0,3.323626183325191
61700.0,1.5146254244554789
61750.0,2.0982109878159516
61800.0,2.0518742437089297
61850.0,3.179006265806379
61900.0,3.1884460787753612
61950.0,3.388155425344939
62000.0,4.029888354099891
62050.0,4.183369739714882
62100.0,4.190764975628028
62150.0,3.999325030408791
62200.0,3.4996708602953466
62250.0,2.8514722759705355
62300.0,3.2468731624890266
62350.0,3.285998999185216
62400.0,3.9580296224817433
62450.0,3.443835286884894
62500.0,3.5449804049958313
62550.0,3.236568597269031
62600.0,3.633138408601262
62650.0,3.843579725411788
62700.0,4.200820314501295
62750.0,3.9803132141937665
62800.0,4.091124495030171
62850.0,3.2365542463076062
62900.0,3.7988650492280205
62950.0,1.9374740547713296
63000.0,2.3896597143652816
63050.0,2.889599960256179
63100.0,3.9222155230702596
63150.0,1.8509127156364344
63200.0,1.5025622525457478
63250.0,3.654840884734857
63300.0,3.098223026551319
63350.0,4.0620648873093455
63400.0,3.266696269418967
63450.0,2.7071938189613673
63500.0,3.149635363107736
63550.0,3.204774733798697
63600.0,3.184745270561052
63650.0,3.71484463106569
63700.0,3.1606292687193625
63750.0,2.3596174984075047
63800.0,2.3719399784728963
63850.0,2.934246114326499
63900.0,3.046848170463041
63950.0,2.9074035854258073
64000.0,2.9732796241937636
64050.0,2.8161288557571784
64100.0,3.791606621332171
64150.0,4.2043892611776394
64200.0,3.9808269044309466
64250.0,3.3119469785513282
64300.0,3.479510702181844
64350.0,3.5260169267122907
64400.0,3.159620297962243
64450.0,3.822325956031303
64500.0,3.9833290891401565
64550.0,3.5841577338041986
64600.0,3.1045911933262937
64650.0,4.041557878825288
64700.0,3.6201897789586686
64750.0,3.3277169382896292
64800.0,3.1010318422045353
64850.0,3.8710986751839336
64900.0,4.155792562131049
64950.0,3.665483468972496
65000.0,3.4843797794649194
65050.0,3.6224138985498655
65100.0,3.0861598555222582
65150.0,2.7106804892171965
65200.0,2.2413799837609254
65250.0,2.240290577981761
65300.0,3.903649374931962
65350.0,2.8314296570089725
65400.0,2.6349317132944883
65450.0,2.4660279730026726
65500.0,2.278705960520915
65550.0,1.0131606490484544
65600.0,2.1634654933002144
65650.0,3.2361333087750075
65700.0,2.7671802190604144
65750.0,1.9867765802549555
65800.0,0.4205913087350039
65850.0,2.661442433542391
65900.0,4.013252663632906
65950.0,4.110922423941993
66000.0,1.8909480765785533
66050.0,1.5662640112493558
66100.0,1.3261601366388773
66150.0,0.7043411704546823
66200.0,3.174864478884633
66250.0,2.6465985111545556
66300.0,2.543342408464578
66350.0,2.392711129604496
66400.0,2.9309849861303205
66450.0,2.8858276259078486
66500.0,3.0856299080388028
66550.0,3.9576370456544776
66600.0,3.490226854970067
66650.0,3.210265734836519
66700.0,3.2209011840319697
66750.0,3.0752871704032443
66800.0,2.9498100586959763
66850.0,3.2608428090305623
66900.0,3.51332955531007
66950.0,3.6635770363236415
67000.0,3.356025362649109
67050.0,4.070549502759305
67100.0,2.0055395162514027
67150.0,3.9914172056853072
67200.0,3.118874728416787
67250.0,2.7970868498519037
67300.0,3.0852250705558526
67350.0,3.378724450043995
67400.0,2.8382209062387926
67450.0,2.450265571376749
67500.0,3.523248830871942
67550.0,3.711725620261841
67600.0,2.5820313942001922
67650.0,3.5523647308941855
67700.0,3.52239895310157
67750.0,3.421298891560882
67800.0,3.267551256055349
67850.0,4.004955654784699
67900.0,4.284026522190897
67950.0,3.7753496198731167
68000.0,4.3396880077269735
68050.0,4.208336552524288
68100.0,4.148868445135023
68150.0,4.082192864999842
68200.0,4.602295283668138
68250.0,4.723016044249598
68300.0,3.4708461466451226
68350.0,4.0036223001479465
68400.0,4.722943204942244
68450.0,4.037819261337745
68500.0,4.2303070249136185
68550.0,4.3601131529520565
68600.0,3.8230435838101657
68650.0,4.836720950778385
68700.0,3.2607687403028134
68750.0,4.0732524100455905
68800.0,3.8890872945674504
68850.0,4.385077150335417
68900.0,3.967442497701798
68950.0,3.879354060569545
69000.0,3.2747503492427312
69050.0,3.567715200392507
69100.0,4.029265038656604
69150.0,3.1568637736721974
69200.0,3.9588120896351526
69250.0,3.050129217197847
69300.0,4.1257716060432745
69350.0,3.7438992064888015
69400.0,3.3824955673962087
69450.0,3.011608700675514
69500.0,3.300661384664926
69550.0,2.840664905035851
69600.0,3.6977851927938015
69650.0,3.7387425198701223
69700.0,3.5544618425112176
69750.0,3.5720445628573994
69800.0,3.364727424817147
69850.0,3.853946926495411
69900.0,4.050122641885849
69950.0,4.138850668995655
70000.0,3.067278219477178
70050.0,4.140649158983539
70100.0,3.376902898253659
70150.0,2.997281695926469
70200.0,4.7715480514089235
70250.0,3.8952501346492108
70300.0,2.3968517571906256
70350.0,1.6698499052586502
70400.0,3.1340840765171754
70450.0,3.7464133319780464
70500.0,3.661816051588846
70550.0,4.050110077294239
70600.0,4.503620304104645
70650.0,4.005618834582506
70700.0,4.082561735120101
70750.0,4.338074069247744
70800.0,3.769668680300704
70850.0,3.6926516376410494
70900.0,3.4826579394575408
70950.0,3.9355996588508164
71000.0,3.9102698293026594
71050.0,4.093898126198033
71100.0,3.2292705787023928
71150.0,2.793793778391025
71200.0,3.375765996065056
71250.0,3.171576256909853
71300.0,3.819788858061265
71350.0,4.221114709445013
71400.0,3.292078167221561
71450.0,4.1534680899362755
71500.0,4.185939658717299
71550.0,4.021203374337949
71600.0,4.796465932655809
71650.0,5.5722694493756055
71700.0,4.397757511552072
71750.0,3.16597549423505
71800.0,3.3935345892008404
71850.0,2.222814045230952
71900.0,2.088320899610831
71950.0,2.009028874468073
72000.0,1.4055256891230026
72050.0,2.553995886649662
72100.0,3.3448623510325017
72150.0,2.5634707336278972
72200.0,3.13505752438229
72250.0,3.384814060806118
72300.0,3.5761155588536306
72350.0,4.213098190081044
72400.0,3.055419943964117
72450.0,3.537077850069212
72500.0,3.08898071069842
72550.0,3.0450732778943697
72600.0,3.5536042146619082
72650.0,4.193741070122875
72700.0,3.9376259447129613
72750.0,2.062080952945056
72800.0,4.248516352652401
72850.0,3.2119929297793646
72900.0,3.6384557915320794
72950.0,3.270810781869681
73000.0,2.787451854072619
73050.0,2.7803022113375118
73100.0,1.8789873090316596
73150.0,3.7220435995776646
73200.0,3.867788179754435
73250.0,3.815374228752341
73300.0,3.264763747548194
73350.0,3.9200635005751305
73400.0,3.502696888395969
73450.0,4.226223993276638
73500.0,4.192442117385538
73550.0,4.417634677358836
73600.0,3.4359247003062907
73650.0,3.0061400677212107
73700.0,3.1007066967241483
73750.0,4.084860438906085
73800.0,2.8402425227323813
73850.0,3.1584453157801557
73900.0,3.6866477940562734
73950.0,3.6638933654674046
74000.0,3.6013433938093486
74050.0,3.176866548971588
74100.0,2.25037757587733
74150.0,3.175117694751188
74200.0,2.2595782212216418
74250.0,3.258972452565651
74300.0,3.8004865812723834
74350.0,3.8886598591978068
74400.0,4.408045632988518
74450.0,2.822247469129116
74500.0,3.9954332016106098
74550.0,4.0150302362349
74600.0,3.276703618398588
74650.0,3.226033263292859
74700.0,3.846374581511137
74750.0,4.1998428042876075
74800.0,3.500312775070404
74850.0,2.7867891421062096
74900.0,2.3453943021187222
74950.0,2.780663308249641
75000.0,3.658546810890949
75050.0,3.344624875965944
75100.0,3.289618031325353
75150.0,3.5562449721602047
75200.0,3.184366600029162
75250.0,3.306808748224509
75300.0,1.2093336998147428
75350.0,4.010062035827572
75400.0,3.7242522762469106
75450.0,3.4347761162890484
75500.0,2.7996034008965838
75550.0,2.8340941791545964
75600.0,3.74572977205739
75650.0,2.6263650521000255
75700.0,2.4588770944438254
75750.0,2.641380188571958
75800.0,2.7506339534772457
75850.0,1.3906440022461657
75900.0,2.8335264679033156
75950.0,2.491462199764116
76000.0,4.001370884396749
76050.0,2.6256743419866293
76100.0,1.2674751065688483
76150.0,3.0173640559221546
76200.0,1.7318169427256844
76250.0,1.4634501871336443
76300.0,2.2877241401344666
76350.0,1.174817897240738
76400.0,0.3339119211069276
76450.0,1.8287675453364693
76500.0,1.6759747448081188
76550.0,0.38858331281820313
76600.0,0.47212071936691624
76650.0,0.7011407766454237
76700.0,0.7854927877966373
76750.0,1.750478976737395
76800.0,2.059707906813943
76850.0,2.3604630575306
76900.0,3.433725591631019
76950.0,1.7041689416338395
77000.0,1.3249495425696831
77050.0,1.6182048968037224
77100.0,1.3131978450920543
77150.0,0.5477258559839536
77200.0,2.202405570840355
77250.0,0.5203799576441648
77300.0,0.49568037036824236
77350.0,0.7684353157656125
77400.0,0.49051171501547386
77450.0,1.1359992138582666
77500.0,0.9419660323784165
77550.0,2.287721188728575
77600.0,2.0191318550015684
77650.0,1.9163739558911252
77700.0,1.2845980479575823
77750.0,0.7339615026078745
77800.0,0.46744289439629677
77850.0,0.39472000438924143
77900.0,0.9869601610806036
77950.0,3.043185058304674
78000.0,2.4001244500067536
78050.0,2.5902489613988915
78100.0,3.1880374652257037
78150.0,2.9882094589058568
78200.0,3.1520935019229155
78250.0,3.1540902534894033
78300.0,3.276479633647325
78350.0,2.570386314602073
78400.0,3.719930452091308
78450.0,3.115458470095771
78500.0,3.2304323390116756
78550.0,2.5622448305789667
78600.0,3.134468721338473
78650.0,1.033243400703046
78700.0,1.486602740326853
78750.0,2.2136831270676516
78800.0,3.804062644805585
78850.0,2.323379082840027
78900.0,0.640077574346945
78950.0,1.167261601360525
79000.0,1.5324164373099394
79050.0,2.359550891111223
79100.0,2.3605887089368487
79150.0,0.7730477158866296
79200.0,1.2613055752563158
79250.0,0.79271208902002
79300.0,0.4709587642230235
79350.0,1.0235171665275264
79400.0,2.201585771040551
79450.0,3.5656964351325353
79500.0,3.05381631599068
79550.0,2.7063068514723607
79600.0,3.256744378633424
79650.0,3.6014107462000333
79700.0,2.316981573792096
79750.0,3.622924196037338
79800.0,3.1577362532825117
79850.0,3.636675216245265
79900.0,3.681155147039667
79950.0,3.745154621519096
80000.0,4.24292493159467
80050.0,2.054335134209422
80100.0,3.706398877505555
80150.0,3.0920713248883414
80200.0,3.6388729803102575
80250.0,2.967473544459935
80300.0,2.651261784571602
80350.0,2.654559796588434
80400.0,3.0714827167231875
80450.0,3.233603711444768
80500.0,2.810034060562424
80550.0,3.136189904244616
80600.0,2.6870597891884267
80650.0,2.4932260926191865
80700.0,2.8237182447939793
80750.0,3.8141534004464646
80800.0,3.4795124694656843
80850.0,2.849508185538539
80900.0,3.262314017538604
80950.0,3.0271584635879556
81000.0,3.259477120344656
81050.0,3.5735831111729257
81100.0,3.0102959213073546
81150.0,3.445820531482751
81200.0,3.343140487310917
81250.0,2.8945462107449846
81300.0,3.144548892614947
81350.0,3.023407215815981
81400.0,2.508085093979018
81450.0,2.466677993478317
81500.0,2.644786457752736
81550.0,2.6847889169075083
81600.0,2.9701519073801137
81650.0,2.6134640969781096
81700.0,2.587602003367735
81750.0,3.1186815151158505
81800.0,2.71090450888003
81850.0,3.66956728762303
81900.0,3.2132970079262027
81950.0,2.7040864450324413
82000.0,2.658608281031803
82050.0,3.181536955905465
82100.0,3.1822788067593213
82150.0,3.573299411317018
82200.0,2.6125825439287467
82250.0,2.573103448892406
82300.0,2.9368852119105395
82350.0,3.0217364097817607
82400.0,3.174266980245689
82450.0,3.6556792832163953
82500.0,3.72436280647179
82550.0,3.3996625548883737
82600.0,3.077918267171963
82650.0,2.1867095139828607
82700.0,4.057757748583748
82750.0,3.588604272050686
82800.0,3.8999054992240016
82850.0,3.1674109683515055
82900.0,1.8876925233685948
82950.0,2.6107635129656783
83000.0,2.555502833625911
83050.0,2.2116711970045295
83100.0,1.4003588167624543
83150.0,3.694778254028546
83200.0,0.49204267776847305
83250.0,2.9549581410555845
83300.0,3.260306305339894
83350.0,3.3929479059607965
83400.0,3.938809946493573
83450.0,3.442219739712228
83500.0,3.5276764931706355
83550.0,3.737444801357651
83600.0,3.611233188992934
83650.0,4.108778891981164
83700.0,2.5141397983815224
83750.0,2.169142558081869
83800.0,2.8459414504335627
83850.0,2.3649052968430673
83900.0,3.559503198750623
83950.0,4.5393691581696025
84000.0,2.6530304327930976
84050.0,3.172520880309502
84100.0,1.38729743428305
84150.0,1.5745737745374107
84200.0,1.8353732236331506
84250.0,2.2992385439812666
84300.0,0.670369161023082
84350.0,2.2043096888248592
84400.0,1.0196559804635672
84450.0,3.047488483911927
84500.0,1.3914015607389216
84550.0,3.145851151563008
84600.0,2.0092237121752605
84650.0,3.0799034405774495
84700.0,3.0750243445055707
84750.0,1.8119552521990785
84800.0,2.804584803467636
84850.0,1.6241276617419225
84900.0,3.1231059167159314
84950.0,1.6937823289633294
85000.0,1.3062897020554523
85050.0,0.8989988888268153
85100.0,2.310363552009082
85150.0,1.564896191950887
85200.0,1.5902513115994727
85250.0,1.144468209667891
85300.0,1.3402628649382595
85350.0,1.85261698859937
85400.0,3.541114825986614
85450.0,0.4092707181985674
85500.0,1.4651217517639195
85550.0,2.099403005122104
85600.0,0.44787986281401393
85650.0,1.9829470025010165
85700.0,1.2765944655897201
85750.0,0.7296527109836124
85800.0,2.337194878727421
85850.0,1.6562863424817516
85900.0,0.8233467506777408
85950.0,0.9051447496815612
86000.0,1.2646326090968836
86050.0,0.7343660841567178
86100.0,1.9077963198727084
86150.0,1.2005806675242008
86200.0,1.7784217421214576
86250.0,3.473912800385704
86300.0,4.170095088619082
86350.0,4.495221654332309
86400.0,2.901965756535026
86450.0,3.7015930606382215
86500.0,3.9658165128313194
86550.0,4.405872566673413
86600.0,3.8747997152470988
86650.0,4.288317838649127
86700.0,1.4937852784174757
86750.0,1.9449658310059492
86800.0,1.751653945163031
86850.0,3.089107357829513
86900.0,2.8446771158972863
86950.0,4.0394572514739036
87000.0,4.544864016474382
87050.0,4.0212398655403945
87100.0,3.950555714211731
87150.0,4.621136934502809
87200.0,4.633030382276039
87250.0,4.1174001019900315
87300.0,3.962749527352948
87350.0,3.211822589867482
87400.0,4.092249831732753
87450.0,3.927971740407245
87500.0,3.605786703466938
87550.0,3.4317035295066756
87600.0,3.9019753376565154
87650.0,4.123516253706073
87700.0,3.2764770242869528
87750.0,3.7396920241664393
87800.0,3.8502200492390384
87850.0,4.266624422901767
87900.0,4.87304900081479
87950.0,4.161838011379609
88000.0,3.574942357594974
88050.0,3.636616988459018
88100.0,3.3951142947212603
88150.0,3.4226578339944402
88200.0,4.145237792849096
88250.0,4.4949872528690475
88300.0,4.08818845740889
88350.0,3.9541734740874057
88400.0,3.3580657868584987
88450.0,4.097068205841891
88500.0,3.5137743058515665
88550.0,4.511995536023553
88600.0,3.87862134803125
88650.0,4.2412245461292555
88700.0,3.958141885112202
88750.0,3.8424590625487807
88800.0,3.5558370497068172
88850.0,3.8708368726287525
88900.0,3.9162495437521114
88950.0,3.7442511162494836
89000.0,3.4572350646190277
89050.0,2.9110797884515365
89100.0,3.9140400834417903
89150.0,2.895426092078776
89200.0,3.7414537633802665
89250.0,4.083234050520975
89300.0,3.6514470515327324
89350.0,3.0603575957594975
89400.0,4.24876203966084
89450.0,4.237259758816514
89500.0,3.7689663712120614
89550.0,4.419839195675941
89600.0,4.6762791075355965
89650.0,3.7564451010790787
89700.0,3.6337405131931284
89750.0,3.9245491766110945
89800.0,3.798696426868185
89850.0,3.4914416696124255
89900.0,4.150831084717687
89950.0,3.2994804759482923
90000.0,3.1378142992650915
90050.0,3.062547771472017
90100.0,3.923950324753436
90150.0,4.220296930290202
90200.0,3.703835025550884
90250.0,2.6701487776316486
90300.0,3.567227019983054
90350.0,3.7132424030401667
90400.0,3.7064539703840595
90450.0,3.4783055260158724
90500.0,3.918442024166653
90550.0,4.37176329455537
90600.0,4.672110856753732
90650.0,4.15393670717878
90700.0,3.990455084070871
90750.0,4.352722650276397
90800.0,4.904050197593253
90850.0,3.912400454491942
90900.0,3.650166609216725
90950.0,3.7933893228000817
91000.0,3.885820538487485
91050.0,3.828286440721509
91100.0,3.37807578893408
91150.0,3.533566377645429
91200.0,4.359000015027701
91250.0,4.023752521800857
91300.0,3.7317793595199986
91350.0,4.169697848931294
91400.0,3.2963323225987673
91450.0,4.135021771119106
91500.0,4.212183610486598
91550.0,3.29790606239934
91600.0,3.480239741083763
91650.0,2.965147106516746
91700.0,3.983668021690742
91750.0,4.1169521987910365
91800.0,4.6521848747570775
91850.0,3.662090606206731
91900.0,4.212590183279228
91950.0,3.773073937585535
92000.0,4.824709702378373
92050.0,3.8116807445394065
92100.0,4.653739900581697
92150.0,3.505835399036334
92200.0,3.7016740465767755
92250.0,3.8448039284925413
92300.0,3.820379392952848
92350.0,3.795905266950439
92400.0,3.3881136945787427
92450.0,4.010248744036091
92500.0,3.786951302150769
92550.0,3.551139804161869
92600.0,4.168089986966769
92650.0,4.152372754633711
92700.0,4.085902127746685
92750.0,4.881896813827782
92800.0,3.7764300944740388
92850.0,3.47497893315042
92900.0,4.370215250472342
92950.0,4.100189890866611
93000.0,4.032463042727704
93050.0,5.1471663263823055
93100.0,3.228866368768932
93150.0,4.945523161180381
93200.0,3.6928846122032417
93250.0,4.023171091379436
93300.0,3.279188139396351
93350.0,4.308897752833422
93400.0,4.167599941220572
93450.0,4.304439080854727
93500.0,3.921960210186702
93550.0,3.9036667481766676
93600.0,3.9019571778978936
93650.0,3.398382200527506
93700.0,4.7928362304700824
93750.0,4.207305737989301
93800.0,3.5379637470740835
93850.0,4.267341390031988
93900.0,3.874675953960263
93950.0,4.374857578602137
94000.0,4.430415094017943
94050.0,3.599955715332579
94100.0,3.2061482964480166
94150.0,3.3943756972311263
94200.0,3.425635480975148
94250.0,3.2978772349204095
94300.0,3.485928432100889
94350.0,3.386177415380188
94400.0,4.0392336464157665
94450.0,4.463237926175207
94500.0,4.684620890229286
94550.0,3.616654658381608
94600.0,4.161562410170129
94650.0,4.536881856382524
94700.0,4.60831721476605
94750.0,3.7233458917404834
94800.0,4.031635411872101
94850.0,4.146972779102177
94900.0,3.874039789756461
94950.0,4.206411176885224
95000.0,4.365375645087128
95050.0,4.06907833564271
95100.0,3.5711465685896515
95150.0,4.661135351688156
95200.0,3.340058443394715
95250.0,3.7325682316149247
95300.0,4.450326321413883
95350.0,4.207741694091355
95400.0,3.8637502448576666
95450.0,4.445155219516421
95500.0,3.7587207890816767
95550.0,3.1018840990599914
95600.0,2.383565461210588
95650.0,2.798909980050679
95700.0,2.672917207534774
95750.0,4.069164339922458
95800.0,4.259647630259349
95850.0,3.8708387009249927
95900.0,4.324357256991912
95950.0,4.344295250883927
96000.0,4.34735686195979
96050.0,3.783409801727871
96100.0,4.458576034263508
96150.0,5.286416971888018
96200.0,3.91530335714139
96250.0,3.6136385397684587
96300.0,4.768573844649415
96350.0,4.456960019083368
96400.0,1.96484052404083
96450.0,3.796494198290573
96500.0,4.179772419190524
96550.0,3.208457703186566
96600.0,2.6852341278212117
96650.0,2.716870016654517
96700.0,3.9864497060886817
96750.0,4.208159262950532
96800.0,4.4177044164143355
96850.0,4.062605465884312
96900.0,3.834954608518713
96950.0,3.5978901720606555
97000.0,3.7183294257405772
97050.0,3.115471625965594
97100.0,3.543627011272651
97150.0,3.8816635639838624
97200.0,4.526157875253889
97250.0,4.571222468840745
97300.0,3.7580052347985897
97350.0,3.983176063487487
97400.0,3.886875303460577
97450.0,3.618593491518497
97500.0,3.1508385061186046
97550.0,3.680802402924686
97600.0,4.612828067357503
97650.0,4.196892050544939
97700.0,3.551408465730361
97750.0,5.624215239040622
97800.0,3.810129335070958
97850.0,1.9811636385752969
97900.0,3.8540734731493904
97950.0,5.408703803514186
98000.0,4.378287570942309
98050.0,3.667983379064679
98100.0,3.378772619738568
98150.0,3.2697874409677006
98200.0,4.120554335260452
98250.0,4.20881327741212
98300.0,4.18303443718579
98350.0,4.5974016404147395
98400.0,4.541598072192499
98450.0,4.9252921784013965
98500.0,4.105677848729434
98550.0,4.5904898867063855
98600.0,4.775017429819815
98650.0,4.552309712138817
98700.0,4.120216919460368
98750.0,4.1072097187304735
98800.0,4.024224430028349
98850.0,4.673701276752083
98900.0,4.249623295867314
98950.0,3.9447955416297176
99000.0,3.6272525951747725
99050.0,3.5575696947821442
99100.0,4.645308107932798
99150.0,2.771166555406262
99200.0,3.6788165718954504
99250.0,4.277781375661069
99300.0,3.273298882063943
99350.0,3.371912524590499
99400.0,3.654502198519459
99450.0,4.7693402478280005
99500.0,4.569560664325266
99550.0,3.640505519604199
99600.0,4.125731417465412
99650.0,4.823088702101496
99700.0,3.500425618915826
99750.0,4.210187894930587
99800.0,3.7559809754304445
99850.0,3.009466169806672
99900.0,3.4574699536316866
99950.0,2.8188447428419225
100000.0,3.1839927045863967
100050.0,3.619433590754421
100100.0,3.4788942399942195
100150.0,3.1427834423582826
100200.0,3.8256484359937626
100250.0,3.7429656215751788
100300.0,3.1483648477661106
100350.0,3.56468877517349
100400.0,2.889285419130675
100450.0,3.4457812925137805
100500.0,4.350205444748557
100550.0,3.8008031446122663
100600.0,3.9964191953454145
100650.0,4.917987792855989
100700.0,3.7105936818532506
100750.0,4.4042025755574565
100800.0,4.474424417154168
100850.0,4.541923700874919
100900.0,2.840439472852037
100950.0,4.1620200615149985
101000.0,4.379644556474794
101050.0,4.0936737771017855
101100.0,3.7447127888400455
101150.0,3.9008872610415803
101200.0,3.7673458391374073
101250.0,3.7108753781827835
101300.0,2.940716310815778
101350.0,3.4719730165736755
101400.0,3.112331773256144
101450.0,3.2517846028981823
101500.0,2.5625972917734114
101550.0,3.009451798617255
101600.0,3.1846815065633094
101650.0,2.7688448340616683
101700.0,3.65318952565369
101750.0,3.4811769485895057
101800.0,3.9138085597883405
101850.0,4.028671265207527
101900.0,4.446233526490103
101950.0,4.137644874641954
102000.0,3.8085261031718187
102050.0,3.50665036211027
102100.0,3.467404479327884
102150.0,4.463205516791382
102200.0,4.559613608338559
102250.0,4.08139401575449
102300.0,3.5081914514718853
102350.0,3.2616566816766124
102400.0,3.2906815863520547
102450.0,3.1046087075628948
102500.0,4.107488226480705
102550.0,3.451577927355518
102600.0,4.088774029235842
102650.0,3.80306150846857
102700.0,3.5726473419798395
102750.0,3.945161957219773
102800.0,3.7742522101096485
102850.0,2.9113199194040216
102900.0,3.3073239197362674
102950.0,2.651298261364991
103000.0,4.023740602590046
103050.0,3.4911436403087404
103100.0,3.106458138386875
103150.0,3.6453782702460913
103200.0,3.651517444967587
103250.0,3.891080236608626
103300.0,3.924294818878673
103350.0,4.084031060683983
103400.0,3.841678878626968
103450.0,3.332356520344297
103500.0,3.6820641301515264
103550.0,3.3398474698467
103600.0,3.8496193294919565
103650.0,3.1620995087542316
103700.0,4.344950932448974
103750.0,3.4841006443345055
103800.0,3.497383978927211
103850.0,3.8114154975703682
103900.0,3.294994199342276
103950.0,4.0153294604147645
104000.0,2.8414961422710565
104050.0,3.6049000465684755
104100.0,3.914307826255606
104150.0,3.9337636464845134
104200.0,3.013600385482147
104250.0,3.5032839935737528
104300.0,3.1042369387753728
104350.0,3.7366570772125103
104400.0,3.299906115500973
104450.0,3.6954700605636273
104500.0,3.8214502623433213
104550.0,4.690498254662346
104600.0,3.7937296658898405
104650.0,3.331802402756535
104700.0,4.734924933252927
104750.0,3.6240460229473936
104800.0,3.1973751689874597
104850.0,4.0969009175687185
104900.0,4.158976179832001
104950.0,4.153851518060492
105000.0,4.356339162610648
105050.0,3.9345224217285244
105100.0,4.500598160048394
105150.0,4.570655157097361
105200.0,3.705535778274675
105250.0,4.28623182184646
105300.0,3.849740311623639
105350.0,3.88115771453527
105400.0,2.8672077506997438
105450.0,4.23313917477279
105500.0,3.7284859292035977
105550.0,4.2468300649564075
105600.0,3.5173317185398902
105650.0,4.386409911282661
105700.0,3.668718514880536
105750.0,4.477263914838861
105800.0,4.377498925002364
105850.0,3.6302203293911686
105900.0,4.535502286142007
105950.0,4.090645508512658
106000.0,3.22683578169482
106050.0,3.1774327472892634
106100.0,4.018030110624982
106150.0,2.8833634027576887
106200.0,3.5490132476178697
106250.0,4.540373320505436
106300.0,4.447797581897188
106350.0,4.0016238548102265
106400.0,3.571285949681042
106450.0,3.208906069310657
106500.0,3.024329771345206
106550.0,4.074748169405485
106600.0,4.204878532119309
106650.0,3.205398080658977
106700.0,1.6498761753779174
106750.0,2.910062872882105
106800.0,3.704482489517152
106850.0,2.374401520509946
106900.0,2.110873228056518
106950.0,3.128990947183276
107000.0,3.523217744069406
107050.0,1.02454433828842
107100.0,2.3605238388159657
107150.0,2.645312047776901
107200.0,3.324588030314209
107250.0,3.6916254275224443
107300.0,3.826339167320991
107350.0,3.777379015558581
107400.0,3.516735008800186
107450.0,3.460530096916656
107500.0,3.224559870059094
107550.0,3.7093510153217557
107600.0,4.008851496354777
107650.0,4.389579299547455
107700.0,4.145660794991206
107750.0,3.473394365370028
107800.0,3.247840514157147
107850.0,3.3236258945549517
107900.0,3.9342348999618597
107950.0,3.729906190813831
108000.0,3.4610522757150446
108050.0,4.213002633829906
108100.0,3.5120076976362733
108150.0,3.8538546995096254
108200.0,3.290922693894176
108250.0,2.9238644176798463
108300.0,3.512388180515131
108350.0,3.271084150893397
108400.0,3.4371149420396865
108450.0,2.4799387315153734
108500.0,3.9187821396037967
108550.0,2.766673382802338
108600.0,3.5994854118483
108650.0,3.53537487325039
108700.0,3.2668142286470383
108750.0,3.820654273200659
108800.0,3.427680042755285
108850.0,1.0670969675310715
108900.0,3.3694806427167046
108950.0,3.2122558529522025
109000.0,3.454112744057042
109050.0,3.473927784559565
109100.0,3.512673471537088
109150.0,4.006754833486471
109200.0,5.103901750308031
109250.0,3.066493508415931
109300.0,3.541338693552181
109350.0,3.342615548468082
109400.0,2.4214416453315053
109450.0,2.9118718695082326
109500.0,2.4771925349555164
109550.0,2.484770427210575
109600.0,1.9393536039461141
109650.0,2.774847338629968
109700.0,2.530983410930789
109750.0,3.207999365245599
109800.0,3.7310312255930262
109850.0,3.779228468779439
109900.0,3.818084349513072
109950.0,3.3304775649409164
110000.0,4.31877369076207
110050.0,1.7870078642666694
110100.0,3.9931552348836927
110150.0,3.855604522052558
110200.0,3.239144869393405
110250.0,3.4724748924484015
110300.0,2.767108580938756
110350.0,2.7855324572827516
110400.0,3.55317618413835
110450.0,3.2600014406945754
110500.0,3.6031030886892412
110550.0,2.9645031497001137
110600.0,3.3028027930397683
110650.0,3.3248889283898992
110700.0,2.663249141556154
110750.0,2.6904653074518925
110800.0,2.117094021813325
110850.0,3.6924365026470354
110900.0,2.442354114127626
110950.0,3.3197118257268374
111000.0,2.1728497615993043
111050.0,2.39628992245985
111100.0,3.339817093280528
111150.0,3.3525624327881838
111200.0,3.0364132411634883
111250.0,3.1208491959705413
111300.0,3.8856261231189997
111350.0,4.437857297112708
111400.0,3.290275710593355
111450.0,4.148383904580545
111500.0,3.621008578003722
111550.0,3.641386668415674
111600.0,3.9651749380660197
111650.0,4.196499624369043
111700.0,3.30025362277568
111750.0,3.896929419685086
111800.0,4.288974686388717
111850.0,4.698403952183135
111900.0,3.721004280384058
111950.0,4.373782791056659
112000.0,4.300069213310487
112050.0,4.049308712586414
112100.0,3.716084528428838
112150.0,4.444644254481615
112200.0,4.461960739766675
112250.0,4.13411444226397
112300.0,3.001517207697911
112350.0,3.2064552043461743
112400.0,2.9423435166351797
112450.0,2.718856140172996
112500.0,4.009858714445738
112550.0,3.3483247431859477
112600.0,3.638980457346361
112650.0,3.7236956703246427
112700.0,2.616291179309948
112750.0,3.3484026835254923
112800.0,3.6883905112710056
112850.0,3.782140540313813
112900.0,2.667295695448039
112950.0,3.3401026731697443
113000.0,3.623894110849474
113050.0,3.709244316031009
113100.0,3.242991676440029
113150.0,3.8108221637879103
113200.0,3.663134813937498
113250.0,3.256561262086046
113300.0,4.277392264642371
113350.0,2.9806352447808844
113400.0,3.386486855441641
113450.0,3.041857799256875
113500.0,3.6464529763235896
113550.0,3.0073401409813973
113600.0,3.277464742818775
113650.0,2.9751636548611917
113700.0,3.843646130457262
113750.0,3.3874001702418077
113800.0,3.548239171860012
113850.0,3.429592331664192
113900.0,3.0773505271737265
113950.0,3.5835963026498763
114000.0,3.490570698510519
114050.0,3.1294368351888373
114100.0,2.8561169274470757
114150.0,2.0730176239363627
114200.0,3.4928070348471603
114250.0,2.7006256627621106
114300.0,2.7310600793683433
114350.0,3.540237241655402
114400.0,3.4596233251119997
114450.0,3.472647371510914
114500.0,2.8061870762659233
114550.0,2.6290082911151536
114600.0,1.9428057911318528
114650.0,3.005560848564249
114700.0,3.407371614184999
114750.0,3.460058034951753
114800.0,2.9635433649834395
114850.0,3.9162337930246793
114900.0,2.0377906908439987
114950.0,3.054077263815651
115000.0,3.874261979245629
115050.0,3.919514955374328
115100.0,3.5560803130737177
115150.0,3.550955531513609
115200.0,2.940081286711904
115250.0,3.357167897791637
115300.0,4.309359387721437
115350.0,4.089168106576074
115400.0,3.7508131951132424
115450.0,2.071369623989509
115500.0,2.584970057195658
115550.0,3.879250061082041
115600.0,4.214377504045612
115650.0,3.3584660325539715
115700.0,2.362432433441588
115750.0,3.144563663461855
115800.0,3.434059400320345
115850.0,2.868065149546514
115900.0,2.902550825397474
115950.0,3.971218138254646
116000.0,4.553698851149058
116050.0,3.36674844150561
116100.0,3.8349014731158153
116150.0,3.38287086049682
116200.0,3.541041535003371
116250.0,3.871016745266287
116300.0,3.650022475925703
116350.0,3.803853961331572
116400.0,2.8386612071078448
116450.0,3.159283739357021
116500.0,3.20982985667559
116550.0,3.540544418035406
116600.0,3.7128684470505915
116650.0,3.691255099009024
116700.0,2.690516855161712
116750.0,3.267930781746207
116800.0,3.5132638672778893
116850.0,3.4440107261161677
116900.0,3.324066641005977
116950.0,3.315688702834829
117000.0,4.29515763550253
117050.0,3.398397949664312
117100.0,3.1397439082038963
117150.0,3.827180271662835
117200.0,3.0423818317396134
117250.0,3.3663737234532656
117300.0,3.770617748216932
117350.0,3.2986321794659954
117400.0,3.128079289034768
117450.0,3.4167898377661516
117500.0,3.4034813683683147
117550.0,3.4619780126775783
117600.0,2.909928159585076
117650.0,4.218122729341289
117700.0,2.8126483505846154
117750.0,2.4817716005114465
117800.0,3.1728487806432493
117850.0,2.907557848473241
117900.0,2.9096701502649878
117950.0,3.075922167943151
118000.0,3.15406355513287
118050.0,3.5254595067791494
118100.0,2.600036791031204
118150.0,3.413044794774621
118200.0,3.6666728749558013
118250.0,3.1403332371914834
118300.0,3.412693981655154
118350.0,2.472994231077378
118400.0,2.8250819096136497
118450.0,2.9722859503693635
118500.0,3.391180471403745
118550.0,3.4595227991809936
118600.0,2.7710459803495744
118650.0,3.1681859960436682
118700.0,3.7155016274780497
118750.0,2.9052028040297833
118800.0,1.8994937599966248
118850.0,2.5062520140135343
118900.0,2.5224750389842905
118950.0,2.819732445009912
119000.0,3.4891380544236417
119050.0,2.4096846796124836
119100.0,2.5610107905988735
119150.0,2.740527671630019
119200.0,2.503376311419606
119250.0,2.9202391988974292
119300.0,3.188039643929171
119350.0,3.347964846852325
119400.0,2.1335588623880475
119450.0,1.4675810133637759
119500.0,1.8042979549520743
119550.0,2.8379172207185297
119600.0,1.9184874266891006
119650.0,3.5488725759985
119700.0,2.1547599287053494
119750.0,3.1608997575438584
119800.0,3.1177204764524253
119850.0,2.661840975446733
119900.0,1.9487655096899124
119950.0,1.2986896448755356
120000.0,2.9522990055854033
120050.0,2.2760913479811284
120100.0,2.914323723215807
120150.0,2.9682614796489935
120200.0,3.461747683110261
120250.0,2.8058164548673252
120300.0,3.591066214265436
120350.0,2.823930915488693
120400.0,2.0455067767422777
120450.0,3.0292076137374613
120500.0,2.358092736076304
120550.0,2.6284185927523263
120600.0,2.459978486259649
120650.0,2.9610973798406643
120700.0,3.309429009741177
120750.0,3.5473052180949884
120800.0,3.1090506023898477
120850.0,3.00068238292555
120900.0,2.713922401554964
120950.0,2.305422558903425
121000.0,3.1867528588812113
121050.0,2.422250762180471
121100.0,2.0854021046030478
121150.0,2.7027549077253217
121200.0,2.352952225098672
121250.0,2.5577720979185155
121300.0,2.496752880261472
121350.0,2.7706995552418823
121400.0,2.8321691819900083
121450.0,3.1971825384405705
121500.0,2.4910002253797408
121550.0,2.641078755168734
121600.0,3.4663336358721386
121650.0,2.7019044091016093
121700.0,4.043462801184531
121750.0,2.2104479381664315
121800.0,2.8350981927831636
121850.0,2.329864958434998
121900.0,3.452619941068995
121950.0,2.7601789831131684
122000.0,3.2840373349967282
122050.0,2.603938252808731
122100.0,3.4000122357420866
122150.0,3.849531133075552
122200.0,3.0448921317366047
122250.0,3.5121190991228772
122300.0,2.666941821720962
122350.0,2.687617888382192
122400.0,3.03965042262941
122450.0,2.8643625830584822
122500.0,2.7908055625334334
122550.0,2.6026339455641043
122600.0,1.9387855417416189
122650.0,2.388931693895388
122700.0,3.004760308635085
122750.0,3.7039860928591186
122800.0,4.36043440308632
122850.0,3.058508650442189
122900.0,3.9256071167861566
122950.0,3.4627881880833833
123000.0,2.6989241783755644
123050.0,2.6321063198932535
123100.0,3.274796175842496
123150.0,2.873426122152708
123200.0,2.862949655724953
123250.0,2.5274440136688328
123300.0,3.4666108136717244
123350.0,2.8485057546387336
123400.0,3.350506032508748
123450.0,2.971614194001819
123500.0,2.7862161662194542
123550.0,2.9733654695631584
123600.0,3.1297559883197814
123650.0,2.8249406278364293
123700.0,3.442699334078059
123750.0,3.0243849401787593
123800.0,2.5393848659647467
123850.0,2.938106374940288
123900.0,3.189872957290202
123950.0,3.1129382368762584
124000.0,3.293895118726628
124050.0,3.572588988492667
124100.0,3.4525452726785764
124150.0,3.6542168413043496
124200.0,4.424577151683986
124250.0,3.689634106289589
124300.0,4.261099579795055
124350.0,3.662852210495718
124400.0,3.1071188142812574
124450.0,3.1580500016048503
124500.0,3.5921833070295572
124550.0,4.099694368842138
124600.0,1.7859980091173815
124650.0,3.2875072889376
124700.0,3.290985071268062
124750.0,2.4679732003297956
124800.0,2.670782908556147
124850.0,3.5856098234183174
124900.0,3.2424686869796298
124950.0,4.338938153721368
125000.0,3.7945983827066945
125050.0,2.809587894511965
125100.0,3.8257263463378055
125150.0,3.9920546952297364
125200.0,4.204956754817206
125250.0,3.9439041507134136
125300.0,4.27589282647912
125350.0,4.193195976309599
125400.0,3.753781299550351
125450.0,4.0523212462629985
125500.0,3.0675721897645194
125550.0,3.314769888554026
125600.0,3.352669970181559
125650.0,3.289023349124682
125700.0,4.070601746411002
125750.0,3.460012768410089
125800.0,4.148417756841768
125850.0,2.8262498839247416
125900.0,3.570780149644452
125950.0,3.3362975142431526
126000.0,3.5368187656749854
126050.0,3.261239875029594
126100.0,3.7366400969995466
126150.0,3.3367356444262883
126200.0,2.2892128403612966
126250.0,3.080095967372253
126300.0,3.016501615224722
126350.0,3.058705806942162
126400.0,3.0758890544642274
126450.0,3.592935654170198
126500.0,2.763762250072562
126550.0,2.7104581995952426
126600.0,3.688916030917059
126650.0,3.7010538017129493
126700.0,3.390661513345279
126750.0,3.7288858863778738
126800.0,3.9780882602179437
126850.0,3.3214009971336886
126900.0,3.3322967101019683
126950.0,3.738728500708387
127000.0,3.071817569050519
127050.0,2.7738210171697486
127100.0,2.209564211597923
127150.0,2.089234098436018
127200.0,1.4877128620715432
127250.0,2.381781121566786
127300.0,3.7082155547848275
127350.0,3.756410808457742
127400.0,3.505453107989967
127450.0,3.401484078034155
127500.0,3.29593822499562
127550.0,3.937753159877555
127600.0,3.251873825049666
127650.0,3.790986515380574
127700.0,2.50706447786685
127750.0,3.2181194097506074
127800.0,3.017363135044298
127850.0,3.4634790637949338
127900.0,3.8714568604998707
127950.0,3.319289335927125
128000.0,3.8477399681597215
128050.0,3.8303240411440482
128100.0,3.2005321298738774
128150.0,3.7436205453565288
128200.0,2.80192827911965
128250.0,4.368717473292977
128300.0,3.15786438060612
128350.0,4.601879132782924
128400.0,4.055848459832867
128450.0,4.052960418019512
128500.0,3.9815907643402446
128550.0,3.1840350844421557
128600.0,2.5116097401798627
128650.0,2.906715617108243
128700.0,2.600516762661302
128750.0,2.070233637223594
128800.0,2.256920343714896
128850.0,0.9014390892692257
128900.0,1.8339274601822402
128950.0,2.6123686735801885
129000.0,3.111184101940671
129050.0,3.476446753693004
129100.0,3.2795716792251213
129150.0,2.6697155313078422
129200.0,3.3244826638611413
129250.0,4.237318800216268
129300.0,3.3726821381957466
129350.0,3.451288653319649
129400.0,3.5358282898870783
129450.0,3.6736999716043006
129500.0,2.951233789066428
129550.0,2.0944408440822215
129600.0,3.6892549394235865
129650.0,2.719190032640526
129700.0,3.0245118892136906
129750.0,2.98175842326336
129800.0,2.6162733641480385
129850.0,3.703632500829279
129900.0,3.621063816711822
129950.0,3.5296693023545047
130000.0,3.9837925891751977
130050.0,3.568985001352631
130100.0,3.376832043087901
130150.0,3.960755387518707
130200.0,4.301509856118534
130250.0,3.6253277515533386
130300.0,3.999048536438054
130350.0,3.5353785513720815
130400.0,3.674086141093541
130450.0,3.4601844293049115
130500.0,3.1504592139369447
130550.0,3.8572773635934037
130600.0,3.774504860446462
130650.0,3.6501495523024086
130700.0,2.7746164467187526
130750.0,3.6477099586657507
130800.0,1.1342782839255332
130850.0,2.1549210224637685
130900.0,3.7455544156930416
130950.0,2.429194645806194
131000.0,2.545914007017274
131050.0,3.7738388498927105
131100.0,4.105309214316751
131150.0,2.432734545606917
131200.0,2.9660875335015553
131250.0,3.7771640089469676
131300.0,5.049410922604422
131350.0,3.2975887487437285
131400.0,3.817182101922307
131450.0,4.063111125163429
131500.0,3.5823167203295823
131550.0,2.392254218512137
131600.0,2.5895540102371877
131650.0,3.45586499704843
131700.0,3.3427379094943634
131750.0,2.1417287720856226
131800.0,2.0673646820350786
131850.0,2.32417519195134
131900.0,3.365870381629838
131950.0,3.5110399667297343
132000.0,3.6222076057986023
132050.0,3.7366275853619726
132100.0,3.5018966357728245
132150.0,2.868673949987647
132200.0,3.1681022422011313
132250.0,4.130449339879818
132300.0,4.009414359540252
132350.0,3.4088275493566242
132400.0,3.4663388046859573
132450.0,3.4801275615791374
132500.0,3.587557886808872
132550.0,2.8703112342449457
132600.0,3.0875214427906776
132650.0,2.2483977815861045
132700.0,3.7239767963752053
132750.0,3.490341758723239
132800.0,3.364656749980941
132850.0,3.4886191325773033
132900.0,2.2891237846456343
132950.0,2.1029936424425437
133000.0,2.8511217440865892
133050.0,3.5652342495999654
133100.0,3.4267886515899137
133150.0,3.328704318903164
133200.0,2.7227366553582932
133250.0,3.316590847159655
133300.0,3.069945706070675
133350.0,3.022663396647302
133400.0,2.879462475956089
133450.0,4.097266661801905
133500.0,2.661498288268806
133550.0,3.528878491045382
133600.0,3.5317246137789664
133650.0,2.6422321714406656
133700.0,2.0139742650074095
133750.0,2.950876836266783
133800.0,3.4089582352083796
133850.0,4.031399040366012
133900.0,4.076041450957336
133950.0,3.866884587258274
134000.0,3.3931949137144586
134050.0,4.047962705236964
134100.0,3.057854443003287
134150.0,3.064732703151474
134200.0,3.781017036665254
134250.0,2.7715326397553697
134300.0,3.140714768620002
134350.0,3.4572094714835955
134400.0,3.785949837398087
134450.0,3.273679768969642
134500.0,3.3099196170189344
134550.0,3.6098890297032122
134600.0,2.957126908753822
134650.0,3.4604488774060433
134700.0,3.159190877842202
134750.0,3.530779360580853
134800.0,3.9878536732897354
134850.0,4.383511941462397
134900.0,3.28780730345268
134950.0,3.5208778595839925
135000.0,3.413810469641651
135050.0,3.7461978560250637
135100.0,3.592015459046186
135150.0,3.2266068015863074
135200.0,3.6930886729070043
135250.0,2.886429657700522
135300.0,3.6602493543095878
135350.0,4.382397287736078
135400.0,3.6556386433014403
135450.0,2.8433407135959636
135500.0,3.3615599099354494
135550.0,3.6987021072046367
135600.0,2.4525232380540882
135650.0,4.170979927246649
135700.0,3.9748576316064113
135750.0,3.1287196685781615
135800.0,2.7356142972937167
135850.0,3.8487614002200354
135900.0,2.6619712844876755
135950.0,3.7612688934784866
136000.0,3.8168674970785306
136050.0,3.6214460639736585
136100.0,2.5841619470898904
136150.0,3.0191548019931806
136200.0,4.012312417664222
136250.0,3.2511352190323533
136300.0,2.539033097188159
136350.0,2.545148737374795
136400.0,3.070698945943859
136450.0,3.636562946029945
136500.0,2.8410730231521186
136550.0,2.7199422594577913
136600.0,3.2295668944058424
136650.0,2.8596985840905726
136700.0,2.017843917028975
136750.0,2.0377636518307765
136800.0,3.7461546829351784
136850.0,1.271410594556723
136900.0,2.5531318263718474
136950.0,2.669920993168111
137000.0,1.544467942572252
137050.0,3.321008066853992
137100.0,1.5655288183266283
137150.0,2.1304679206208617
137200.0,2.5084235243029807
137250.0,1.176855515275869
137300.0,1.604274036545722
137350.0,2.0364896843296916
137400.0,1.8090314872565951
137450.0,2.421171823959465
137500.0,1.4996332966487904
137550.0,1.9483567952717522
137600.0,2.645632967300285
137650.0,3.1238744389013826
137700.0,3.2102787617024346
137750.0,3.7424721634643814
137800.0,2.915712598854699
137850.0,2.42472617139128
137900.0,3.1281482735181294
137950.0,3.6537902779717886
138000.0,3.2063645565458083
138050.0,3.1296458454109115
138100.0,2.802296754823328
138150.0,2.91995058462523
138200.0,2.6735158692776144
138250.0,4.166747344029496
138300.0,3.3057810085949604
138350.0,2.8386801540702282
138400.0,3.0657748817662087
138450.0,2.525445404356036
138500.0,2.1157975019489657
138550.0,3.071904433335965
138600.0,3.530676395788921
138650.0,3.922200166664956
138700.0,2.2166169496112236
138750.0,2.9789076068919935
138800.0,1.7982721563884794
138850.0,0.7325240991522864
138900.0,1.6321113934795692
138950.0,3.2209013237875874
139000.0,2.5777684045550635
139050.0,3.9950438091003573
139100.0,2.2417401019515215
139150.0,2.4512397948842843
139200.0,3.6294489519527713
139250.0,1.6881624242524225
139300.0,0.5993328658097629
139350.0,0.4493278027176365
139400.0,1.410384421480009
139450.0,1.6317769265796522
139500.0,3.3098909084662345
139550.0,3.8376439973274583
139600.0,3.0437463043020134
139650.0,3.7692026463813675
139700.0,4.200211642792515
139750.0,3.5707838182151357
139800.0,4.061637314129266
139850.0,3.002018352829726
139900.0,3.609800111097343
139950.0,4.369494530189768
140000.0,4.2571699590462195
140050.0,4.194494550080677
140100.0,4.095957519225167
140150.0,3.52065177215848
140200.0,2.8627947105431906
140250.0,3.1412902596320467
140300.0,3.302422463649922
140350.0,3.3218232114686645
140400.0,3.7153095203769344
140450.0,3.777841927226583
140500.0,3.327640452185904
140550.0,3.5338089706537303
140600.0,3.2474757897737137
140650.0,4.3685331677089225
140700.0,4.0005100245549485
140750.0,3.620417129764782
140800.0,4.458179169941332
140850.0,4.23825703046429
140900.0,4.462082558142194
140950.0,3.674821273092855
141000.0,4.344491804845342
141050.0,4.624639514960781
141100.0,4.08395316785443
141150.0,2.9424486532774345
141200.0,3.276044684906375
141250.0,2.4214643578333663
141300.0,3.8713932102275224
141350.0,3.138311000864927
141400.0,2.5257077780922037
141450.0,2.8775663340072084
141500.0,4.3898739880573965
141550.0,3.7251993649825415
141600.0,2.535312220143127
141650.0,3.6613748138351103
141700.0,3.4567751586869786
141750.0,3.3458462799605226
141800.0,3.0549786725841006
141850.0,2.274658855658428
141900.0,2.5552100072591406
141950.0,2.539309282480636
142000.0,2.5629813691421286
142050.0,3.69124333966907
142100.0,2.8535026405032116
142150.0,2.941712884504193
142200.0,2.8714443950452653
142250.0,3.483126001896524
142300.0,3.4311891635377507
142350.0,3.2835039988928854
142400.0,3.124929280455693
142450.0,2.858126284503976
142500.0,3.708190284525762
142550.0,3.716855797536136
142600.0,3.2386117169707203
142650.0,3.399733005142846
142700.0,2.1954730020938324
142750.0,3.354665234122108
142800.0,3.089479661112239
142850.0,3.3538592982445325
142900.0,3.250242584570551
142950.0,2.576313327715393
143000.0,3.157024859445638
143050.0,2.807024050665202
143100.0,2.8976365370153654
143150.0,2.9277622611737346
143200.0,2.475676578414689
143250.0,2.9305794184023
143300.0,3.4622104040594803
143350.0,3.3261667443461813
143400.0,3.063869954274409
143450.0,2.851351891845
143500.0,3.234097224919997
143550.0,3.117659839489401
143600.0,4.168273701287049
143650.0,3.9144481015633033
143700.0,3.045289791457703
143750.0,2.634804793772055
143800.0,3.8688619074766244
143850.0,3.1173371811712083
143900.0,2.7222394901724747
143950.0,3.011110334950164
144000.0,3.313773452522622
144050.0,2.617384849721464
144100.0,2.5734215180082876
144150.0,2.748996908463658
144200.0,4.092686794637953
144250.0,2.859547484023725
144300.0,3.5809527385763986
144350.0,3.208437457204779
144400.0,2.8060812997411446
144450.0,2.406362335681953
144500.0,1.9611742752679757
144550.0,2.13548199540024
144600.0,1.8686326357168337
144650.0,3.4175742959939366
144700.0,3.0452734562905444
144750.0,2.9349954389965465
144800.0,2.883746211428515
144850.0,3.9885613523439356
144900.0,3.3167612240103277
144950.0,3.181600603075458
145000.0,2.755972930758772
145050.0,3.2252284417756316
145100.0,3.576267196047307
145150.0,3.48564428254986
145200.0,3.6345841752698234
145250.0,2.441741609471803
145300.0,4.10165793788774
145350.0,2.9466230625140737
145400.0,3.7099544055590723
145450.0,2.699794346646434
145500.0,3.18257488393623
145550.0,3.0307891654012717
145600.0,4.0494039169430485
145650.0,2.4868651791427334
145700.0,3.198373755166702
145750.0,3.0450406372229666
145800.0,3.109166569062424
145850.0,2.555112775200178
145900.0,3.001380187377828
145950.0,2.912676675964762
146000.0,3.229565255879294
146050.0,3.138757944040802
146100.0,3.5170848240852894
146150.0,3.040758479516564
146200.0,3.5780850592251108
146250.0,3.531352142648022
146300.0,2.353311388970508
146350.0,2.105372894678464
146400.0,1.7354230531051587
146450.0,3.3017108019894095
146500.0,2.7844923395752224
146550.0,2.9496256243586525
146600.0,3.012603552344727
146650.0,3.0686486406954576
146700.0,2.909155535787675
146750.0,3.487321945187698
146800.0,3.9133887557924942
146850.0,3.9813777402246404
146900.0,3.629446728377986
146950.0,3.652654020918635
147000.0,3.595887487637184
147050.0,3.6036210731555696
147100.0,3.6625222283973553
147150.0,3.954514006839885
147200.0,3.254088894655142
147250.0,2.550958325606885
147300.0,3.5654024814516623
147350.0,2.775046577143201
147400.0,3.401251197827898
147450.0,3.159271091951537
147500.0,3.4302769087120892
147550.0,2.9741196945953794
147600.0,3.3245272973023363
147650.0,3.1993924999578875
147700.0,4.1396690004194845
147750.0,4.120413257650446
147800.0,3.8301277780794662
147850.0,3.762528128384917
147900.0,3.8443987309089414
147950.0,3.0053940967515143
148000.0,3.187096248175907
148050.0,2.848188213350101
148100.0,2.7506164331541068
148150.0,3.423839016138551
148200.0,3.5060058382565895
148250.0,3.7850872889427154
148300.0,3.3843133542706854
148350.0,3.4900576314028364
148400.0,3.5599314003705618
148450.0,3.6134320851147024
148500.0,4.742772663907847
148550.0,3.193319773265329
148600.0,3.768620662367731
148650.0,3.973019587230096
148700.0,2.9165696120655458
148750.0,3.815103235611184
148800.0,3.3986287271157862
148850.0,3.3179082481100197
148900.0,4.0473293999418845
148950.0,3.7730708349363744
149000.0,1.1765170364483861
149050.0,2.1122928683128515
149100.0,1.2598777517992443
149150.0,0.49254153005853707
149200.0,1.773611586308835
149250.0,0.525445158697588
149300.0,0.4822848680162332
149350.0,2.4126536114272437
149400.0,2.8598021880435778
149450.0,3.233092219487914
149500.0,2.7793123385512546
149550.0,4.833308615332568
149600.0,3.1953382859222175
149650.0,2.904492517162655
149700.0,2.511945249443026
149750.0,3.493203711644706
149800.0,3.395068241833906
149850.0,3.7971837712893923
149900.0,3.2260167157252533
149950.0,3.547533226370923
150000.0,2.4932920976115835
150050.0,3.3366002763008495
150100.0,3.738743452030878
150150.0,4.029802509327001
150200.0,3.7414688139175705
150250.0,4.424420406684081
150300.0,4.108758551972665
150350.0,3.665923999089103
150400.0,4.054898891860356
150450.0,3.6101081185300976
150500.0,3.6158653821148783
150550.0,3.978276687265623
150600.0,3.324843534307058
150650.0,4.0986454589806165
150700.0,2.998683103299811
150750.0,3.4819057727181346
150800.0,3.897099562578787
150850.0,3.797181209925892
150900.0,3.8075450134633524
150950.0,3.7868303875662295
151000.0,3.0443541595148074
151050.0,3.9735879165820607
151100.0,4.157822223415957
151150.0,4.3915126135904625
151200.0,3.4920086193226796
151250.0,3.617595618094242
151300.0,4.014284401255102
151350.0,3.3321164624056325
151400.0,3.338592425035008
151450.0,4.086402204548019
151500.0,3.384089874124937
151550.0,2.3821191703916043
151600.0,2.8631770242387353
151650.0,4.45280557140087
151700.0,3.7439845343587552
151750.0,3.170754961193048
151800.0,3.9594560777523555
151850.0,3.554998128605196
151900.0,2.6988299285876276
151950.0,3.8736276599047246
152000.0,3.8263021166123
152050.0,3.394905731288343
152100.0,3.4763601358795304
152150.0,3.092927763213431
152200.0,3.545827501831309
152250.0,3.9349430003581185
152300.0,2.828777692513878
152350.0,3.1732790284640093
152400.0,2.305084476543296
152450.0,2.536297239397308
152500.0,3.0072881056718543
152550.0,3.0289576156976565
152600.0,3.2455952751767083
152650.0,3.0228154994525522
152700.0,3.1052343882722457
152750.0,3.2880052199523293
152800.0,3.6126722358387706
152850.0,3.2783219985822574
152900.0,3.6108024614055023
152950.0,3.3934933328566754
153000.0,3.654955516292702
153050.0,2.7638167961158455
153100.0,3.389410734478539
153150.0,2.7969598418133734
153200.0,3.247442522136269
153250.0,2.737773952207405
153300.0,2.8810744188854005
153350.0,3.0879907231982435
153400.0,3.4225862528716116
153450.0,2.332572959751064
153500.0,3.1709151256998314
153550.0,3.6888611265747784
153600.0,3.241928936419618
153650.0,2.985648040717595
153700.0,3.076683850254775
153750.0,2.405224065366739
153800.0,2.817162188348167
153850.0,3.0463221283321085
153900.0,2.8874194800360464
153950.0,2.982160750583949
154000.0,2.8461391738716246
154050.0,2.4872638017652045
154100.0,2.8750835718411176
154150.0,2.4263715213975807
154200.0,2.096783824048813
154250.0,2.556093593607244
154300.0,1.804299502570442
154350.0,1.8924558614789533
154400.0,2.1615740134471393
154450.0,2.1092635220853717
154500.0,2.7487777401892917
154550.0,2.2303801482030465
154600.0,2.7151625032132745
154650.0,3.2628967572436234
154700.0,2.924192023953966
154750.0,3.1523156626346025
154800.0,2.6912092572384316
154850.0,2.318728868914843
154900.0,3.198908604480586
154950.0,3.092328122297206
155000.0,3.0293390068058805
155050.0,3.0245808728166743
155100.0,2.874751663234317
155150.0,2.900276218284417
155200.0,3.6757700808506066
155250.0,2.7148856364819802
155300.0,2.9195526459754144
155350.0,3.651270117942265
155400.0,3.0141959757811896
155450.0,2.4749503150396626
155500.0,2.289388471352873
155550.0,3.0108125708930573
155600.0,2.688904278036576
155650.0,2.325893468339523
155700.0,2.430717927353804
155750.0,2.155111562582781
155800.0,2.8960312077051693
155850.0,3.4588595708197207
155900.0,3.4682536807123965
155950.0,3.5001956200642548
156000.0,2.864367831861201
156050.0,2.421942568368089
156100.0,2.7985172618317145
156150.0,3.318220929923674
156200.0,3.224994234776744
156250.0,3.0583793128096666
156300.0,3.3417794924856037
156350.0,3.2296886584600144
156400.0,3.9731218938028454
156450.0,3.793491900395552
156500.0,3.845372363096181
156550.0,3.5309611395823715
156600.0,2.824657684923323
156650.0,3.5956903376859035
156700.0,3.101301797538303
156750.0,3.0810340077102865
156800.0,3.615576521835165
156850.0,3.4420460701963034
156900.0,3.0748325115022874
156950.0,2.477858373019929
157000.0,2.568458818192835
157050.0,3.6886004689068517
157100.0,3.2137826896128456
157150.0,3.658314648100022
157200.0,2.5151723923292506
157250.0,3.184805025998679
157300.0,3.0366065816777787
157350.0,3.289208850759221
157400.0,3.072114068699727
157450.0,3.4851696648513646
157500.0,2.8633716721367812
157550.0,4.152793680795945
157600.0,4.125407637001257
157650.0,2.8809364152901766
157700.0,2.7802307680827276
157750.0,3.5045959570657472
157800.0,3.353486952506978
157850.0,3.673280826296883
157900.0,3.0418543164568286
157950.0,3.1731051724707595
158000.0,3.605953530858242
158050.0,2.801051278174665
158100.0,2.719721513408874
158150.0,2.3972866977880454
158200.0,2.8462227541230636
158250.0,2.6224592271536733
158300.0,2.85176929848206
158350.0,2.738573464819062
158400.0,3.358230941640291
158450.0,3.4043478131976865
158500.0,2.8522966841716286
158550.0,2.7418589146106123
158600.0,3.2374085902015306
158650.0,2.861429591847621
158700.0,2.696142820477896
158750.0,2.546621772548364
158800.0,2.445608609519586
158850.0,2.304515748369727
158900.0,3.735691716749107
158950.0,3.289891034209891
159000.0,3.0021495833773737
159050.0,3.097193716457189
159100.0,3.7542740804149917
159150.0,3.461976426850114
159200.0,2.9558252277691763
159250.0,2.6957173088227804
159300.0,3.5880083502586655
159350.0,3.642391259453189
159400.0,3.71662720809999
159450.0,3.8996010111651738
159500.0,3.172586111791775
159550.0,2.9693244612822345
159600.0,2.7600162328726063
159650.0,2.800300166802409
159700.0,3.102597053235105
159750.0,3.392493293323098
159800.0,3.3716015944078315
159850.0,3.6283023906423644
159900.0,3.338933550593763
159950.0,3.781601193505608
160000.0,4.023093474371495
160050.0,3.5415518898965552
160100.0,3.320328377262463
160150.0,3.109227325033962
160200.0,3.817340868002406
160250.0,3.3491599197419433
160300.0,2.9693762271311774
160350.0,3.4297094154179706
160400.0,2.89918716405009
160450.0,2.2690291889017167
160500.0,3.466686624571029
160550.0,3.5922820656123884
160600.0,3.6014030197926177
160650.0,3.0545189371680497
160700.0,3.2537516390160532
160750.0,3.6469866778787328
160800.0,3.682848507928008
160850.0,3.1553576999144664
160900.0,2.5390749849483742
160950.0,3.1175936819298506
161000.0,2.7186180430021705
161050.0,3.6661819966777323
161100.0,3.304421771047249
161150.0,3.234064830767672
161200.0,3.442367588398384
161250.0,2.956936898887036
161300.0,2.938260953742096
161350.0,3.1696372171818257
161400.0,3.077239573643106
161450.0,2.3468266160994116
161500.0,3.074166198336638
161550.0,2.617858614991164
161600.0,3.302621274310185
161650.0,4.392858307958438
161700.0,3.085773441051185
161750.0,3.481119517762665
161800.0,3.12235275080418
161850.0,3.703594250583299
161900.0,3.9100101328414705
161950.0,3.4622792246193717
162000.0,2.938043070229182
162050.0,3.2582962086594636
162100.0,2.938248319333843
162150.0,3.150314241271596
162200.0,4.048123344126068
162250.0,3.736069600720605
162300.0,4.103049636277941
162350.0,3.2027669836154526
162400.0,3.193761513767427
162450.0,2.8200013711309637
162500.0,3.549394477033383
162550.0,3.4775566639460886
162600.0,3.9247012771398357
162650.0,3.0042271437469985
162700.0,3.778089918710918
162750.0,3.5830269361473843
162800.0,3.903263808194332
162850.0,3.476636754388525
162900.0,2.8160248051421237
162950.0,3.058380789103483
163000.0,3.2679800933293355
163050.0,3.1579699521653173
163100.0,3.1289748690439056
163150.0,2.922360934698657
163200.0,3.153460343313402
163250.0,3.495899270520944
163300.0,3.178316148442005
163350.0,2.606645176924737
163400.0,2.7448456612146566
163450.0,3.009668849841683
163500.0,3.1800772910724597
163550.0,2.965043310461128
163600.0,2.725396234388043
163650.0,3.0774830330729337
163700.0,2.594821239045352
163750.0,1.977721571444109
163800.0,2.4693485157630173
163850.0,3.276777897369986
163900.0,2.303753119651424
163950.0,2.09410684925966
164000.0,3.2667259694721564
164050.0,3.129697184193056
164100.0,2.9489153926251332
164150.0,3.0851573272161437
164200.0,3.013881351075972
164250.0,3.1365728873340477
164300.0,3.1526011836308645
164350.0,3.111174222791326
164400.0,2.8753441179139854
164450.0,3.9870304509027834
164500.0,3.6826341999008556
164550.0,3.71899223665097
164600.0,3.073385179240084
164650.0,3.342142062828008
164700.0,2.8275999129557348
164750.0,3.0477195504199317
164800.0,3.452117490361467
164850.0,3.0753846601896186
164900.0,2.0407053487343862
164950.0,2.9598793706308784
165000.0,3.4101928083703603
165050.0,3.5712886478435775
165100.0,3.4583810906398544
165150.0,3.588135399671645
165200.0,3.6526555306468014
165250.0,3.019038239993837
165300.0,4.116333523346327
165350.0,3.7846510127882493
165400.0,2.772180728127189
165450.0,3.3678744165052774
165500.0,4.082290352503337
165550.0,3.389747816406575
165600.0,3.0194529102268106
165650.0,2.5908671543921638
165700.0,2.9550425456415357
165750.0,3.3833973170191243
165800.0,3.0954302955529474
165850.0,3.0622356371099637
165900.0,3.4007327149730324
165950.0,3.96269995190608
166000.0,3.489254361489714
166050.0,3.532052521329555
166100.0,2.928564236231953
166150.0,3.278597369000669
166200.0,2.9853468900803555
166250.0,2.9582414774956494
166300.0,3.2476897118364896
166350.0,3.9284864528945778
166400.0,2.8969993636784848
166450.0,3.5516315014418662
166500.0,2.8690215624781774
166550.0,2.869232017569357
166600.0,3.4627329662223145
166650.0,3.57997208824585
166700.0,4.23268180010689
166750.0,3.055272296566191
166800.0,2.642383662815712
166850.0,3.455107809728747
166900.0,4.240295144732092
166950.0,3.2780803743289826
167000.0,2.883104410194504
167050.0,3.022413116294301
167100.0,2.993089882092073
167150.0,3.480023343244031
167200.0,4.276971768930108
167250.0,3.7596152668824168
167300.0,3.322902938488789
167350.0,3.2011574592648255
167400.0,3.051606137990243
167450.0,2.626498487613408
167500.0,3.0113920481867695
167550.0,3.05990091500189
167600.0,2.816269859527078
167650.0,3.0114965699142906
167700.0,3.583361834131815
167750.0,3.225519024864456
167800.0,3.2435917996040984
167850.0,3.125476052124077
167900.0,3.2114959382680253
167950.0,3.789143168439226
168000.0,3.695752706507437
168050.0,2.2059457473038133
168100.0,3.3672845643836675
168150.0,3.193692025875145
168200.0,2.841373074071028
168250.0,3.4375258428560036
168300.0,3.0869085576634463
168350.0,3.3009226079219203
168400.0,3.02499479385106
168450.0,3.5235461531389047
168500.0,3.522570573096464
168550.0,3.207880974715836
168600.0,2.7435331528593463
168650.0,2.4122362352920494
168700.0,2.250447008962265
168750.0,4.152468535728504
168800.0,3.610056679835524
168850.0,4.019666189887948
168900.0,2.4230938710903764
168950.0,3.6512600309892402
169000.0,2.573787501818913
169050.0,2.2581635864617966
169100.0,3.0483599326280237
169150.0,2.3606344947778823
169200.0,1.5973675835770464
169250.0,2.442989322997633
169300.0,3.741925253404779
169350.0,2.438232231769549
169400.0,3.0811988186898596
169450.0,3.564408405972467
169500.0,3.488755304874736
169550.0,3.487277506855107
169600.0,3.4839895719473506
169650.0,3.1738445451577726
169700.0,3.239599929412239
169750.0,3.1666712388929
169800.0,3.4946344999377392
169850.0,3.5905563365507893
169900.0,3.5751310208776017
169950.0,3.1568812168596563
170000.0,2.7443552807567677
170050.0,2.6747143824382666
170100.0,2.972726194153772
170150.0,4.086916011984886
170200.0,3.499039419404887
170250.0,2.834186014325135
170300.0,2.3823129471273217
170350.0,3.007756590392286
170400.0,3.2837509288930895
170450.0,3.2366816804859053
170500.0,3.769389699820779
170550.0,3.3868862487470768
170600.0,4.12394030023263
170650.0,3.5772182995098163
170700.0,3.5090325094345336
170750.0,3.6360696071606227
170800.0,3.6604120066424115
170850.0,3.2462898321883324
170900.0,2.8996730046612473
170950.0,4.107137742049586
171000.0,3.250063603176274
171050.0,3.4450092124051923
171100.0,3.0712504471498145
171150.0,2.579107978446134
171200.0,3.1356178144641613
171250.0,2.9051849201359814
171300.0,2.673015081378098
171350.0,3.123091242260952
171400.0,2.7646680746532666
171450.0,3.944845617874587
171500.0,2.5537608668085348
171550.0,2.5471745929595713
171600.0,2.505852730411628
171650.0,3.036215788966249
171700.0,2.804959693676987
171750.0,1.9992470704974274
171800.0,2.379173968936431
171850.0,3.159792495871388
171900.0,2.5269326353764234
171950.0,3.523435680265937
172000.0,2.4894172519698268
172050.0,2.1426102464612113
172100.0,3.016900287441774
172150.0,1.498829366007
172200.0,2.6685149439855955
172250.0,1.0741915252449092
172300.0,1.7591446696847357
172350.0,3.1050607534733228
172400.0,1.6352323874489612
172450.0,1.4189411331082677
172500.0,1.8844866341486888
172550.0,3.5122930738675264
172600.0,3.3445598199817237
172650.0,2.306036134806388
172700.0,2.8135366080147364
172750.0,3.1877366534829124
172800.0,3.015858612031662
172850.0,1.5774626549491129
172900.0,2.7527617790376864
172950.0,3.0552682262606714
173000.0,1.6918004538577627
173050.0,2.8414939824741463
173100.0,2.9709591646731734
173150.0,1.6717038418182752
173200.0,2.8415661729821005
173250.0,1.4930835292479887
173300.0,2.912642019327305
173350.0,2.641171712083132
173400.0,2.7388659231165886
173450.0,2.2226312539842645
173500.0,3.4548943819546403
173550.0,3.230601605113486
173600.0,3.207661506475527
173650.0,3.419122939054777
173700.0,3.4498687559967225
173750.0,3.161231711608343
173800.0,2.7024052007603268
173850.0,3.385452344873262
173900.0,3.4154198621123255
173950.0,3.9902854469352182
174000.0,2.997297792209246
174050.0,4.228543335651067
174100.0,3.6253914116425956
174150.0,2.983049201891677
174200.0,1.6281535562446252
174250.0,3.077496448957033
174300.0,3.780186812213125
174350.0,3.6365074530815455
174400.0,2.6020932424824172
174450.0,2.8439946012247415
174500.0,2.609292366303363
174550.0,3.5297887242885255
174600.0,1.8533706229581886
174650.0,2.420964738224122
174700.0,2.2603971918885604
174750.0,2.763295398952114
174800.0,3.032109652790741
174850.0,2.489131130622119
174900.0,2.2335791927241457
174950.0,2.6989024467637304
175000.0,1.8851203358059698
175050.0,1.5592903528365247
175100.0,1.221838259731988
175150.0,1.4506522728139606
175200.0,3.097639052113901
175250.0,2.840229011223093
175300.0,3.512124028951594
175350.0,2.5070458171478287
175400.0,1.0036383002244487
175450.0,3.0551892041308006
175500.0,3.174362315628256
175550.0,2.732048830309031
175600.0,2.5264009724864587
175650.0,2.4480376725189386
175700.0,1.8738938412033255
175750.0,2.5608156716799373
175800.0,3.2983794474521013
175850.0,2.4879857985502603
175900.0,2.9166233244696884
175950.0,4.034562975203623
176000.0,2.2429888260768642
176050.0,3.1561685541230653
176100.0,2.349020189923683
176150.0,1.766071236142815
176200.0,2.1928980369781237
176250.0,3.6206490979056327
176300.0,3.5964967823243876
176350.0,3.289376268251583
176400.0,2.1938994980002873
176450.0,1.8347177372623662
176500.0,1.2121476262071627
176550.0,1.1538629987930489
176600.0,1.4107434438047464
176650.0,1.239796635353263
176700.0,1.897102372597796
176750.0,2.827451951812231
176800.0,3.4683001212711324
176850.0,2.1968393399038946
176900.0,3.218478455817872
176950.0,2.1889264629203042
177000.0,2.8866220229717365
177050.0,3.5126037408592654
177100.0,3.3407314522983556
177150.0,3.6633582078997993
177200.0,2.400188377620168
177250.0,3.4396470115031788
177300.0,2.1983604536312855
177350.0,2.576934802808601
177400.0,2.7292829635287026
177450.0,3.0455511031057516
177500.0,2.7863920152536577
177550.0,3.0038969557585773
177600.0,2.675312100753237
177650.0,2.543871154457294
177700.0,3.26096188028552
177750.0,2.1079361390365117
177800.0,2.0935592970885963
177850.0,2.982782847959765
177900.0,3.851791196628085
177950.0,4.225193547804433
178000.0,3.430803707708181
178050.0,3.055025186144802
178100.0,2.4576603142027915
178150.0,2.542631905739175
178200.0,2.986313578089458
178250.0,3.6072265534087613
178300.0,2.416277793736407
178350.0,3.6621952798303776
178400.0,3.4094838393372244
178450.0,2.5273480957776067
178500.0,2.1274829230023546
178550.0,2.7425164021186648
178600.0,2.376756946128288
178650.0,1.99691861091651
178700.0,3.454976347259218
178750.0,2.6460756701283956
178800.0,2.309998248885717
178850.0,2.8902757590990635
178900.0,3.5047680239042864
178950.0,3.0198353157914313
179000.0,3.6880424604401987
179050.0,4.133204776326549
179100.0,1.7384179809310691
179150.0,2.547307714636254
179200.0,2.2738896216121343
179250.0,1.4489311330185402
179300.0,3.6851256259402447
179350.0,3.8192907160242315
179400.0,3.419735216298039
179450.0,4.209963643695185
179500.0,3.9805261308282014
179550.0,3.8402443899443885
179600.0,4.004573728665874
179650.0,4.184292916894928
179700.0,3.4773957200269745
179750.0,4.280817195920499
179800.0,3.2224679651465795
179850.0,2.560794366147248
179900.0,2.795175228743764
179950.0,3.7971302700811753
180000.0,3.535168020529733
180050.0,3.661992037708824
180100.0,4.275712341571181
180150.0,3.350909029483828
180200.0,2.9623437834842736
180250.0,3.1184747831517416
180300.0,3.167172506576294
180350.0,2.493291251229144
180400.0,2.0542821442563928
180450.0,2.5762717771223835
180500.0,3.0325385148014172
180550.0,2.021826902598572
180600.0,3.1683563221538678
180650.0,2.9670663626392666
180700.0,2.606200665573289
180750.0,3.4868454036862833
180800.0,3.167660983727417
180850.0,2.6628365460689594
180900.0,3.1341522394555748
180950.0,2.7963157540426886
181000.0,3.6612818244156067
181050.0,1.8788528619335396
181100.0,1.0360478486341669
181150.0,3.2551030699655983
181200.0,2.903805669424094
181250.0,3.5094319449625027
181300.0,2.7719124212501227
181350.0,2.1157725949927157
181400.0,2.696679257758131
181450.0,2.6163677995787205
181500.0,3.303100978972263
181550.0,2.9213861081038974
181600.0,2.719078877382842
181650.0,1.8462086377880647
181700.0,1.9764568508765947
181750.0,2.0898261418795814
181800.0,3.401083456758361
181850.0,2.880639037126699
181900.0,3.5494373948149347
181950.0,3.292432775374594
182000.0,1.6776429408006939
182050.0,1.9344452804726828
182100.0,2.99943140313241
182150.0,2.950540152039493
182200.0,2.929535570545152
182250.0,2.0799490893143484
182300.0,2.92648224767394
182350.0,2.6273306606119466
182400.0,2.2753664738575585
182450.0,1.623850529643553
182500.0,2.847348267601048
182550.0,1.8178527145629677
182600.0,3.465617626025742
182650.0,2.872871193007526
182700.0,2.623911889677731
182750.0,2.819305437740297
182800.0,3.00338235435041
182850.0,2.489875472922304
182900.0,2.7881515855361387
182950.0,2.2993896099046984
183000.0,1.7933737279351372
183050.0,0.7231148249514652
183100.0,0.9326241974926331
183150.0,2.6913932884769465
183200.0,2.346096841966842
183250.0,1.9592596181606838
183300.0,1.3673695403465775
183350.0,2.854080791381665
183400.0,2.668066373012581
183450.0,3.483229997291917
183500.0,3.066938333119903
183550.0,2.199746742241775
183600.0,2.3532719784427405
183650.0,1.2903064854681434
183700.0,1.2734185509534994
183750.0,1.8009678150440247
183800.0,2.2940755407548403
183850.0,2.39154887811093
183900.0,0.8257713180199651
183950.0,1.907111894528269
184000.0,1.9854979698180215
184050.0,2.921930837961385
184100.0,2.798478147826549
184150.0,2.9516406131137747
184200.0,2.720804706919239
184250.0,2.7786652347999445
184300.0,3.0500805918631815
184350.0,2.425611530396109
184400.0,3.9412424856897563
184450.0,2.8412840473743026
184500.0,3.2183942172034254
184550.0,2.963392487472203
184600.0,3.8869245583865935
184650.0,3.8600140277872437
184700.0,1.1197735557600415
184750.0,3.2055368654085914
184800.0,1.6523877838500478
184850.0,2.509458774410577
184900.0,2.5142982890327144
184950.0,2.1393615048372383
185000.0,3.2128966085653197
185050.0,2.663770884773977
185100.0,3.821592103013341
185150.0,3.410263587415343
185200.0,3.088769792033278
185250.0,3.539617041440307
185300.0,3.869586294769316
185350.0,2.652144420213481
185400.0,0.4713850092469631
185450.0,0.8010602601034513
185500.0,1.2007856886965342
185550.0,1.4193620296490623
185600.0,2.252771796663898
185650.0,1.233330246661134
185700.0,2.2366252968507507
185750.0,2.7852084102800307
185800.0,2.5565003232155026
185850.0,2.0237799873090037
185900.0,2.1085000594457104
185950.0,2.4785035940947737
186000.0,2.507064799222318
186050.0,3.2720123953604796
186100.0,2.96469101323696
186150.0,2.317880469321312
186200.0,3.4214329578589115
186250.0,1.1584898701760968
186300.0,3.195385307757637
186350.0,2.613883052674874
186400.0,0.7595342694997469
186450.0,0.8220640489587439
186500.0,1.9398168017313504
186550.0,2.2895617789620255
186600.0,1.3468841798893705
186650.0,0.8942544400094813
186700.0,1.9540966544059704
186750.0,1.4474080216355354
186800.0,2.509041825352352
186850.0,2.859104924495387
186900.0,3.4417127847509112
186950.0,1.7358231127321109
187000.0,2.757204471087382
187050.0,2.0229135293865936
187100.0,0.9680356962185142
187150.0,2.1858857485600764
187200.0,3.7484639017005033
187250.0,1.6873047250330342
187300.0,1.7471360091999428
187350.0,2.9827498581533383
187400.0,2.378443194363802
187450.0,2.6577825530647776
187500.0,2.3780641212656604
187550.0,2.332250049937062
187600.0,3.0771860996764766
187650.0,2.7065245332150147
187700.0,4.0528253830165735
187750.0,2.5224175763925114
187800.0,1.668948436136048
187850.0,2.8226186273707032
187900.0,3.5627121655957725
187950.0,1.3132361437836633
188000.0,1.3141120157849953
188050.0,1.7058399357757892
188100.0,1.044460850405034
188150.0,0.9908592364101
188200.0,2.566963293337323
188250.0,2.3914407162547984
188300.0,1.785410222818929
188350.0,2.2585187314686634
188400.0,2.4521180793298507
188450.0,1.5560797942916413
188500.0,2.092916526768027
188550.0,1.971999873789265
188600.0,0.6428825124476095
188650.0,2.707504052108688
188700.0,1.7383332146419508
188750.0,2.1017104981038166
188800.0,0.8499410918524762
188850.0,1.3820614949541659
188900.0,3.023289817939624
188950.0,3.238533936821165
189000.0,3.400714484153248
189050.0,3.4859835224487687
189100.0,3.4152904613742567
189150.0,3.0247161555521433
189200.0,4.398032096872709
189250.0,4.334627588945069
189300.0,2.697886267187582
189350.0,2.970046900122881
189400.0,3.040227936183158
189450.0,2.281885899713137
189500.0,3.0393079572347848
189550.0,2.8961124629587705
189600.0,1.957905236175168
189650.0,3.4794359245496347
189700.0,2.3696589685728635
189750.0,3.028610071851752
189800.0,0.9527283979104656
189850.0,1.601561594896326
189900.0,2.614440137987845
189950.0,3.066588205197196
190000.0,3.0860004241057077
190050.0,3.764121722435917
190100.0,3.2142943124852885
190150.0,2.4734330317546562
190200.0,3.6362314472835826
190250.0,3.1022066662227092
190300.0,3.338906435091406
190350.0,3.574364850158187
190400.0,3.1159125050580996
190450.0,2.574704414072597
190500.0,2.4802393865436243
190550.0,2.8668249478099677
190600.0,3.6463373648091513
190650.0,3.6845039868243026
190700.0,3.3259691264217297
190750.0,2.5883954065498793
190800.0,3.115428011227759
190850.0,2.4451114234548257
190900.0,2.0216053164336976
190950.0,2.4949746990281874
191000.0,3.2622950604310605
191050.0,2.078003854263717
191100.0,2.2783289785696614
191150.0,1.8000275393606981
191200.0,1.1326489079136437
191250.0,1.0905488842329008
191300.0,2.302213121535585
191350.0,1.5519637346705928
191400.0,2.2690458193052736
191450.0,2.4609306690200814
191500.0,3.9018025713425777
191550.0,3.8479453765905314
191600.0,0.5146849622531823
191650.0,1.2327596419596119
191700.0,4.868049110828089
191750.0,4.308882455056555
191800.0,2.203834284381213
191850.0,2.676751094768685
191900.0,2.537971708608457
191950.0,2.917084910494512
192000.0,1.5582349446173571
192050.0,1.713531440146935
192100.0,1.8636742051677186
192150.0,2.5853813825685146
192200.0,1.3253676271050034
192250.0,1.3028406558071588
192300.0,3.9346388429858745
192350.0,0.20125257797739302
192400.0,1.797465439690223
192450.0,1.69478344729833
192500.0,3.2750871370122345
192550.0,3.084815028755798
192600.0,3.3844605148705287
192650.0,2.9947272643753324
192700.0,3.727246676258673
192750.0,3.368689974395097
192800.0,2.619023273499448
192850.0,2.4715534461962
192900.0,1.322757905515855
192950.0,2.1103787723167264
193000.0,1.780389970221243
193050.0,2.2004296420803358
193100.0,2.0482657235893256
193150.0,2.797656152920566
193200.0,3.0678603235403483
193250.0,1.7149645271847402
193300.0,3.09295782748631
193350.0,2.6211767265260097
193400.0,4.412039890586444
193450.0,4.687867110630168
193500.0,3.2250397544641136
193550.0,3.5332251087650546
193600.0,2.5183077092184867
193650.0,3.7137256873485467
193700.0,3.4859421700779065
193750.0,2.453686229721095
193800.0,2.172877686299989
193850.0,1.3296608674699002
193900.0,1.6785088315506933
193950.0,4.087307088518915
194000.0,4.1552458707671756
194050.0,3.9176622072185743
194100.0,4.063963697031535
194150.0,3.972921673703305
194200.0,3.385527322966788
194250.0,2.8009622342867817
194300.0,3.9051388794734843
194350.0,3.375094569716207
194400.0,4.377168131853093
194450.0,4.102703978068343
194500.0,3.051702312249303
194550.0,2.2606802512585915
194600.0,3.202913895490312
194650.0,2.8860673666767465
194700.0,2.8912580451298293
194750.0,4.156765627161033
194800.0,4.309920034002597
194850.0,4.152569378872792
194900.0,4.101158851419233
194950.0,3.629888418286064
195000.0,3.4341778833407033
195050.0,3.3249346082205458
195100.0,2.1178035787813143
195150.0,3.2296896747076
195200.0,4.205615650158475
195250.0,2.6255655849970547
195300.0,2.8158458760102314
195350.0,3.351104118022587
195400.0,2.8102117650114984
195450.0,2.5889580805565275
195500.0,2.741496255920441
195550.0,3.0427264570848656
195600.0,1.537367812019303
195650.0,3.0623372335992056
195700.0,3.435897403417424
195750.0,2.692005882726413
195800.0,2.7414394211999444
195850.0,3.5146127583568125
195900.0,2.268940421027665
195950.0,2.4532614089282654
196000.0,2.7545950745399095
196050.0,3.000615537439429
196100.0,3.114143714351887
196150.0,1.9820396968526615
196200.0,2.447774048098059
196250.0,2.6413805923666387
196300.0,2.175815191342618
196350.0,3.2187543158409597
196400.0,3.1048672643739947
196450.0,2.3210497934390855
196500.0,2.7780230901625997
196550.0,2.4927685359377274
196600.0,2.9476927043151857
196650.0,2.473337252566809
196700.0,3.1897771899856
196750.0,2.5156657951219867
196800.0,2.0964013136905844
196850.0,2.8161120750564335
196900.0,2.0412995997150873
196950.0,2.7212853754964526
197000.0,3.0569445396092214
197050.0,3.046718511107328
197100.0,3.6673818973636165
197150.0,2.6288031891580026
197200.0,3.4054372883675597
197250.0,3.2442077017484796
197300.0,2.708467980370115
197350.0,3.1292298043975455
197400.0,2.715765380895394
197450.0,3.7382100482244907
197500.0,3.5283964254995603
197550.0,3.9336874562210946
197600.0,4.537861017837749
197650.0,3.6421372362264073
197700.0,4.092357413874397
197750.0,3.0776796825564094
197800.0,3.5695750294017485
197850.0,3.9868275938031217
197900.0,3.4053758263222726
197950.0,2.38379289578408
198000.0,3.048750746738126
198050.0,3.2952256806463827
198100.0,2.400039155647532
198150.0,3.269587599854546
198200.0,3.0774822675282705
198250.0,2.843254833803938
198300.0,2.4304098347292302
198350.0,3.5537137316703142
198400.0,2.961098681506931
198450.0,3.542399583042219
198500.0,3.15088757125137
198550.0,3.6505374611024313
198600.0,3.577776041432393
198650.0,3.321954683054617
198700.0,4.13759333811429
198750.0,4.575268366716167
198800.0,3.625158247659766
198850.0,3.346035641868199
198900.0,5.107511989825311
198950.0,3.328493476527582
199000.0,4.416402040748607
199050.0,4.094325280506547
199100.0,3.9356066725482606
199150.0,2.435361682269249
199200.0,2.693545080621706
199250.0,3.7378357938181854
199300.0,3.6098865742729704
199350.0,3.529783050099759
199400.0,4.236625455652641
199450.0,2.3244107713570528
199500.0,3.1492237919774224
199550.0,3.738701713964322
199600.0,3.095169834789634
199650.0,2.896152785198998
199700.0,2.93708711828478
199750.0,3.711787332793433
199800.0,3.9039083063155045
199850.0,1.9775448962165387
199900.0,3.8553036403224756
199950.0,2.4649678313015015
200000.0,4.411888577645842
200050.0,4.356232958464394
200100.0,4.109727800925513
200150.0,3.9013567961812177
200200.0,3.3353965617336563
200250.0,3.025654354730687
200300.0,1.7271046704271225
200350.0,2.9754506397232174
200400.0,1.787762212556475
200450.0,2.124991117578949
200500.0,3.137098282225732
200550.0,2.1768253371909365
200600.0,2.892157231156156
200650.0,2.796424996535434
200700.0,2.670596553153901
200750.0,2.726515353174759
200800.0,1.620150900517709
200850.0,3.1592687026235837
200900.0,1.7308931195350226
200950.0,2.6786720874805705
201000.0,2.279252499302003
201050.0,3.0572695479232697
201100.0,2.27958352151171
201150.0,2.4810837611188807
201200.0,2.530353588993775
201250.0,3.0908548233199253
201300.0,1.6299673683433373
201350.0,2.2909820683103015
201400.0,1.9803754785824994
201450.0,2.8752872600942565
201500.0,2.0755230266977978
201550.0,1.7471665319911378
201600.0,3.3694011416536487
201650.0,2.8163944505037195
201700.0,1.1113028968094554
201750.0,2.9655530195799917
201800.0,1.2612649266174867
201850.0,2.0927709916769186
201900.0,2.2353687366398423
201950.0,0.5452515663874528
202000.0,2.7912151132616634
202050.0,4.23392149396376
202100.0,2.6785984314376217
202150.0,2.189746341046274
202200.0,2.163376560965926
202250.0,2.554147540660528
202300.0,2.027654823204259
202350.0,2.9214713614534302
202400.0,2.395765201923538
202450.0,1.7364594262858355
202500.0,3.2258623857388207
202550.0,2.4249055339970456
202600.0,3.8645839527463406
202650.0,2.661142673436328
202700.0,2.41799120610682
202750.0,1.771439201466808
202800.0,2.46938670587854
202850.0,2.7016101082793624
202900.0,0.6749068222941567
202950.0,0.3348104276785405
203000.0,2.7018840252327765
203050.0,2.6852491516887222
203100.0,2.7119896772766077
203150.0,1.947150078072121
203200.0,1.4901325253956403
203250.0,1.932796219687362
203300.0,1.9811819352028843
203350.0,1.9537400391071826
203400.0,3.1019141134167354
203450.0,2.3985401914627906
203500.0,2.279342330312211
203550.0,3.234627267868049
203600.0,2.0607224458842897
203650.0,2.2170655839396893
203700.0,2.513281168651576
203750.0,3.028793991347002
203800.0,1.2555039665316747
203850.0,0.576712177832278
203900.0,0.43828689005526855
203950.0,0.6549038276344498
204000.0,1.3354746445625463
204050.0,2.673571365051225
204100.0,2.864853151298159
204150.0,1.2586488739663622
204200.0,1.8345538369797634
204250.0,1.9903210504701787
204300.0,2.2809824543492767
204350.0,1.2913521001658783
204400.0,2.3500203830611475
204450.0,1.5680228030504153
204500.0,0.7742095755860456
204550.0,1.4202423512271993
204600.0,2.289319886742953
204650.0,1.3360030457260257
204700.0,1.8433914359475272
204750.0,2.180111916851359
204800.0,2.0136743612145844
204850.0,1.889706037969572
204900.0,1.4472367669682926
204950.0,2.880988028911339
205000.0,2.7988224583434707
205050.0,1.178598819905499
205100.0,1.1079242384647536
205150.0,2.477617913915389
205200.0,1.4781689075101432
205250.0,1.3252130853944026
205300.0,1.2894954102626224
205350.0,3.788324375592507
205400.0,0.8558575600608151
205450.0,3.650175650774525
205500.0,1.6407897192358514
205550.0,1.1810562139819243
205600.0,2.6640911993310157
205650.0,2.174647355182959
205700.0,2.3946773329271265
205750.0,2.0451418645153994
205800.0,1.0538067734926908
205850.0,1.020289116082578
205900.0,1.4663526863737095
205950.0,1.99534240614663
206000.0,2.67711900410781
206050.0,1.9037287445845852
206100.0,2.36152083064746
206150.0,2.630760595774946
206200.0,2.850910846990791
206250.0,2.2544361365520875
206300.0,3.687070241532913
206350.0,3.461631961577713
206400.0,3.257572471769219
206450.0,3.0321739430359735
206500.0,2.1374000242315656
206550.0,4.140833153306843
206600.0,3.3228390084357726
206650.0,2.8050496730464656
206700.0,4.035512409034055
206750.0,3.5152362358925107
206800.0,3.137415302006327
206850.0,2.862638000629619
206900.0,3.5064079206188183
206950.0,3.0469313917090193
207000.0,3.6556765868190357
207050.0,4.354466655324556
207100.0,3.4770966355835835
207150.0,3.479123079592704
207200.0,4.508136133044327
207250.0,4.149254055040208
207300.0,3.382672384970822
207350.0,3.0139154749083317
207400.0,3.6374238747386727
207450.0,4.652807985145867
207500.0,3.5035690268540765
207550.0,4.564966146755681
207600.0,3.360430901464384
207650.0,1.3328527617079884
207700.0,3.4553971146625297
207750.0,3.510072795408462
207800.0,2.3795129389873764
207850.0,2.657875044619202
207900.0,3.9182253409419046
207950.0,3.427329722823083
208000.0,3.366274960635204
208050.0,3.4846238315046416
208100.0,2.497617429124888
208150.0,3.1576272250518667
208200.0,2.8427580934553673
208250.0,3.3435746079703956
208300.0,2.7283831453916383
208350.0,2.061914151677048
208400.0,2.898720651393972
208450.0,3.207833469164053
208500.0,1.301727730224794
208550.0,1.3057544570693393
208600.0,0.7676570132831372
208650.0,2.1184411381624937
208700.0,2.1725759182649877
208750.0,2.7158970180323068
208800.0,2.735980127097444
208850.0,3.1804857586045956
208900.0,2.164760970035983
208950.0,1.823757587760427
209000.0,1.4560897909365855
209050.0,2.5553454995289404
209100.0,3.518819021739839
209150.0,2.3513609269146714
209200.0,2.209932673889128
209250.0,2.195316284614355
209300.0,2.230961159527553
209350.0,3.6123800050058934
209400.0,4.201547487278133
209450.0,3.448912731952444
209500.0,2.6337986799421738
209550.0,3.3707132172262257
209600.0,2.4321400302949527
209650.0,2.3175154193964542
209700.0,2.254373362696718
209750.0,2.309240141243069
209800.0,3.2306797883023424
209850.0,4.514574457103781
209900.0,4.77457713930555
209950.0,3.30008573386977
210000.0,3.5906081183540772
210050.0,4.050147741946158
210100.0,3.152821369300083
210150.0,3.275271274196428
210200.0,2.409208711387286
210250.0,3.0189550216277405
210300.0,2.974592405467756
210350.0,3.2496435318554395
210400.0,2.8180307939340663
210450.0,3.05466452647595
210500.0,4.26139238768325
210550.0,2.9806550200882014
210600.0,3.2703039166919865
210650.0,1.050618547179051
210700.0,3.6654323428015707
210750.0,2.725328395838741
210800.0,3.058902532711189
210850.0,3.8429286708282793
210900.0,2.9882122827097812
210950.0,3.130573090079731
211000.0,2.265651427665434
211050.0,2.797282566764101
211100.0,1.5337496538003108
211150.0,1.560318558292742
211200.0,0.8633622434550526
211250.0,1.6921261756381298
211300.0,2.0628580470215483
211350.0,2.6413035636591786
211400.0,2.5078036464324183
211450.0,1.4464063808179906
211500.0,2.0851377263343602
211550.0,2.626365000965516
211600.0,1.6530566041485208
211650.0,1.8684989330959163
211700.0,1.9133464181956186
211750.0,2.2020895103725717
211800.0,2.758348985092704
211850.0,1.1829632345042977
211900.0,2.7117678106445053
211950.0,3.0406217084952036
212000.0,3.402964078611943
212050.0,3.3730855618132414
212100.0,2.541137004696589
212150.0,4.102938060261143
212200.0,2.899064520606719
212250.0,3.1127781235612138
212300.0,3.2004056897568867
212350.0,1.5374011218552592
212400.0,1.9458890272759581
212450.0,1.9728380547476467
212500.0,2.896788918477898
212550.0,3.650806874177662
212600.0,2.9657031033978267
212650.0,4.133497131018559
212700.0,2.952387123643777
212750.0,3.328870209815801
212800.0,3.8925160882429
212850.0,2.684565178534129
212900.0,3.8392448624573756
212950.0,2.6127008183890594
213000.0,4.195116676283312
213050.0,3.2661577592329163
213100.0,3.003592991025828
213150.0,3.77328556080185
213200.0,2.7069875560190426
213250.0,3.477269078041966
213300.0,4.247232468992269
213350.0,3.8482953601531067
213400.0,4.435023284475424
213450.0,0.8505276521156739
213500.0,1.9008684570819834
213550.0,1.9407421556656765
213600.0,4.246877625725655
213650.0,4.838614194795106
213700.0,4.073840644538268
213750.0,3.4316491480438267
213800.0,3.4000728460305734
213850.0,3.7651138093939234
213900.0,3.5658617345161208
213950.0,3.1407585957795336
214000.0,4.158178489687764
214050.0,3.9556635276670344
214100.0,3.104526870730264
214150.0,3.250570216936957
214200.0,4.459335072651152
214250.0,4.481017493098796
214300.0,3.0644045048756414
214350.0,3.8576700023089456
214400.0,2.6463935281974487
214450.0,2.9506057448482554
214500.0,1.7771307641985221
214550.0,3.304801166690227
214600.0,3.18202864567484
214650.0,2.9875041830790874
214700.0,2.3274632062056155
214750.0,4.294680183770857
214800.0,3.2349020243603674
214850.0,3.8154828063371826
214900.0,3.5491244368481207
214950.0,3.0944150622771414
215000.0,2.463391144126899
215050.0,3.120255368866806
215100.0,3.440902632348201
215150.0,3.3872984770926973
215200.0,4.113256823443244
215250.0,3.660560372409568
215300.0,2.8681876150858447
215350.0,4.266075950580248
215400.0,3.4414507321915964
215450.0,3.163844978058063
215500.0,3.65436660643167
215550.0,3.5573289893666384
215600.0,3.7845225201588186
215650.0,3.3753650111880376
215700.0,3.4656766905074643
215750.0,3.2074581261898394
215800.0,4.056759980341895
215850.0,3.8742480266790897
215900.0,4.088431032501463
215950.0,2.9032060793130134
216000.0,2.78174280714105
216050.0,2.9926734745323516
216100.0,3.51301906152835
216150.0,4.2988938666331125
216200.0,2.4349698532224267
216250.0,4.015829140836645
216300.0,4.336932252869677
216350.0,3.1526818345089453
216400.0,3.1270749434630183
216450.0,3.2540748502663406
216500.0,2.7597467383696257
216550.0,2.2908069145156698
216600.0,3.6769119433614272
216650.0,2.2875496313921504
216700.0,3.210309561189056
216750.0,4.306111289045177
216800.0,3.583492786456082
216850.0,3.5260881118394907
216900.0,3.5696065349371775
216950.0,3.9844953696591507
217000.0,3.7281995663148404
217050.0,3.9824755008112867
217100.0,3.9728306277820273
217150.0,3.731296244533617
217200.0,2.222561455867151
217250.0,2.8960977258041596
217300.0,2.842694725009826
217350.0,2.875309331828437
217400.0,1.9279545672805736
217450.0,2.4291117466269023
217500.0,2.930357416121551
217550.0,2.5283988970642
217600.0,2.2308300987995766
217650.0,3.4028242377470748
217700.0,3.870370931276806
217750.0,3.812674378858255
217800.0,2.888788001597614
217850.0,3.8084526740716855
217900.0,2.8222857417127964
217950.0,3.425826700724498
218000.0,3.184851852159036
218050.0,3.4086036239489315
218100.0,3.1185098361281693
218150.0,3.024087603720102
218200.0,3.545221191739725
218250.0,3.169700004754964
218300.0,3.7274804719782506
218350.0,3.6624561010910273
218400.0,3.6163117295839253
218450.0,2.776366695893942
218500.0,3.17536100579233
218550.0,2.9604223274872776
218600.0,3.7336436632737726
218650.0,4.009152538907378
218700.0,3.0679143196519973
218750.0,3.977903799761223
218800.0,4.1345494836055545
218850.0,2.784255276457952
218900.0,3.0132054478505363
218950.0,3.2185236030450572
219000.0,2.994041626809915
219050.0,2.9478273621865747
219100.0,3.5052656295653963
219150.0,2.9818777673791312
219200.0,3.3625267482713204
219250.0,2.74213437226402
219300.0,3.679903560293137
219350.0,4.195912730574526
219400.0,3.031930220274987
219450.0,3.1797179638088924
219500.0,3.831914986133789
219550.0,3.526711177107298
219600.0,4.16637786641786
219650.0,2.9532705140462605
219700.0,3.0066121661361356
219750.0,3.3464322236290247
219800.0,2.1627774670820727
219850.0,3.467072162927387
219900.0,3.5317005014617355
219950.0,2.522855002435633
220000.0,2.501937570091764
220050.0,3.503322562348665
220100.0,2.901480426573487
220150.0,3.5093876705087244
220200.0,2.6154314082828933
220250.0,2.209545909094999
220300.0,3.317619342516448
220350.0,2.5895561144259145
220400.0,3.4409870523676127
220450.0,3.5734143451046823
220500.0,3.223179650680096
220550.0,2.959475400683194
220600.0,2.815562978929619
220650.0,3.535729312159971
220700.0,3.3709463295262383
220750.0,3.5185651455675466
220800.0,3.290304562466337
220850.0,2.5410451093644366
220900.0,2.8418658486152073
220950.0,3.2422967616239426
221000.0,3.1872725820773042
221050.0,3.4572230631828185
221100.0,3.0970133839948026
221150.0,3.160806592060173
221200.0,3.0208576960062237
221250.0,3.563173728444782
221300.0,3.5069197478122502
221350.0,3.6126618552779637
221400.0,3.0910668076604915
221450.0,3.0645892994864323
221500.0,3.152934168690827
221550.0,3.5010986648466877
221600.0,3.408270787742364
221650.0,3.750520981879633
221700.0,3.8005388905750324
221750.0,3.2682855293828483
221800.0,3.8760010969029874
221850.0,3.1452185254410976
221900.0,3.4451719757710917
221950.0,3.18761668415963
222000.0,3.4137069886055524
222050.0,3.482224175462967
222100.0,3.3326568433844685
222150.0,3.95814317885588
222200.0,4.0797743263730775
222250.0,3.8028027648591496
222300.0,3.764081568257892
222350.0,3.141782962445035
222400.0,3.8939149097823575
222450.0,3.071450269769642
222500.0,2.8793402975884597
222550.0,2.3500212031360563
222600.0,2.9590869247955642
222650.0,3.285862795139827
222700.0,3.486803094404441
222750.0,2.8969975122848806
222800.0,2.947963934215596
222850.0,3.297952942303071
222900.0,2.946335590924384
222950.0,3.3396244153143124
223000.0,3.0285938326309436
223050.0,3.259000038826808
223100.0,2.0974725565574563
223150.0,2.5360004306423045
223200.0,1.8986789720860227
223250.0,2.7992116777522322
223300.0,2.6341030092495883
223350.0,2.6342709917264036
223400.0,2.296647229094498
223450.0,2.2311667184544306
223500.0,2.4724301048161577
223550.0,2.431644063131374
223600.0,2.1056316285389514
223650.0,2.370164638553238
223700.0,2.820654586143303
223750.0,1.9580066603050252
223800.0,3.5260419719482794
223850.0,2.5907727359176764
223900.0,3.3251186199425744
223950.0,2.050117099307928
224000.0,2.8331055564772765
224050.0,2.7296488883438466
224100.0,2.569220367815057
224150.0,3.9408598551248404
224200.0,2.5623595819504335
224250.0,2.627278223961947
224300.0,3.4001160491894145
224350.0,2.5325652465296913
224400.0,1.7542220484119562
224450.0,1.8668969905146207
224500.0,1.9325896430183733
224550.0,1.6079143829111822
224600.0,2.0917187835663387
224650.0,2.560057741348996
224700.0,2.892211055059555
224750.0,1.3115605885291706
224800.0,1.9741026125637569
224850.0,1.7922567503195992
224900.0,2.447772387433726
224950.0,3.6271342409090437
225000.0,3.348104008035735
225050.0,2.6741889320144847
225100.0,1.4311175886324052
225150.0,0.6886184594731957
225200.0,1.9931102856841458
225250.0,1.0519969573655559
225300.0,1.7162187699981317
225350.0,2.523608010518713
225400.0,3.206321046042864
225450.0,2.8772869141987836
225500.0,3.1297734865377422
225550.0,3.33074712947019
225600.0,4.119853069318877
225650.0,3.211648111758501
225700.0,3.6080300731773134
225750.0,3.9121071291517744
225800.0,2.8814900406115673
225850.0,3.3893237336859037
225900.0,3.4298813174892038
225950.0,3.1073123605813087
226000.0,3.140078850989406
226050.0,2.574221471335801
226100.0,2.827203841484332
226150.0,3.0274403714437166
226200.0,3.1180397184490007
226250.0,2.9143112400167683
226300.0,2.243789106371984
226350.0,2.7807366269379443
226400.0,2.599787463965514
226450.0,2.117425816125746
226500.0,3.3372586825064325
226550.0,2.1582817180335128
226600.0,2.861502668530247
226650.0,1.794264032918976
226700.0,3.2743974553673283
226750.0,0.8607536243229171
226800.0,2.1408595289615224
226850.0,3.543033222782088
226900.0,3.511096925967404
226950.0,3.865682313218705
227000.0,2.6422299446183506
227050.0,2.3827903802837676
227100.0,3.5266983403892187
227150.0,2.291506632972919
227200.0,2.0019258984447386
227250.0,2.695738471775712
227300.0,3.452764149702985
227350.0,3.0952372692670096
227400.0,3.6164930041664602
227450.0,3.8445769578565105
227500.0,3.372251341122439
227550.0,3.282940284040639
227600.0,3.058168741431047
227650.0,2.6943613946922564
227700.0,1.3527368216228177
227750.0,3.642677309309621
227800.0,3.8278040753587117
227850.0,3.415346648696975
227900.0,3.7222724626750554
227950.0,2.752902596370912
228000.0,3.551110012973919
228050.0,3.647585630610864
228100.0,4.306656684353579
228150.0,2.6988891791849543
228200.0,2.488472167549214
228250.0,0.44755068701418405
228300.0,1.4709485270083411
228350.0,3.0932606670008003
228400.0,2.4854961712051367
228450.0,2.2943402760483385
228500.0,1.6105249191440625
228550.0,0.6833717898676311
228600.0,3.7916456719041154
228650.0,2.356032958705678
228700.0,2.1416316733747363
228750.0,2.1314999953627756
228800.0,0.9868111734945452
228850.0,1.785267932787626
228900.0,2.9981948110941583
228950.0,2.4304085734195686
229000.0,2.4548065619114405
229050.0,3.1615810176726833
229100.0,2.9412575638897414
229150.0,3.00366146800319
229200.0,2.4374949037191063
229250.0,3.0029445246110997
229300.0,2.480201210360708
229350.0,2.419547082437154
229400.0,3.47614641559053
229450.0,3.166160519706243
229500.0,3.814339943282841
229550.0,2.5629215271254595
229600.0,3.0072874709203745
229650.0,2.616598003232278
229700.0,3.931552010150101
229750.0,2.336700606968451
229800.0,2.3805880651955853
229850.0,2.276882902557787
229900.0,2.243696607386988
229950.0,3.4559800034801595
230000.0,4.0465032233019915
230050.0,3.7673045759209485
230100.0,4.255749344612657
230150.0,2.05096999578644
230200.0,3.60302772484944
230250.0,2.542926997189897
230300.0,3.150391889152746
230350.0,2.652129207083534
230400.0,1.2568587938654046
230450.0,3.7086540363564366
230500.0,2.0175678469669953
230550.0,2.303584883227299
230600.0,1.2349080410622535
230650.0,2.1730579105043746
230700.0,2.400183528248911
230750.0,1.166572116488369
230800.0,1.578634161376538
230850.0,1.9684225631448062
230900.0,2.354395833852683
230950.0,2.550170035296028
231000.0,1.505749049557831
231050.0,1.7855188106369426
231100.0,2.683987790627867
231150.0,2.2868758700739207
231200.0,2.4093306147704268
231250.0,1.1009522550610307
231300.0,2.131003138782411
231350.0,2.6261894859000368
231400.0,3.7232453695955403
231450.0,3.544726576922994
231500.0,3.0390416642616755
231550.0,2.8330859663184262
231600.0,3.4934953620987264
231650.0,3.9309153896768554
231700.0,3.2024947855665054
231750.0,2.2019534597112087
231800.0,1.1869648542547588
231850.0,1.2267831807882765
231900.0,1.259005232003151
231950.0,1.065692437961501
232000.0,0.9319328567620021
232050.0,0.23537378981190585
232100.0,1.2222117153152416
232150.0,1.2078825388791898
232200.0,2.4676478509201023
232250.0,2.552526775223873
232300.0,1.6775508521730045
232350.0,2.5012790770970574
232400.0,3.3911881206371834
232450.0,2.6604835283086286
232500.0,1.4248125701291625
232550.0,0.9610398097228553
232600.0,1.1444199271366478
232650.0,2.670986499069418
232700.0,3.071722468180157
232750.0,3.3410461354468817
232800.0,3.047652291178328
232850.0,2.5284535846913165
232900.0,4.48565375659227
232950.0,3.1724430824056014
233000.0,3.112568439027393
233050.0,2.728901976393122
233100.0,3.2656508872181047
233150.0,3.5512347998317946
233200.0,1.9805283922309502
233250.0,2.717366177553485
233300.0,2.085397103464292
233350.0,2.050065823142903
233400.0,3.9834381898854985
233450.0,1.886712436103981
233500.0,1.4018863645326094
233550.0,1.2976103266527126
233600.0,2.4731720316422803
233650.0,1.406021932461674
233700.0,2.48364626817159
233750.0,2.8319241730902323
233800.0,2.2593793898058294
233850.0,2.2201301014316868
233900.0,1.5054881118661438
233950.0,1.1676476068812407
234000.0,2.4115074242681236
234050.0,1.321130168191558
234100.0,0.9661253081197091
234150.0,1.7102594341716353
234200.0,1.2039918143723436
234250.0,2.5431405964073575
234300.0,2.138220437519162
234350.0,1.290501029731037
234400.0,2.8044604647886424
234450.0,2.24242906745526
234500.0,2.110681924419833
234550.0,1.5392481834070322
234600.0,1.664598017569194
234650.0,1.7209847784991927
234700.0,2.015784411850442
234750.0,2.581216191332921
234800.0,1.1558942125962308
234850.0,2.138875949170535
234900.0,3.112570025411843
234950.0,2.6503742768494067
235000.0,1.9775490103935134
235050.0,2.512944633049946
235100.0,2.2391509313412272
235150.0,2.0562312604549176
235200.0,2.4197068754242017
235250.0,2.3474884130466953
235300.0,2.47737738220921
235350.0,1.906721282041274
235400.0,2.9321310309779505
235450.0,2.0191812370507254
235500.0,2.7137759039815768
235550.0,2.7635102117068446
235600.0,1.1631379770415777
235650.0,1.896543187504064
235700.0,1.255186583493865
235750.0,1.1959856815872396
235800.0,1.106970876551554
235850.0,2.0510717391016358
235900.0,1.7391910944074653
235950.0,1.4802009745099558
236000.0,1.515880616340157
236050.0,1.3042562290282602
236100.0,2.5271666198200866
236150.0,1.2095400568431474
236200.0,1.5974042989815413
236250.0,2.291810523870484
236300.0,2.0815575123622794
236350.0,1.6363672420639213
236400.0,2.028691882269676
236450.0,2.164298638970594
236500.0,2.3397837136280137
236550.0,1.2126798478534535
236600.0,1.9952138601714617
236650.0,2.7110473444561
236700.0,2.2280436349761694
236750.0,1.9350671761536935
236800.0,2.2361963566610483
236850.0,3.6324067616178195
236900.0,2.908969097206717
236950.0,2.8563231237240747
237000.0,2.2161451244583654
237050.0,2.731958145068261
237100.0,2.9024602995434163
237150.0,2.458308490316992
237200.0,2.9597597086547185
237250.0,3.55711624402873
237300.0,3.538724381531559
237350.0,2.2413550855854476
237400.0,2.6379147258686015
237450.0,1.8130027429542832
237500.0,2.2628022083833157
237550.0,2.591441464902866
237600.0,3.7802871260054034
237650.0,2.293708096573963
237700.0,3.4089502042166124
237750.0,2.4110355415918687
237800.0,3.226524176912931
237850.0,3.6433588540034054
237900.0,4.027046891341648
237950.0,3.104801825503103
238000.0,3.117829775532087
238050.0,3.1600307496908084
238100.0,2.6993480307892943
238150.0,3.234374786768257
238200.0,2.7010748502573687
238250.0,2.8543982154507157
238300.0,2.8900858471013646
238350.0,2.601707716366563
238400.0,3.0372641690962823
238450.0,3.2151360376568445
238500.0,2.95495961996175
238550.0,2.4727502086482382
238600.0,3.063480094190793
238650.0,2.9054557912894694
238700.0,3.6439792186474738
238750.0,4.020557255626674
238800.0,2.1420969790832487
238850.0,0.9544582504183552
238900.0,1.637830167850257
238950.0,1.8672169094258633
239000.0,1.610151552458673
239050.0,1.7207845832384618
239100.0,2.636602149051725
239150.0,2.8526968928386287
239200.0,1.7089730419299285
239250.0,3.1364273691368654
239300.0,2.5037155488850837
239350.0,2.4334501826185067
239400.0,2.3057492972604274
239450.0,2.233646375149652
239500.0,1.576733704669486
239550.0,2.4355884807562433
239600.0,2.1305856535372194
239650.0,1.7712409700540859
239700.0,2.952187456073918
239750.0,2.665404681603256
239800.0,0.5854905170097736
239850.0,4.063175069741302
239900.0,1.6506327688546292
239950.0,0.9886332161087306
240000.0,2.5715541661636925
240050.0,1.4286693063701286
240100.0,2.5212057081269412
240150.0,3.11449359678388
240200.0,2.0501912901475605
240250.0,0.9696379782551282
240300.0,1.182748679868324
240350.0,1.8129189289022303
240400.0,2.835149727560133
240450.0,2.4464227330644692
240500.0,4.649953840787049
240550.0,4.089362951906399
240600.0,3.5221723732563377
240650.0,3.8209148342122994
240700.0,3.6841529317796438
240750.0,3.7391975194698985
240800.0,4.185496528372371
240850.0,3.3549346262589346
240900.0,3.380780892540959
240950.0,3.116315666089731
241000.0,3.068420948419936
241050.0,2.445686161053845
241100.0,2.702755349207223
241150.0,3.3039479770613625
241200.0,3.681099898954374
241250.0,2.123625924380555
241300.0,2.93935349239763
241350.0,3.6054136638382026
241400.0,3.896127639922303
241450.0,2.639511694404716
241500.0,3.548040012939496
241550.0,2.6228210962548717
241600.0,4.208786386369478
241650.0,3.6819649156803944
241700.0,4.237972671663873
241750.0,3.0639980242865694
241800.0,3.0331168145203242
241850.0,2.205171838419429
241900.0,3.5920696406969026
241950.0,2.539567227487178
242000.0,4.063520454396184
242050.0,2.4220827008993755
242100.0,2.567523782210015
242150.0,3.323534164053813
242200.0,2.458327462646629
242250.0,3.690554545020069
242300.0,3.197666152566635
242350.0,2.948302798584676
242400.0,2.7940319682011774
242450.0,3.265130880401914
242500.0,2.539392453326888
242550.0,2.2162596430526276
242600.0,3.1305911242715028
242650.0,2.9845235703189985
242700.0,3.8578328796120047
242750.0,3.03547559050842
242800.0,2.759670056513853
242850.0,2.586442170124073
242900.0,2.0158070434781967
242950.0,2.1551311869026364
243000.0,2.4322378583937354
243050.0,3.1763282215656985
243100.0,0.823524835647474
243150.0,2.781867370255879
243200.0,2.4088323729375962
243250.0,3.802867844425503
243300.0,4.0361996026809335
243350.0,3.038118900758474
243400.0,3.391398218828514
243450.0,1.860911549172222
243500.0,2.2841599310442717
243550.0,1.1584872069661163
243600.0,2.0929891443504443
243650.0,2.5457371116095673
243700.0,4.192801517390074
243750.0,2.96800994117008
243800.0,2.7331290431424575
243850.0,2.926513603170104
243900.0,3.727451481037929
243950.0,3.019449438988195
244000.0,2.6664166010326835
244050.0,2.2732122552770893
244100.0,2.7017346959859823
244150.0,0.30083107340877757
244200.0,3.0919888433449887
244250.0,4.239679495376641
244300.0,4.04585108419697
244350.0,3.6649413316761486
244400.0,3.7160490655238316
244450.0,3.2283873471590923
244500.0,3.183753455542841
244550.0,2.591407679668214
244600.0,2.8374965777289383
244650.0,2.9877198558700573
244700.0,2.4361027138683546
244750.0,3.4687870647509866
244800.0,2.784328075837248
244850.0,2.185652059864813
244900.0,3.4261611035153594
244950.0,1.9546298234238928
245000.0,1.1126969793632717
245050.0,2.1189566279650793
245100.0,1.9903207162113017
245150.0,2.9311071201185896
245200.0,0.7616355764400942
245250.0,2.2251738652237467
245300.0,3.665909716857139
245350.0,3.746106465864911
245400.0,2.2296794801397755
245450.0,3.3630014270072603
245500.0,4.313108457418421
245550.0,1.8029139655328423
245600.0,3.3802045401369885
245650.0,4.0341743443269
245700.0,3.1631294009017448
245750.0,4.0422007928578685
245800.0,3.4725628063217746
245850.0,1.998644728197774
245900.0,2.8755861303877084
245950.0,3.5575819457262368
246000.0,2.9270797581654437
246050.0,3.1193086860921313
246100.0,3.0735268822247357
246150.0,2.7606682325071366
246200.0,2.65376627158843
246250.0,3.0562202546440878
246300.0,3.944983175849848
246350.0,3.2159898468737924
246400.0,2.7322840990233606
246450.0,2.7640175032403285
246500.0,2.171654215401238
246550.0,2.9767436117194546
246600.0,2.473235937437933
246650.0,2.48776932896459
246700.0,2.7481251543613996
246750.0,2.527447354673597
246800.0,2.3766553377629807
246850.0,1.544888119906412
246900.0,2.2234415441877107
246950.0,3.0708587121592523
247000.0,2.175381506429498
247050.0,3.1314862997210637
247100.0,2.9914170051787354
247150.0,2.4872653250145493
247200.0,2.5003975672679384
247250.0,1.9396085835931522
247300.0,3.039811608359142
247350.0,3.1647117471443904
247400.0,3.843604999173255
247450.0,2.66244114026147
247500.0,1.0937028784803493
247550.0,3.354010496939532
247600.0,3.027836793524161
247650.0,2.7877200430358315
247700.0,2.9304243391145524
247750.0,3.011726262558523
247800.0,2.776938983016238
247850.0,3.0411967948428886
247900.0,2.410348470990301
247950.0,2.3397809981009923
248000.0,3.0810671674225247
248050.0,3.159839524166973
248100.0,1.4908347342927626
248150.0,2.8556744304380524
248200.0,2.6392397832167234
248250.0,4.242947096550783
248300.0,2.4853549616275012
248350.0,4.124097781010967
248400.0,3.310511816741494
248450.0,3.7906332174498867
248500.0,5.670349990027745
248550.0,4.888944373526055
248600.0,4.744375494012084
248650.0,4.054551010393829
248700.0,3.474978370657524
248750.0,3.141811494144161
248800.0,2.089014070130215
248850.0,2.5773031407875115
248900.0,2.534777759092277
248950.0,0.7128787863067916
249000.0,1.8402696950898276
249050.0,1.22498822140891
249100.0,3.210514358245052
249150.0,2.1128649399364563
249200.0,2.975782436547964
249250.0,2.959810382857428
249300.0,1.5631997027135167
249350.0,2.2196560485066232
249400.0,2.041884127418339
249450.0,2.145197396264526
249500.0,2.005514866656471
249550.0,2.919911106796659
249600.0,2.711398931825398
249650.0,3.3366557989737013
249700.0,3.5143546988887846
249750.0,3.458873082806539
249800.0,3.035025329990729
249850.0,2.279583471968068
249900.0,3.509104240428633
249950.0,2.9466077313166794
250000.0,3.286411739881371
250050.0,2.1618739045854967
250100.0,2.7878820872870853
250150.0,2.4521381642478945
250200.0,2.4212798739679036
250250.0,1.574608291603894
250300.0,0.9980957623290129
250350.0,2.3874857107103415
250400.0,1.9113821195884957
250450.0,1.8348817060651017
250500.0,4.597627702758112
250550.0,2.815100893752112
250600.0,2.7465043889819816
250650.0,2.3922383929792423
250700.0,3.387105931411484
250750.0,2.405495268970685
250800.0,1.8255367578904402
250850.0,3.943626911741401
250900.0,1.7596862470015864
250950.0,3.665144333233645
251000.0,0.6610538831178342
251050.0,2.770199192206447
251100.0,1.0915091232614063
251150.0,2.3659444859398984
251200.0,2.447427910747219
251250.0,2.5029150083206337
251300.0,3.153169664596929
251350.0,2.799337441666922
251400.0,2.6277907871045363
251450.0,2.760757912780407
251500.0,2.693062937484291
251550.0,1.8088938153925933
251600.0,2.935195960504854
251650.0,2.5474056040037385
251700.0,1.9531970838345978
251750.0,2.6047814228838297
251800.0,1.7791253347684242
251850.0,1.9812582768966096
251900.0,1.2841312627618933
251950.0,1.9946895501254498
252000.0,2.8357843471946906
252050.0,3.6466706102855158
252100.0,3.30797144384001
252150.0,2.7434815144949116
252200.0,0.5204805120286983
252250.0,2.5008160142888225
252300.0,2.9553458683701512
252350.0,3.3900248541914895
252400.0,3.2461814321419724
252450.0,2.5234262020898375
252500.0,2.758166686717716
252550.0,2.9473385397309126
252600.0,2.9199982191195617
252650.0,2.156777960593734
252700.0,3.2191439975261043
252750.0,3.376281317832094
252800.0,2.424990745924273
252850.0,3.386926016405592
252900.0,2.628876037044108
252950.0,1.55115815241438
253000.0,2.7041813642207875
253050.0,2.2220937406144903
253100.0,2.04276414860876
253150.0,2.404698374789003
253200.0,2.848331162523096
253250.0,3.1325518536405177
253300.0,2.1059195916938136
253350.0,1.5880777123058503
253400.0,0.733551426951824
253450.0,2.7021461468313643
253500.0,1.7237758700450325
253550.0,2.0955193113174793
253600.0,2.7536491036900745
253650.0,3.9798088694954594
253700.0,3.7993404040868355
253750.0,3.9779420510444767
253800.0,3.7825217543541827
253850.0,3.521290789536814
253900.0,3.6131129251372145
253950.0,3.51898679022901
254000.0,2.7611774034057843
254050.0,3.1296486512952
254100.0,3.7500646902002748
254150.0,2.0843637160738115
254200.0,2.5324472061541243
254250.0,2.116270867938163
254300.0,1.0877930289100992
254350.0,1.6698163691139212
254400.0,2.136789761885728
254450.0,2.1228728331128233
254500.0,3.2406188298561673
254550.0,2.6160624645920665
254600.0,1.610739727810777
254650.0,1.4698609692526305
254700.0,1.7888789360703923
254750.0,2.8110846878374898
254800.0,1.1280912350750862
254850.0,3.1568787266379252
254900.0,3.607075188068222
254950.0,2.9462842380154086
255000.0,2.8514023959784125
255050.0,1.2096643685533797
255100.0,2.3810476257456457
255150.0,1.8714128283626086
255200.0,3.095642756709279
255250.0,2.602112304072282
255300.0,3.5741951578909195
255350.0,3.729378017086324
255400.0,3.761197602304282
255450.0,2.9575281952227432
255500.0,1.943292431327718
255550.0,1.8310595904238682
255600.0,0.6143231123839629
255650.0,2.0041417198448817
255700.0,2.24447790927786
255750.0,3.0080690480102548
255800.0,3.0500123891149657
255850.0,0.8998848871292631
255900.0,1.6830331886541958
255950.0,1.6113908472798777
256000.0,2.4884732099492246
256050.0,4.22804517951966
256100.0,3.386173558523002
256150.0,4.338627228447163
256200.0,3.2858797151401933
256250.0,3.30316157608574
256300.0,3.4071260081686674
256350.0,3.035750705946094
256400.0,3.6437006049555007
256450.0,4.363164109188725
256500.0,3.9488452697279564
256550.0,3.3682477970118043
256600.0,1.5988062792631585
256650.0,3.5005825765525898
256700.0,4.00866634727736
256750.0,2.926647827284498
256800.0,4.120060635098091
256850.0,2.27986890784186
256900.0,1.3701825909940428
256950.0,1.8420344143712089
257000.0,1.630302072637191
257050.0,2.0237102683383967
257100.0,3.732307744124191
257150.0,3.2640270378329728
257200.0,3.0140651274543213
257250.0,3.138027165238698
257300.0,3.3636861817102046
257350.0,3.5815629481919347
257400.0,2.0349637010192385
257450.0,2.282211588999107
257500.0,2.92962295762295
257550.0,0.8028014836875479
257600.0,3.252411395080022
257650.0,3.9170617528041825
257700.0,2.8200126831739176
257750.0,2.6213315984035326
257800.0,1.5181839886296888
257850.0,1.0119749283618389
257900.0,2.918112338547985
257950.0,2.981322653217806
258000.0,3.284718666053227
258050.0,1.9777488550004396
258100.0,2.798337043672582
258150.0,2.887176151497897
258200.0,2.888634634659989
258250.0,2.6258872117268326
258300.0,3.332958233087889
258350.0,1.3901376724849284
258400.0,2.8334736014617268
258450.0,1.4962244445673039
258500.0,1.2126770960123505
258550.0,3.4701715674385927
258600.0,3.471872523875787
258650.0,1.968600285730235
258700.0,2.3091317808447904
258750.0,3.2219575672606444
258800.0,0.671935319335789
258850.0,2.170571411426593
258900.0,1.3924420121177152
258950.0,1.8167551882612407
259000.0,3.5922280290361472
259050.0,2.125488559705419
259100.0,3.2585371074855685
259150.0,1.2452665431337635
259200.0,2.275913069720195
259250.0,2.970433063213321
259300.0,2.4298324828664315
259350.0,3.0224802379815334
259400.0,2.9698115705864883
259450.0,2.63231490742894
259500.0,1.543269865808788
259550.0,3.2626953122676365
259600.0,3.280531020096418
259650.0,2.07677490728226
259700.0,2.7163181113499792
259750.0,3.3060058757484825
259800.0,2.550469534343394
259850.0,3.507776122969244
259900.0,2.3978509461954554
259950.0,2.938603552476684
260000.0,2.868811957869584
260050.0,3.0545054173688513
260100.0,3.1401228716789875
260150.0,3.058065692667818
260200.0,2.974775128758921
260250.0,2.4542610091094708
260300.0,3.387638209604108
260350.0,1.993715709046717
260400.0,2.585728252255227
260450.0,1.992208756017751
260500.0,1.5834735208271349
260550.0,2.8199786841547017
260600.0,2.781291442154388
260650.0,2.1672290651206936
260700.0,3.443313779478606
260750.0,2.104137060018991
260800.0,2.8154011691635747
260850.0,3.1027379247051137
260900.0,0.44158322992609617
260950.0,3.6181462383605916
261000.0,2.9094796093689927
261050.0,1.8733869331110062
261100.0,0.4335901112440598
261150.0,2.795387437753948
261200.0,2.427921698073522
261250.0,2.8094312669309476
261300.0,2.2143860934545407
261350.0,3.059900052308718
261400.0,2.924482448599368
261450.0,2.9219333007301915
261500.0,2.6084071991287425
261550.0,3.906943648573353
261600.0,2.9645885945068056
261650.0,2.947217558321658
261700.0,2.6287059463560376
261750.0,2.1593490354403935
261800.0,3.5134838236602843
261850.0,2.541513901354655
261900.0,2.8588244683291255
261950.0,2.423422252112597
262000.0,3.350725393990486
262050.0,2.4760852378017337
262100.0,2.5315573441436454
262150.0,1.8592949152371012
262200.0,0.6571157654314393
262250.0,1.964224712227312
262300.0,3.0386001159541127
262350.0,1.845991684624451
262400.0,1.488251405345972
262450.0,1.6210165493694786
262500.0,2.6256628383360767
262550.0,2.8826062177459555
262600.0,4.104894829359199
262650.0,3.328800199721889
262700.0,2.728256119663497
262750.0,2.0593615526037232
262800.0,2.904979011605029
262850.0,3.080177165801573
262900.0,2.959201261651824
262950.0,3.086386489794977
263000.0,1.6356914763662456
263050.0,1.4742427182850488
263100.0,0.8646344597918817
263150.0,2.500077752701592
263200.0,3.4255768370122515
263250.0,2.1252056296997646
263300.0,2.170731343742184
263350.0,2.5969785170964186
263400.0,1.9640238131410275
263450.0,3.7472781984376855
263500.0,3.001894595241204
263550.0,4.162365862364114
263600.0,3.487645892853079
263650.0,2.853714921814502
263700.0,2.693188333616397
263750.0,1.3638859746505165
263800.0,2.4142008935961323
263850.0,0.7481961624887372
263900.0,1.5338181917258258
263950.0,2.6457108953889725
264000.0,2.7489777030540052
264050.0,3.310297957090189
264100.0,3.9055944918773133
264150.0,2.2787251304690455
264200.0,3.3992473352656236
264250.0,3.3427206501015525
264300.0,3.772676875255754
264350.0,3.837259765265761
264400.0,2.9099805032938737
264450.0,2.9451984819200754
264500.0,3.6095839280276643
264550.0,4.278886973328214
264600.0,3.311672453387615
264650.0,1.8660319073899085
264700.0,3.42172438354891
264750.0,2.8519093929645165
264800.0,2.728021584216987
264850.0,3.2509795253407163
264900.0,3.0487341273167674
264950.0,3.4727604890727752
265000.0,3.440189976440636
265050.0,2.709647900558367
265100.0,2.6282648978578442
265150.0,3.399835565970438
265200.0,3.110980416467803
265250.0,2.9422059872135677
265300.0,2.551292320550784
265350.0,2.9577345514378433
265400.0,3.0012968861286926
265450.0,2.7172593524925346
265500.0,2.738082737327145
265550.0,2.445853518176095
265600.0,2.2688087409549693
265650.0,2.0604083173274637
265700.0,2.461727792258066
265750.0,2.611321499859109
265800.0,3.2692796675606557
265850.0,3.2060679101863805
265900.0,3.3218378545900094
265950.0,2.5052895725474884
266000.0,2.0116096276666697
266050.0,1.5444050712017903
266100.0,2.3255524167376564
266150.0,2.689645246639791
266200.0,2.3019518967251353
266250.0,2.9700813575216642
266300.0,2.6089640593843164
266350.0,2.553934855446018
266400.0,2.338265533591163
266450.0,3.0374442540527182
266500.0,1.805570126263969
266550.0,2.126239055267755
266600.0,1.4953887230029912
266650.0,3.1098664557480675
266700.0,2.1587462537810636
266750.0,2.407401423990123
266800.0,2.264195168438936
266850.0,2.328109196020824
266900.0,2.216862060585219
266950.0,2.678746697324904
267000.0,2.9497755062263176
267050.0,3.1293598249217274
267100.0,2.5244977908647765
267150.0,2.1849243360480948
267200.0,2.9508282725255586
267250.0,1.8934105746347454
267300.0,3.0586753940262987
267350.0,0.38340201342730673
267400.0,2.0542847142663385
267450.0,3.688424100892331
267500.0,2.7092774906820183
267550.0,3.037395817986539
267600.0,2.601326486106956
267650.0,2.6809299734389644
267700.0,3.2987976339109926
267750.0,4.016043190926423
267800.0,2.7164318286859697
267850.0,2.471473298935715
267900.0,3.559858966992473
267950.0,3.050276738855154
268000.0,1.9407427571331792
268050.0,3.3933004673235025
268100.0,3.927770278152957
268150.0,3.000346198899597
268200.0,3.2880522674730575
268250.0,2.881123550393431
268300.0,3.2933078358213104
268350.0,2.80301607306331
268400.0,4.116961775938787
268450.0,3.5238702179461763
268500.0,3.3019073869490643
268550.0,2.808593021993636
268600.0,1.8400237380529267
268650.0,2.8835548872616545
268700.0,2.144108072438322
268750.0,2.7590715709962423
268800.0,1.7999117206617832
268850.0,2.7539233155578984
268900.0,3.543173162004183
268950.0,3.0053565272466165
269000.0,2.397268733703522
269050.0,3.364668602689885
269100.0,1.8908413922602458
269150.0,2.3980793350265213
269200.0,2.5779999360108095
269250.0,2.6149152776325506
269300.0,3.013449458642506
269350.0,1.9006046513613908
269400.0,2.68867769890245
269450.0,3.5547809362811473
269500.0,2.9300663551956707
269550.0,3.002346356205963
269600.0,2.9117840497787757
269650.0,4.054363746639493
269700.0,2.9454676289590407
269750.0,2.372590873123668
269800.0,3.684176796391033
269850.0,2.591406957180634
269900.0,3.0210078915877987
269950.0,3.3436222225742216
270000.0,2.564934450029621
270050.0,2.964738149167238
270100.0,2.9140173625657315
270150.0,3.4568905056172476
270200.0,3.3641751865351273
270250.0,3.5184371959922065
270300.0,1.5277053879826905
270350.0,2.3603575393654626
270400.0,3.041392423072689
270450.0,3.521063950748647
270500.0,2.64782831593493
270550.0,2.773642775752002
270600.0,2.8465417850986805
270650.0,3.9234249637387015
270700.0,4.274061326869678
270750.0,3.1918330110741504
270800.0,3.008552447033892
270850.0,2.6606392205741245
270900.0,4.010799423024517
270950.0,3.1205571220134587
271000.0,3.1283532053618606
271050.0,2.8237570226905455
271100.0,2.617287664250181
271150.0,2.967303797113042
271200.0,1.894883144682524
271250.0,2.6440493023541065
271300.0,2.089807237562276
271350.0,2.3469531913184434
271400.0,2.6586849277559192
271450.0,2.4768710351005843
271500.0,3.074085571294718
271550.0,2.2664972102117233
271600.0,2.2130965723669265
271650.0,2.9949781811293517
271700.0,2.851050991154981
271750.0,2.8952714250593
271800.0,2.775786141884089
271850.0,0.7905660991353903
271900.0,2.1276493451340266
271950.0,2.437001505271138
272000.0,2.9926075188648307
272050.0,1.8098046036114919
272100.0,2.714053140280895
272150.0,2.7162277755859603
272200.0,2.268165632342252
272250.0,3.4877754921900426
272300.0,2.7955809451839664
272350.0,2.8998382896924886
272400.0,2.494031008996269
272450.0,3.0857241634132566
272500.0,1.3575327899861664
272550.0,1.3185555444405541
272600.0,3.4674471740454496
272650.0,3.1566116448529407
272700.0,2.8088432021560337
272750.0,3.2840336174532587
272800.0,2.2960399942453793
272850.0,2.2611688167317596
272900.0,3.740240624588171
272950.0,3.7356363243183863
273000.0,2.5195818072728255
273050.0,3.2225725931475413
273100.0,3.192755157384511
273150.0,3.4594063495451275
273200.0,4.114680747050924
273250.0,4.1388362999750115
273300.0,4.555400651050892
273350.0,3.864991800913372
273400.0,3.0884596837893064
273450.0,3.7799224010022456
273500.0,3.4950523440278416
273550.0,3.2002811851963355
273600.0,3.3121119751760455
273650.0,3.281944442890525
273700.0,2.594222032075356
273750.0,3.1473948422824205
273800.0,2.8901346997683937
273850.0,3.0192715383944377
273900.0,3.2280920269059967
273950.0,1.740256832948702
274000.0,2.267575447494001
274050.0,1.5560169606358794
274100.0,2.7634000285947105
274150.0,3.4020115993900633
274200.0,3.428133421398829
274250.0,2.498975443751267
274300.0,1.6589426777709713
274350.0,2.947489600710488
274400.0,1.8582760095843542
274450.0,2.6330762896441406
274500.0,3.0467842138937153
274550.0,2.374212881622383
274600.0,3.3861747012935246
274650.0,1.866165687832397
274700.0,2.36334216024477
274750.0,2.8850290243525896
274800.0,2.541848732091865
274850.0,3.4917455296594557
274900.0,3.2459926870231346
274950.0,2.6317448433386588
275000.0,2.1240257510818106
275050.0,2.362751658121727
275100.0,2.0847997863061654
275150.0,3.220806932461551
275200.0,1.3800699078152026
275250.0,3.128332921886319
275300.0,2.938259798268093
275350.0,3.2589707997858985
275400.0,3.650435515459514
275450.0,2.812060094726586
275500.0,2.8844018479424456
275550.0,2.1580999982471774
275600.0,3.0226303322398236
275650.0,2.607795723434323
275700.0,3.2444556368990587
275750.0,2.774615962220004
275800.0,4.1289964734156905
275850.0,3.478644446402405
275900.0,3.6861356809792145
275950.0,3.069200211016847
276000.0,2.3215048368840088
276050.0,3.6648332232616747
276100.0,3.237870856178258
276150.0,3.8065204837704103
276200.0,2.3415591805023896
276250.0,3.257202853447956
276300.0,3.018224664760361
276350.0,2.7663322773709584
276400.0,2.7648130859507796
276450.0,3.1472680762866805
276500.0,1.2731419399287032
276550.0,2.329994196426336
276600.0,0.9298352167458571
276650.0,1.2606321027063212
276700.0,2.6923574539195716
276750.0,2.950068117553726
276800.0,3.1026592484892683
276850.0,2.767181961549851
276900.0,1.978529795427976
276950.0,2.9875234900177996
277000.0,2.315126015713662
277050.0,2.350081081217143
277100.0,3.145071389950898
277150.0,2.7046040886578635
277200.0,3.1680455827461644
277250.0,2.5776512869744246
277300.0,2.838127395175582
277350.0,2.474955596220698
277400.0,2.3832698485337995
277450.0,3.4270837118452286
277500.0,2.7591629649898923
277550.0,3.4179646366063237
277600.0,3.1127809721001345
277650.0,3.1288639032374115
277700.0,2.604108978018738
277750.0,2.8997539163341006
277800.0,2.6745874749285923
277850.0,3.241081506109283
277900.0,2.769438907247518
277950.0,1.9018403915758426
278000.0,2.7861416860960357
278050.0,3.0446032396250895
278100.0,2.9882590716128723
278150.0,2.863110772021096
278200.0,1.7045793460791863
278250.0,3.5083596811893587
278300.0,3.4779999012397087
278350.0,2.941223286562415
278400.0,3.3638357203046936
278450.0,2.8030858806213006
278500.0,3.5377672863639362
278550.0,3.1740538088094814
278600.0,2.5606635485465197
278650.0,1.8304919272768105
278700.0,3.1409203690624983
278750.0,3.6475350120079955
278800.0,3.264962773017486
278850.0,3.0024972216554473
278900.0,3.4746338290589063
278950.0,4.338674312583783
279000.0,3.70422201084408
279050.0,2.7347018543498973
279100.0,2.5727419262897713
279150.0,3.872417902316469
279200.0,3.738314939934461
279250.0,3.058968447176703
279300.0,2.333707428654711
279350.0,2.9024261123547705
279400.0,3.2144804121509654
279450.0,3.5387252853163926
279500.0,3.4820955570460033
279550.0,3.4538953657630977
279600.0,3.476705796734258
279650.0,2.9559758793091957
279700.0,2.953724384758006
279750.0,3.634901868503556
279800.0,3.7544907347753473
279850.0,3.1652765437124084
279900.0,2.8273661814424864
279950.0,2.819926430037017
280000.0,2.86616356834198
280050.0,2.8749065334919606
280100.0,2.708594770789427
280150.0,3.343338459455296
280200.0,3.2639837448311337
280250.0,3.0299351952904274
280300.0,3.566463943952002
280350.0,3.2981617471979745
280400.0,3.156245215325274
280450.0,3.0421841314439053
280500.0,3.0056288486833576
280550.0,3.0715612610452467
280600.0,3.3817876235176376
280650.0,2.676899331301419
280700.0,3.1654533396637503
280750.0,3.3047369686458623
280800.0,2.719648638079703
280850.0,2.91245822231601
280900.0,2.993493058750986
280950.0,3.43652046102747
281000.0,2.9891133186010976
281050.0,3.029336047563462
281100.0,3.454430105911858
281150.0,3.3672062617341907
281200.0,2.4338018025297075
281250.0,3.0643246393016454
281300.0,2.895598138616055
281350.0,3.706671025207997
281400.0,3.4400843201910623
281450.0,3.523834526726557
281500.0,2.694753889132993
281550.0,2.6745809648272987
281600.0,3.080468681148559
281650.0,3.0592464736010823
281700.0,3.211131917971424
281750.0,3.5223429754427857
281800.0,2.402186192119869
281850.0,3.015560209190143
281900.0,3.345656955226933
281950.0,3.5532072622083586
282000.0,3.132120914647597
282050.0,3.427625200811142
282100.0,3.08143008832069
282150.0,3.2374364045159965
282200.0,3.5862200294712134
282250.0,3.220855050145337
282300.0,3.5049388315330274
282350.0,3.671482505207726
282400.0,3.7112119187239787
282450.0,3.507091759370396
282500.0,3.331980287939736
282550.0,3.411596527898549
282600.0,3.0333618951964665
282650.0,2.1728730234263796
282700.0,2.6682354843617704
282750.0,3.5798592711368658
282800.0,4.799303627365555
282850.0,3.448607877854965
282900.0,3.9919153328853283
282950.0,3.53216920593177
283000.0,3.474307298741001
283050.0,3.0137044736650718
283100.0,3.0134501670335205
283150.0,3.186111787456893
283200.0,3.699901233493652
283250.0,1.9503827358180905
283300.0,2.490505363326834
283350.0,3.0756123960503077
283400.0,3.2162818984887815
283450.0,3.0167886932701022
283500.0,2.6558171832666724
283550.0,2.6724665977487203
283600.0,2.038770103712619
283650.0,2.9851816292796163
283700.0,2.362311034065813
283750.0,2.2318814395392663
283800.0,3.8267748671443713
283850.0,3.541099958924569
283900.0,3.0362817270630416
283950.0,3.798695362804653
284000.0,3.095380987284215
284050.0,2.568638438390295
284100.0,3.7190490204458495
284150.0,3.310976889481494
284200.0,3.198152463679615
284250.0,2.545484547833506
284300.0,3.6234364076337275
284350.0,3.3257461339410868
284400.0,3.4050252622787895
284450.0,2.8709194962028013
284500.0,3.5809082481801298
284550.0,3.3360277139477645
284600.0,3.5605765435250754
284650.0,2.8731344289062233
284700.0,2.3705482145032817
284750.0,3.3103780644696603
284800.0,3.719069106012743
284850.0,3.0392255740363225
284900.0,3.545147212195345
284950.0,3.24337760725279
285000.0,3.311147449675873
285050.0,3.179715281766498
285100.0,3.1940685384227567
285150.0,3.681314327390254
285200.0,4.281052195905076
285250.0,2.7478894350187684
285300.0,3.409325810796827
285350.0,3.257053935967613
285400.0,2.968735714920311
285450.0,3.6452961889023405
285500.0,3.787610341898608
285550.0,3.607519519356754
285600.0,3.210060585858983
285650.0,3.0803073729696524
285700.0,2.2057651733654384
285750.0,1.8246628892570964
285800.0,3.791672895920155
285850.0,2.9771955748013825
285900.0,4.421674111357771
285950.0,3.0484404897556705
286000.0,3.125410221610707
286050.0,3.3877849875130446
286100.0,3.447565266726408
286150.0,2.397414589992697
286200.0,3.4157725167262805
286250.0,2.511432330824173
286300.0,3.5788805552958034
286350.0,2.941531301300042
286400.0,3.399789989945579
286450.0,3.5751528385831723
286500.0,3.284884105953563
286550.0,4.3540444973762895
286600.0,3.7106080569240065
286650.0,3.196093497928702
286700.0,2.534992471124669
286750.0,3.3885213646398276
286800.0,1.8823928522877205
286850.0,2.7256195254473816
286900.0,3.3772909890154326
286950.0,3.672464167330153
287000.0,3.7228999543152335
287050.0,2.0839840177030986
287100.0,3.8315124374062695
287150.0,2.911459790898481
287200.0,3.488421418571847
287250.0,3.4937807602773376
287300.0,3.035291869258799
287350.0,4.592047944143295
287400.0,2.8420194919332213
287450.0,2.871825099247603
287500.0,2.6926896324508856
287550.0,2.589324397640247
287600.0,2.947355480327712
287650.0,3.6077859259093903
287700.0,3.1471587057753623
287750.0,3.2169219797716266
287800.0,2.5068314061291916
287850.0,2.9033238277300275
287900.0,2.924446636317178
287950.0,3.1365771654414356
288000.0,2.8019618077278268
288050.0,2.399103027576757
288100.0,3.0737246108624334
288150.0,1.7564132564654988
288200.0,3.13516699144439
288250.0,2.4304922595905842
288300.0,3.4881238915060284
288350.0,1.8863155811205436
288400.0,1.0807846835665351
288450.0,3.842526587733694
288500.0,3.3645930885697783
288550.0,3.18227886862076
288600.0,2.513120525813612
288650.0,3.3005743176686018
288700.0,2.6340274859084607
288750.0,2.511194503270241
288800.0,2.336558259130991
288850.0,3.08223896688517
288900.0,2.2611918758441605
288950.0,2.89561400232454
289000.0,2.826410627227568
289050.0,2.7234880846882996
289100.0,2.378594133624231
289150.0,2.7057857704940798
289200.0,3.125457475311824
289250.0,2.6909114958287903
289300.0,3.495095905091515
289350.0,2.467768817087742
289400.0,3.332403106998305
289450.0,2.475195849756483
289500.0,3.10215556948271
289550.0,1.5528333950404998
289600.0,2.5916373602749494
289650.0,2.054649628346985
289700.0,2.9883903692329667
289750.0,3.2333252146019187
289800.0,3.1225142770150027
289850.0,2.9939434652568577
289900.0,2.6933666368265974
289950.0,2.7542850049853236
290000.0,2.971614694133672
290050.0,2.967473544459935
290100.0,3.5743921107242556
290150.0,4.11665955092272
290200.0,3.1479663399805853
290250.0,2.616925764089561
290300.0,3.5187914815464154
290350.0,3.558579010848035
290400.0,3.9510152519338195
290450.0,2.47920810362685
290500.0,2.5010996226779905
290550.0,2.831305999809904
290600.0,3.102336264572213
290650.0,2.8370033196533195
290700.0,3.166921009603426
290750.0,2.9255741608347443
290800.0,2.589305242495628
290850.0,1.9971199226046927
290900.0,2.782589063843604
290950.0,2.5082463123882253
291000.0,2.270107688202441
291050.0,2.233138212121513
291100.0,3.084331118694595
291150.0,3.407006402097113
291200.0,3.6695789908522345
291250.0,2.682628523995142
291300.0,2.704811734404481
291350.0,2.8791637011821676
291400.0,2.835171597252283
291450.0,2.516701119434471
291500.0,2.5856099472790235
291550.0,3.543461281408279
291600.0,3.0722809097516377
291650.0,2.9043025654621992
291700.0,2.591408067697555
291750.0,2.800874146386871
291800.0,2.0958287641523192
291850.0,3.2798752979729966
291900.0,2.725636849279418
291950.0,2.3309391241250115
292000.0,2.4524676200527793
292050.0,2.7801779551551724
292100.0,2.7363616081395854
292150.0,2.35900374963823
292200.0,2.617555733195826
292250.0,2.4916209650786962
292300.0,2.041712264492144
292350.0,1.9884382075291414
292400.0,2.9068889240151257
292450.0,2.661225108786162
292500.0,1.7128618147203154
292550.0,3.2893456459418235
292600.0,2.6678839172573934
292650.0,3.0212728604477954
292700.0,2.800521179745682
292750.0,3.3401939386090036
292800.0,2.8135024173935523
292850.0,3.6844246034928316
292900.0,3.346715348286863
292950.0,2.3173258503575473
293000.0,2.612239444572264
293050.0,2.8185619356210845
293100.0,2.8336517001977195
293150.0,1.020045206917572
293200.0,2.0251873157718294
293250.0,0.9669521750378782
293300.0,1.7692299697101983
293350.0,2.8935918484530823
293400.0,2.6457918397459674
293450.0,3.516899840045418
293500.0,3.8627429826005217
293550.0,3.376400837312538
293600.0,3.63593288619095
293650.0,2.302108490145656
293700.0,2.9218675050046414
293750.0,2.1027088946051875
293800.0,2.0416907398717643
293850.0,3.4540545062816412
293900.0,2.1731281035513206
293950.0,0.45298601724598153
294000.0,1.7821611139539304
294050.0,2.297231911186823
294100.0,1.2888723865599923
294150.0,1.5947998925946645
294200.0,1.506845883097832
294250.0,3.6415102405843047
294300.0,3.333857699796082
294350.0,3.5468572131845995
294400.0,2.158101422949674
294450.0,3.8945330679549275
294500.0,3.310980519167828
294550.0,2.58791183246424
294600.0,2.9176177269623915
294650.0,3.5376137586473915
294700.0,2.635772155319271
294750.0,2.010493914147581
294800.0,2.9054735469465895
294850.0,3.4099387884406567
294900.0,3.001633859896217
294950.0,2.6947931434676744
295000.0,3.101059988627605
295050.0,3.709295455379934
295100.0,2.6478253371664073
295150.0,2.620722827942136
295200.0,3.2914840296347516
295250.0,3.0307239032843545
295300.0,2.9104106180851903
295350.0,2.8290976255068894
295400.0,3.235117275940707
295450.0,3.778811167516051
295500.0,3.8980739000237907
295550.0,2.91228081634435
295600.0,3.149507940705275
295650.0,3.22826330873194
295700.0,3.3869556447433196
295750.0,2.6704443721161546
295800.0,3.3541297800513297
295850.0,2.2636435880497747
295900.0,2.2202249938893353
295950.0,2.034450236680215
296000.0,1.644809936861467
296050.0,2.3800143990055282
296100.0,2.47487090296569
296150.0,2.9558553624088795
296200.0,1.8445822737595738
296250.0,2.734553026573372
296300.0,2.4564592550131223
296350.0,1.4743794978125984
296400.0,2.519876746545312
296450.0,3.5848146854107585
296500.0,2.667295539844583
296550.0,3.24748589423265
296600.0,3.8395975823977633
296650.0,2.990665204617299
296700.0,3.255773740073676
296750.0,1.4121613730997218
296800.0,3.6987303816552304
296850.0,3.002742945678505
296900.0,3.7268472203556375
296950.0,3.547533383794544
297000.0,2.4889118933280883
297050.0,3.824929235266216
297100.0,2.9039585025906844
297150.0,3.3051192103191025
297200.0,2.5881798623798353
297250.0,1.9374935751674418
297300.0,0.7297228917037523
297350.0,1.578979545110724
297400.0,3.6232272272347195
297450.0,2.0270399880917713
297500.0,1.1711498850434559
297550.0,2.233065998915849
297600.0,3.4394890312586615
297650.0,3.4949634337350735
297700.0,2.9447749706387096
297750.0,3.2699030226658374
297800.0,1.893486956870993
297850.0,2.8013001088475007
297900.0,3.115267539009648
297950.0,3.921336376735392
298000.0,2.8415450983884627
298050.0,1.4827300075186782
298100.0,2.9633391016962425
298150.0,3.694061422322031
298200.0,4.016996998570204
298250.0,2.5793600829473418
298300.0,1.7418091044376522
298350.0,3.5794257597527337
298400.0,3.131596447082358
298450.0,3.218743519129011
298500.0,3.1952758985150784
298550.0,2.6619322907476466
298600.0,3.1907634082376073
298650.0,2.3105148758947687
298700.0,2.791447526068362
298750.0,2.9051122888665155
298800.0,2.578853839927926
298850.0,2.5299764977416443
298900.0,2.252502375030344
298950.0,3.1195597147319587
299000.0,3.448534142497278
299050.0,4.30748953474796
299100.0,2.773043695087867
299150.0,2.3327195644627925
299200.0,3.2667216478799888
299250.0,2.6207610293237633
299300.0,1.2159746017851185
299350.0,2.5535232002625947
299400.0,2.092603818453054
299450.0,3.1921464884185573
299500.0,3.064393694654008
299550.0,2.5226369388508156
299600.0,3.4204392134434998
299650.0,3.276608603024832
299700.0,2.9221518183376567
299750.0,1.7965474310863443
299800.0,2.1399723742927543
299850.0,2.386903232951262
299900.0,2.8959431873911226
299950.0,3.587437196189155
300000.0,1.8569047781809496
300050.0,2.0707016335366037
300100.0,2.2041100800855347
300150.0,3.180708208220449
300200.0,2.340684208406122
300250.0,2.4150156346873546
300300.0,2.5115921010872695
300350.0,3.4629582035737627
300400.0,3.268914255366742
300450.0,2.096327726123657
300500.0,1.3327025892588957
300550.0,2.1223543704466175
300600.0,2.884263762313966
300650.0,2.352463512241531
300700.0,1.522954035877422
300750.0,3.1796026084760003
300800.0,2.114375853021125
300850.0,3.1565941890588145
300900.0,3.14578442420927
300950.0,2.5522317606072873
301000.0,3.0314009113989284
301050.0,3.202138650063186
301100.0,3.7639090322450217
301150.0,2.861745910199627
301200.0,3.3821888038326366
301250.0,3.419325270547266
301300.0,3.717926275554222
301350.0,3.882575313432232
301400.0,3.853556947085321
301450.0,3.443516176683702
301500.0,3.361545255560335
301550.0,3.6624832221698234
301600.0,2.6624384764307845
301650.0,2.769763867614656
301700.0,2.769998211363817
301750.0,2.9234528848701777
301800.0,1.4037787030873374
301850.0,2.0332441308390656
301900.0,1.0934769050942446
301950.0,4.178080855786996
302000.0,3.0940390514702822
302050.0,2.664299551865929
302100.0,2.4786674278840217
302150.0,3.2721566981794528
302200.0,2.6827954985463367
302250.0,2.354676547188217
302300.0,1.2225372221480986
302350.0,2.935979827109421
302400.0,2.8162680683088155
302450.0,2.786858346485494
302500.0,2.6130805801639805
302550.0,3.1619112034514214
302600.0,2.8469974005279397
302650.0,3.1972002164781124
302700.0,2.822586812391026
302750.0,2.8824598816838947
302800.0,2.8054400632320613
302850.0,3.039869911022339
302900.0,2.1046143906668755
302950.0,2.2729877307005313
303000.0,3.4289765123869307
303050.0,3.4700136915511917
303100.0,4.347514914809564
303150.0,3.195208592546964
303200.0,2.8906893241448555
303250.0,3.3752178622572395
303300.0,2.667674218508588
303350.0,3.096593136063776
303400.0,2.7587124184611764
303450.0,1.7047052212680245
303500.0,3.2758008217201424
303550.0,3.0673912361132554
303600.0,1.6020271248707443
303650.0,2.1449903652534847
303700.0,2.9036148398518167
303750.0,3.15201353986181
303800.0,2.184919761050045
303850.0,3.27331875671062
303900.0,3.586208980060826
303950.0,2.741108318530709
304000.0,2.7362935685617504
304050.0,3.663194960351244
304100.0,4.151250235982589
304150.0,1.4483425743858875
304200.0,0.5394379976675275
304250.0,2.390184910858626
304300.0,1.04517443796297
304350.0,1.7785962585373956
304400.0,2.035630064208992
304450.0,1.7183989858201048
304500.0,1.318708313783005
304550.0,1.535344597237906
304600.0,1.5021946479735053
304650.0,1.7070671370798551
304700.0,0.4354296016690067
304750.0,1.6714631419982429
304800.0,1.611768721016816
304850.0,1.7282903737499298
304900.0,1.8608036413571378
304950.0,2.8363856825632934
305000.0,2.5220003538713494
305050.0,1.8094698860037297
305100.0,2.673366606673541
305150.0,2.0236054994882076
305200.0,2.412341767021206
305250.0,2.294211054816002
305300.0,4.332995858499508
305350.0,1.804712942025886
305400.0,3.16431158115326
305450.0,3.3072752012221014
305500.0,4.279882825515219
305550.0,4.247220658522942
305600.0,4.365523531392438
305650.0,3.5601947075465414
305700.0,3.160155812541857
305750.0,3.3187481608992746
305800.0,2.1658675008570367
305850.0,2.6556687978653053
305900.0,1.4953570161056817
305950.0,2.4115121319069988
306000.0,2.774832862015885
306050.0,2.8576544270619735
306100.0,3.2822537452864506
306150.0,2.5095395897824995
306200.0,2.8117406575868396
306250.0,2.7925044691713277
306300.0,3.1906079440678976
306350.0,2.8126303051444843
306400.0,2.694622868637165
306450.0,0.9040949896428211
306500.0,1.2424943336766927
306550.0,0.5811225315019395
306600.0,3.425692744459528
306650.0,1.9224936663085348
306700.0,0.9427554776672288
306750.0,1.2668446500852195
306800.0,0.333916623261243
306850.0,0.4282529818462194
306900.0,0.6555127648487097
306950.0,1.3125903858902557
307000.0,0.7592087130083002
307050.0,1.5290171858845019
307100.0,0.7147706994199488
307150.0,1.2952964861666088
307200.0,3.6628490915470158
307250.0,2.4027845200401514
307300.0,2.9848918717596264
307350.0,2.1423769867788574
307400.0,1.6360279186210926
307450.0,1.4378402259678045
307500.0,0.45497188610111605
307550.0,0.8516383424114525
307600.0,1.2501955584625064
307650.0,0.5842086578509573
307700.0,1.0549829244982531
307750.0,0.9947838752809129
307800.0,1.7748516422711447
307850.0,1.7651327300506587
307900.0,1.2359156549500248
307950.0,1.2971455749000669
308000.0,0.9455672661639197
308050.0,3.178298672625735
308100.0,3.125202755147244
308150.0,3.395879006400071
308200.0,1.5671924723820356
308250.0,3.5638579991269155
308300.0,4.036557796744132
308350.0,2.0676998446902495
308400.0,3.4267786817713306
308450.0,3.129393522356373
308500.0,3.8152990317527364
308550.0,3.475238821926214
308600.0,4.240681563971039
308650.0,3.3503744848668937
308700.0,3.536506951047836
308750.0,2.0368810709250664
308800.0,2.6492438778627614
308850.0,2.6553506749653817
308900.0,2.684044703743878
308950.0,2.9627151959675277
309000.0,3.9617192368377547
309050.0,3.5243554565796402
309100.0,2.561153354715044
309150.0,3.002465424738219
309200.0,1.5926052951066116
309250.0,2.2102029111788872
309300.0,2.5079860434555754
309350.0,3.2641191784725048
309400.0,2.8695978995530793
309450.0,2.583295142049047
309500.0,2.0631502792370173
309550.0,3.1976368532641226
309600.0,2.639034291128636
309650.0,2.6393558340581804
309700.0,1.9620632506916076
309750.0,1.8591607544747248
309800.0,2.126917264685488
309850.0,1.04182268934569
309900.0,2.1871878641823526
309950.0,3.6842662905988584
310000.0,2.5692406211560472
310050.0,1.2855298421769072
310100.0,1.2943658556213673
310150.0,1.9462998608164062
310200.0,0.9176002185994686
310250.0,1.681244308527695
310300.0,2.6110112647919026
310350.0,2.741767281067401
310400.0,3.578554911578405
310450.0,3.397335453501711
310500.0,3.9376234243284696
310550.0,3.5784905739166817
310600.0,3.490799181358902
310650.0,3.55704956548825
310700.0,4.197025292680844
310750.0,4.010210275062516
310800.0,3.429052315187988
310850.0,2.9185280525761694
310900.0,3.9617288672624236
310950.0,3.3160840593706142
311000.0,3.6849141568262542
311050.0,3.2967384302341083
311100.0,4.334443167684947
311150.0,4.7255463570699865
311200.0,3.9788051003891955
311250.0,5.052189774237711
311300.0,3.4867437856227474
311350.0,3.8829855901780084
311400.0,4.131173972218987
311450.0,2.1243558321139306
311500.0,3.130062804156319
311550.0,2.521150896570977
311600.0,4.607167088388888
311650.0,4.31096349722892
311700.0,4.55980143767491
311750.0,4.424893184775068
311800.0,3.9115854312467166
311850.0,3.7741467141363914
311900.0,3.3284385094810283
311950.0,3.500785763848803
312000.0,3.834060981313435
312050.0,3.216163164281401
312100.0,4.684474740240791
312150.0,4.246631420076143
312200.0,4.245635803561382
312250.0,3.976541488696533
312300.0,3.4530226644599207
312350.0,3.543260268299112
312400.0,4.482542476592271
312450.0,3.6931674427976837
312500.0,3.8243120092885894
312550.0,4.7179847123008765
312600.0,4.0028264637764215
312650.0,3.9205742827949672
312700.0,4.787764300111199
312750.0,4.869384796325421
312800.0,4.844056503662164
312850.0,4.931938215652958
312900.0,3.738632786179387
312950.0,4.590805760559095
313000.0,3.458626571792223
313050.0,3.1896687408002053
313100.0,3.9764437029513404
313150.0,4.218270996390847
313200.0,4.632369232725218
313250.0,3.4819095840159355
313300.0,3.6924917112789113
313350.0,3.4314118694268005
313400.0,3.9117357261995265
313450.0,4.551977322705018
313500.0,4.205675820421105
313550.0,3.6680921924961933
313600.0,3.4411646162393996
313650.0,4.40875009379932
313700.0,3.678956280187971
313750.0,4.13041333067707
313800.0,4.534500273538022
313850.0,4.261945252062238
313900.0,3.4753123349145136
313950.0,4.320749440006977
314000.0,4.179349788131552
314050.0,4.201643334557815
314100.0,5.748911689000907
314150.0,3.836312124104304
314200.0,3.6705487806181454
314250.0,3.944030790031239
314300.0,3.516392369379239
314350.0,3.1957636596062526
314400.0,3.2465015185590747
314450.0,3.705458773116272
314500.0,4.136981211429819
314550.0,4.097352726486207
314600.0,3.2322280597169097
314650.0,3.7946422033309983
314700.0,4.492982936370123
314750.0,3.6134622568700685
314800.0,3.0402763451938046
314850.0,3.6776746186460922
314900.0,2.6637345913745376
314950.0,2.7865015016943997
315000.0,2.7505789291022076
315050.0,3.3282263477738696
315100.0,3.4086635536983745
315150.0,3.257082348018406
315200.0,2.429648751207008
315250.0,3.6623186536051078
315300.0,3.001899128805818
315350.0,2.7521075470122383
315400.0,3.2842647116342705
315450.0,3.7040196164439565
315500.0,3.792662413208005
315550.0,3.2049197968065983
315600.0,4.3548702458060875
315650.0,4.574344686974205
315700.0,3.1751209059406755
315750.0,4.099425080348556
315800.0,4.024054427445385
315850.0,3.468327841099814
315900.0,4.22541454200404
315950.0,4.364890996357286
316000.0,3.3167161221562425
316050.0,4.187923185095815
316100.0,4.428012903405805
316150.0,4.974233631091241
316200.0,3.3466957617969793
316250.0,3.281541430978551
316300.0,4.654137182863516
316350.0,3.8392302548349893
316400.0,3.944881526587811
316450.0,3.717243609847644
316500.0,4.104105770273611
316550.0,4.461040922075781
316600.0,3.786525482810923
316650.0,3.964543714789336
316700.0,4.269207130100353
316750.0,1.6228644339486267
316800.0,0.7749167396422226
316850.0,0.4263799868688836
316900.0,0.9741094941985137
316950.0,1.3017663487890176
317000.0,0.7800600273525887
317050.0,1.6846655928721663
317100.0,2.7595079547327273
317150.0,1.3258950304841564
317200.0,0.8312598445367275
317250.0,1.7402842322436136
317300.0,2.254947067962514
317350.0,3.6237364054981147
317400.0,2.9981444232979615
317450.0,4.242308388443052
317500.0,4.821057432375254
317550.0,4.486700372973264
317600.0,4.133350507352321
317650.0,5.04259960343295
317700.0,3.9067386210073476
317750.0,4.898763630493381
317800.0,4.7333839631628605
317850.0,3.135311838124382
317900.0,2.824887413283289
317950.0,4.483088475422866
318000.0,3.3456378687867123
318050.0,3.4111854005376143
318100.0,3.3432574869131373
318150.0,3.5176272653258054
318200.0,2.6452000417972683
318250.0,2.9479461337484616
318300.0,3.857225287713571
318350.0,3.383913952650424
318400.0,3.843773171459039
318450.0,2.1751536263833713
318500.0,3.57335319694511
318550.0,3.7276549716321616
318600.0,3.3949660174554235
318650.0,2.958258065772324
318700.0,3.827961325030252
318750.0,4.1649597634966495
318800.0,3.315222380995834
318850.0,2.0210346140725175
318900.0,3.2240650665951684
318950.0,3.365838781063182
319000.0,2.671720621569598
319050.0,1.7126844980182339
319100.0,3.3193372841796207
319150.0,3.515467154011203
319200.0,2.952114581506428
319250.0,3.0707143532805343
319300.0,3.0402279502384877
319350.0,3.7436573326145623
319400.0,3.68690613970331
319450.0,3.798010312443575
319500.0,3.180030480492876
319550.0,3.3820265542004337
319600.0,3.2351195323677917
319650.0,3.2493852624390254
319700.0,2.9057502374058166
319750.0,3.555894925440396
319800.0,3.7342991101099434
319850.0,3.863012752143297
319900.0,3.47499354432849
319950.0,3.0348778110922505
320000.0,3.098529346242601
320050.0,3.6791820745001567
320100.0,2.8936633804607013
320150.0,3.064409334856332
320200.0,2.684358492749714
320250.0,3.272689030544628
320300.0,3.0967380530593913
320350.0,2.217631161845187
320400.0,3.8163288390997296
320450.0,3.589569163281555
320500.0,3.5627079507809296
320550.0,4.0653392981448295
320600.0,3.6149961846676257
320650.0,3.668277562054686
320700.0,3.0887674761171136
320750.0,3.621006641687192
320800.0,3.9349825114908574
320850.0,2.570037227615833
320900.0,3.580854812523825
320950.0,3.0924117716128343
321000.0,3.3563351853634003
321050.0,3.638251931204724
321100.0,3.1217635951075877
321150.0,3.5873804533183775
321200.0,2.8021943289607147
321250.0,3.1681854320583676
321300.0,3.5993737922300935
321350.0,3.573368780431971
321400.0,3.0074929294552453
321450.0,3.2261125849758487
321500.0,3.7563944232659576
321550.0,3.889776542154159
321600.0,3.3710845945182504
321650.0,3.585094605804715
321700.0,3.8147482680720692
321750.0,3.507593250736054
321800.0,3.753739639667449
321850.0,3.2319309030498844
321900.0,3.572909948223249
321950.0,4.18565120648492
322000.0,3.9078981444940983
322050.0,3.07138168903729
322100.0,2.9402878777432258
322150.0,3.1473325318542775
322200.0,3.218790100918202
322250.0,2.831148513289291
322300.0,3.489422479198379
322350.0,2.8035838978276852
322400.0,2.6988483199412125
322450.0,2.5249338902052
322500.0,2.430742305207407
322550.0,2.6847903570835094
322600.0,2.8997570388639446
322650.0,3.259567158996252
322700.0,3.4752367811189306
322750.0,2.4825983193657057
322800.0,3.462090222294735
322850.0,3.7073984950497514
322900.0,3.471269059975592
322950.0,3.375466573844041
323000.0,2.9091907123118674
323050.0,2.5585298692074936
323100.0,2.98003117027299
323150.0,2.8966837812818507
323200.0,2.516606856630689
323250.0,2.625624977921545
323300.0,3.108277092014552
323350.0,3.584453385951032
323400.0,2.516525047050339
323450.0,3.4156849736403863
323500.0,3.5973059381790984
323550.0,3.355021763381361
323600.0,2.6830369549555435
323650.0,2.709591393443056
323700.0,2.6040559975865043
323750.0,3.296392285923315
323800.0,3.0284962337556953
323850.0,3.358226061706166
323900.0,2.7188376664031693
323950.0,3.69418185002994
324000.0,2.93042562889109
324050.0,2.270876184842459
324100.0,4.047878693556868
324150.0,3.2081263997823473
324200.0,3.919208483682985
324250.0,4.107392500198922
324300.0,3.069214634548655
324350.0,3.0460139147841043
324400.0,2.324436329760593
324450.0,2.654990335514707
324500.0,2.793580386486149
324550.0,3.5195112292258095
324600.0,3.287323217944952
324650.0,2.9941434044767425
324700.0,3.480074756304628
324750.0,3.2718319325672804
324800.0,2.694473598504519
324850.0,2.984639685279556
324900.0,3.4995438475833636
324950.0,3.71469736502461
325000.0,2.292009401236468
325050.0,2.7007803511252466
325100.0,2.9182519535056395
325150.0,2.9443666227193512
325200.0,3.6644320471838214
325250.0,2.8308311002329924
325300.0,3.1388643181622164
325350.0,2.944957530005859
325400.0,3.156404763960593
325450.0,3.937967885927134
325500.0,2.6832405795910423
325550.0,2.4484264480608906
325600.0,3.309333819980917
325650.0,2.185883587366957
325700.0,3.5944402581030213
325750.0,2.0491440138742747
325800.0,2.854575757045996
325850.0,2.950896591749334
325900.0,3.2681481374894363
325950.0,1.6072610680577706
326000.0,2.552920811980307
326050.0,2.608769654013878
326100.0,2.7465237788969046
326150.0,2.9638142584428957
326200.0,2.7477239904558917
326250.0,3.8050100679825967
326300.0,2.2506396707753296
326350.0,2.7840096643927517
326400.0,2.4398968552862312
326450.0,3.0916138364791856
326500.0,3.014713378748341
326550.0,3.129421924192218
326600.0,2.6254296453690817
326650.0,2.9364230452957347
326700.0,3.02026525886727
326750.0,3.036013710628988
326800.0,2.375730684015605
326850.0,2.7450839593037797
326900.0,2.9763041431550166
326950.0,0.9888355319489295
327000.0,1.3339414844884858
327050.0,2.479087613775979
327100.0,2.579569156377359
327150.0,2.9163500268757234
327200.0,2.641605570419162
327250.0,2.5614239165966834
327300.0,3.562717339353882
327350.0,1.8239208661747166
327400.0,3.5858305803503305
327450.0,2.944856051966317
327500.0,2.722204059251691
327550.0,2.8909848239968223
327600.0,3.0655836720160843
327650.0,3.8430817619741995
327700.0,2.5222587985952902
327750.0,2.9118554351501267
327800.0,2.462235124780317
327850.0,2.9920202451084337
327900.0,3.0051273668080443
327950.0,2.8653086849196368
328000.0,3.1080220198482538
328050.0,3.2256634917793017
328100.0,3.1895756349003523
328150.0,3.3592574229990735
328200.0,3.226062326929364
328250.0,2.418199345326664
328300.0,3.27964948875045
328350.0,3.527546980754413
328400.0,3.207323067861935
328450.0,3.468082237074267
328500.0,3.598039663426181
328550.0,3.3977049174500378
328600.0,2.8269754807328504
328650.0,2.802621359331274
328700.0,2.509083484030164
328750.0,2.5314203676612776
328800.0,3.4493015606313118
328850.0,2.5155722080571525
328900.0,3.159748416979468
328950.0,3.5461689137534798
329000.0,3.630661570896586
329050.0,3.3870454544355266
329100.0,3.40603738406721
329150.0,2.752561313321347
329200.0,2.8246231643405975
329250.0,2.6125492955094938
329300.0,2.9456065803566664
329350.0,2.4793139948702105
329400.0,3.261743685353117
329450.0,2.9001036800474767
329500.0,2.66242246474173
329550.0,2.9539432579019613
329600.0,3.3743262560875884
329650.0,3.597857501076212
329700.0,3.05119299298516
329750.0,2.8126845610046276
329800.0,3.0707170390902028
329850.0,3.3844447797728336
329900.0,2.7327068901813742
329950.0,2.5852235413433524
330000.0,2.814018626464266
330050.0,3.4698956590993717
330100.0,2.6791975260452414
330150.0,3.08708289414535
330200.0,3.8184417422502768
330250.0,3.748784957375218
330300.0,3.6970932040984357
330350.0,3.721436678839891
330400.0,4.1898561253638045
330450.0,4.079838899163256
330500.0,4.237285229670565
330550.0,4.127985718845792
330600.0,3.6396403028098074
330650.0,3.7620458600823907
330700.0,2.8652031296299536
330750.0,3.341434465852108
330800.0,2.963069732355975
330850.0,2.7841678909084075
330900.0,3.4291798763973618
330950.0,3.5208081479481232
331000.0,3.526315763743183
331050.0,3.0031482351879526
331100.0,2.791449831739246
331150.0,2.3660090197727275
331200.0,2.8714034016793635
331250.0,1.7870074680653996
331300.0,2.5083837988356956
331350.0,1.9885150034515056
331400.0,2.774180912692391
331450.0,3.3042063230185748
331500.0,0.9224432438492843
331550.0,1.3445020470335196
331600.0,1.130396020414407
331650.0,2.796622456631544
331700.0,2.4693901044242352
331750.0,2.661768184764165
331800.0,3.274397065323411
331850.0,3.670229136624024
331900.0,2.7078760135737
331950.0,3.4074623003968085
332000.0,3.0612897336561904
332050.0,3.7583515888057826
332100.0,3.0048101005307872
332150.0,3.394539430643198
332200.0,3.338036236039512
332250.0,3.124896214588636
332300.0,3.4578877134711012
332350.0,2.4157195175300767
332400.0,3.455482149399197
332450.0,3.90755804622899
332500.0,2.815774482173454
332550.0,2.9084315768267515
332600.0,3.2940076199033035
332650.0,2.560274742405554
332700.0,3.2460413230965552
332750.0,3.774094305065508
332800.0,3.400938115571295
332850.0,3.5949100178652427
332900.0,2.9777346440278283
332950.0,3.6721755520415074
333000.0,2.947353348388994
333050.0,3.0050761340477092
333100.0,3.8780023324493964
333150.0,3.4305401297356037
333200.0,2.9633090900130603
333250.0,3.448494376443833
333300.0,2.595628144495897
333350.0,3.16229260249438
333400.0,2.243452651026152
333450.0,2.537677773248906
333500.0,2.861504065625259
333550.0,1.9681733468529563
333600.0,2.8998071356503647
333650.0,3.1370490923920014
333700.0,2.8680831350852007
333750.0,2.9928073862247833
333800.0,2.7701963576866016
333850.0,2.8900171103901156
333900.0,3.3981316295552952
333950.0,3.753637405420215
334000.0,1.8862899454586046
334050.0,3.6785985529632788
334100.0,3.950973301598867
334150.0,3.624912895475597
334200.0,3.3072483230636855
334250.0,3.4396624217639316
334300.0,2.8821683308131525
334350.0,2.599501856117171
334400.0,3.8363626610164916
334450.0,3.0592476706614913
334500.0,3.512508331183782
334550.0,2.769402082897458
334600.0,2.5540939892662875
334650.0,2.362113732797089
334700.0,1.8926660575283858
334750.0,2.117071569129965
334800.0,1.6371900238951616
334850.0,3.543711255490136
334900.0,2.1992231898047123
334950.0,1.9739789671268673
335000.0,2.050024441457268
335050.0,2.6490154732148756
335100.0,2.658830857877872
335150.0,3.6539566696824197
335200.0,3.830170319358436
335250.0,2.8356807605925085
335300.0,2.316262309779343
335350.0,1.68294236330264
335400.0,1.4334895313066491
335450.0,3.0143947569536063
335500.0,1.5865643177255315
335550.0,1.3022257475545198
335600.0,1.540972180353958
335650.0,2.1921635013545826
335700.0,1.548513977444979
335750.0,1.162883699501809
335800.0,0.7424952404889172
335850.0,1.7480003031615234
335900.0,1.2298342572988044
335950.0,0.5504521623757921
336000.0,1.3480735574475626
336050.0,2.694919245552007
336100.0,1.8162301325940142
336150.0,1.503661580147422
336200.0,2.3845100414605414
336250.0,3.0682546379835074
336300.0,1.2036586986028956
336350.0,2.865480762245428
336400.0,2.8878002461823526
336450.0,2.796173234349941
336500.0,2.2862149083640206
336550.0,1.0427846425866567
336600.0,1.3243893027241627
336650.0,0.8740710365914385
336700.0,2.837266736636936
336750.0,4.280986055541678
336800.0,3.952934977218519
336850.0,4.779823725177785
336900.0,4.224039398966176
336950.0,3.745297580203396
337000.0,4.228036199007112
337050.0,4.033574842138213
337100.0,2.3374781486609177
337150.0,3.2548130812676357
337200.0,3.2182285639349892
337250.0,2.1929149970145745
337300.0,2.7022004876782266
337350.0,2.939878337190869
337400.0,2.53717902738826
337450.0,3.1638567824726502
337500.0,3.5420081392298677
337550.0,3.8242637410417917
337600.0,3.1881943866870244
337650.0,3.3306282811724115
337700.0,2.8011948695456694
337750.0,3.270840863021593
337800.0,3.8984476797234993
337850.0,3.1988277753524055
337900.0,3.0337112722303115
337950.0,2.9010999858576474
338000.0,2.6430465055250587
338050.0,3.396995562460354
338100.0,3.1763050690446253
338150.0,1.576606148555019
338200.0,1.4019205511511432
338250.0,3.5514878186123453
338300.0,4.074542485865119
338350.0,4.545571452895874
338400.0,2.4607729012519273
338450.0,2.3449708317924816
338500.0,3.7793940414725555
338550.0,3.3719138256053536
338600.0,3.114658548868875
338650.0,2.879528693741158
338700.0,2.17765889234001
338750.0,3.8045469814928086
338800.0,2.609020511809766
338850.0,3.940419839866213
338900.0,2.964873571165612
338950.0,4.351196151270213
339000.0,3.3750070185893373
339050.0,4.064640499421222
339100.0,3.7763707163586013
339150.0,3.0947193892477145
339200.0,3.0602934832510256
339250.0,2.5130268548939663
339300.0,2.1756126954538932
339350.0,4.528321642664162
339400.0,4.030953948376735
339450.0,3.5140961636758274
339500.0,3.972443359050221
339550.0,2.9541797275373356
339600.0,2.7301452123087038
339650.0,3.416795157002422
339700.0,3.426071050324023
339750.0,1.8825776719165932
339800.0,2.9008427004640867
339850.0,2.518630982577757
339900.0,3.525021943594039
339950.0,3.158417977391954
340000.0,3.17522776735067
340050.0,4.097866339795335
340100.0,3.8823319716549265
340150.0,3.8453852423114037
340200.0,3.2340216759620457
340250.0,3.0058911355202054
340300.0,3.9644153509362643
340350.0,3.1420236367009045
340400.0,2.874818234749201
340450.0,3.0688586660135018
340500.0,3.2466768579769534
340550.0,3.420610281949316
340600.0,3.538842353980351
340650.0,2.2738496458482587
340700.0,3.104611684505809
340750.0,3.493505272565247
340800.0,3.1316410391623024
340850.0,3.601951714333257
340900.0,3.5280994475383136
340950.0,3.6755712940731313
341000.0,2.7999643901325193
341050.0,2.471391714202895
341100.0,2.8064367706103504
341150.0,3.196917421482765
341200.0,2.4214408173111015
341250.0,2.703216191343486
341300.0,3.2235651701291963
341350.0,2.610972148755811
341400.0,2.564525952176005
341450.0,4.081295028183123
341500.0,3.934828508806289
341550.0,3.188178440553957
341600.0,3.7357052645095186
341650.0,4.1832282738968365
341700.0,2.9737699519480545
341750.0,3.370859374096569
341800.0,3.853364393736334
341850.0,3.8489739142145214
341900.0,3.689294048898078
341950.0,4.3034268365866115
342000.0,3.6139285307087756
342050.0,3.183754161988197
342100.0,3.1195700628025795
342150.0,3.669033201768269
342200.0,3.5500690576010565
342250.0,3.159063515787921
342300.0,4.119344512128919
342350.0,3.0525217106450455
342400.0,2.301604450047268
342450.0,3.964350008515755
342500.0,3.5714961377437033
342550.0,3.8274945746060376
342600.0,3.4938357966991105
342650.0,4.759725694207374
342700.0,3.4768189376173964
342750.0,3.5213298847360215
342800.0,2.7650848138385693
342850.0,3.217746895523719
342900.0,4.165777323750391
342950.0,3.6683740066705237
343000.0,3.678926877829341
343050.0,3.720724401601532
343100.0,3.2486744559668215
343150.0,3.903203169960817
343200.0,3.8733704900612347
343250.0,4.20611564106869
343300.0,3.6361773882154296
343350.0,3.6462304653509334
343400.0,3.3892421971502045
343450.0,4.099607779749038
343500.0,3.110014994307417
343550.0,3.184022062832793
343600.0,2.935388477105086
343650.0,3.4739897199903744
343700.0,3.730482133075628
343750.0,3.0939428650891903
343800.0,3.0094144587517433
343850.0,3.4191519322683477
343900.0,2.795958976219595
343950.0,2.896084564452039
344000.0,2.453694512424537
344050.0,2.3590022632268175
344100.0,3.328723729338571
344150.0,2.9053204032469813
344200.0,3.7470789538899694
344250.0,2.865904280077735
344300.0,3.028939442872561
344350.0,2.6961063714275815
344400.0,3.7160333375628007
344450.0,3.43540426705021
344500.0,2.677723630088595
344550.0,3.1042835415242824
344600.0,3.420829905156447
344650.0,2.808005695676552
344700.0,4.033325029564583
344750.0,3.5759913846343108
344800.0,3.115861221712103
344850.0,3.1730428898861214
344900.0,2.528912389943526
344950.0,3.001095188892418
345000.0,3.0526219709017255
345050.0,3.0642925423005467
345100.0,3.55018083998491
345150.0,3.0536032402786772
345200.0,3.972136805782801
345250.0,3.4185102129169986
345300.0,3.8136846972284815
345350.0,3.4906005272829552
345400.0,3.286670468414608
345450.0,3.4477234398610044
345500.0,3.1868020614990344
345550.0,3.3709793347708414
345600.0,4.053023872193013
345650.0,3.8935301512472207
345700.0,3.35095656172874
345750.0,3.5965085744123866
345800.0,3.3778392476275148
345850.0,3.0384845720985556
345900.0,2.77315389835925
345950.0,3.5451512473185356
346000.0,3.310119571893566
346050.0,3.5225124634573066
346100.0,4.141037956265127
346150.0,3.554120972633496
346200.0,3.5017879361854036
346250.0,1.575468548551588
346300.0,2.5235099254372684
346350.0,3.1280830797296546
346400.0,2.65301469330723
346450.0,3.113390822061417
346500.0,3.0549945487879566
346550.0,3.0736968872933215
346600.0,3.941877168504337
346650.0,3.3847020943122423
346700.0,2.2973190199902502
346750.0,2.862898164071666
346800.0,2.9370057440368713
346850.0,3.8082532051299482
346900.0,2.9175995792258753
346950.0,2.981760336138333
347000.0,3.8355155214424723
347050.0,3.3944996204729128
347100.0,3.284672253666561
347150.0,2.989259791791731
347200.0,3.352624996852056
347250.0,2.645051966491181
347300.0,3.1241649138172547
347350.0,3.037646667213651
347400.0,3.8193309649452964
347450.0,2.7685386510265686
347500.0,3.090904501477821
347550.0,3.1968212065192003
347600.0,3.1309544862399608
347650.0,3.8465141983760556
347700.0,3.7825397787401482
347750.0,3.081181550730272
347800.0,3.315827632833377
347850.0,3.0024303611866827
347900.0,2.9814920763369415
347950.0,2.662270938102403
348000.0,3.0844439661138634
348050.0,3.1583200455768465
348100.0,2.3872568644725267
348150.0,2.0212099058951307
348200.0,3.012871945545416
348250.0,3.1398239066940317
348300.0,2.734297827045019
348350.0,3.02966763528134
348400.0,3.0537508289632957
348450.0,3.5585537199342534
348500.0,2.2708766572129493
348550.0,1.942290974380473
348600.0,0.926821643130228
348650.0,0.9676250919072189
348700.0,0.8290919528118533
348750.0,1.880048702518032
348800.0,0.6665545244977763
348850.0,1.1285808895432883
348900.0,2.4531989147273325
348950.0,2.058586097606569
349000.0,1.5673488523599428
349050.0,2.761230212271055
349100.0,3.4053001305189134
349150.0,1.4099989708438094
349200.0,1.157147052270998
349250.0,1.618485666501428
349300.0,3.0134358887710753
349350.0,1.7805614074773821
349400.0,3.2259854011576303
349450.0,3.212595568712468
349500.0,3.3883031044895424
349550.0,2.4405082454761957
349600.0,1.7943766565283357
349650.0,2.1733817404479727
349700.0,1.0927458043773965
349750.0,2.6115285146632714
349800.0,2.5719055722783692
349850.0,0.9403743631680377
349900.0,1.766402794683114
349950.0,2.617266897700941
350000.0,3.4727490092384947
350050.0,2.5595664265198215
350100.0,1.1759234860129384
350150.0,1.1449425375697455
350200.0,2.433862006184873
350250.0,2.437394084489537
350300.0,2.095040019163457
350350.0,3.0521293421392484
350400.0,2.363656128592181
350450.0,0.7645870136397462
350500.0,3.039092044765532
350550.0,2.97122811508189
350600.0,2.6409992477085673
350650.0,3.2857401137505566
350700.0,3.182746695693449
350750.0,3.68941519923891
350800.0,3.362673635775868
350850.0,2.8649228677881124
350900.0,1.6059244078551183
350950.0,2.834252540511168
351000.0,3.571912189072685
351050.0,3.131595542254859
351100.0,2.984944997316863
351150.0,3.0402306419039817
351200.0,2.8154204601742867
351250.0,3.413234725170016
351300.0,2.8380780989161316
351350.0,1.7336056737961718
351400.0,4.18613692433802
351450.0,3.3717210308689807
351500.0,3.5416789492679106
351550.0,3.5418204274538536
351600.0,3.20787817494091
351650.0,3.8221721828482313
351700.0,2.972504505000785
351750.0,2.5602522570816983
351800.0,3.147231836755682
351850.0,2.6615971323797725
351900.0,3.6520839020239313
351950.0,3.3145427194010795
352000.0,3.6010258145637795
352050.0,2.991752889458926
352100.0,2.7592209874862976
352150.0,2.80579893488005
352200.0,2.5612089408031613
352250.0,2.5915422056094877
352300.0,2.8529785241706667
352350.0,3.3009687206396032
352400.0,2.9255086613707943
352450.0,2.3654782730649173
352500.0,3.7772436404247163
352550.0,2.9002399234884138
352600.0,4.18752670926706
352650.0,2.5236633255734775
352700.0,2.837498743805383
352750.0,3.163715121274952
352800.0,2.52922954303158
352850.0,2.912265903745988
352900.0,3.557412731962591
352950.0,3.799023416417138
353000.0,3.8802153557169605
353050.0,2.4314983580422727
353100.0,4.051344652541144
353150.0,1.4681584029299624
353200.0,3.133303148928685
353250.0,3.011260739534634
353300.0,1.9911041961230769
353350.0,3.899265236924365
353400.0,1.636732515046442
353450.0,0.22868840962189058
353500.0,0.8160883090694689
353550.0,1.6759427788628072
353600.0,1.934447554557037
353650.0,2.607312682649905
353700.0,1.213054514148807
353750.0,0.7935312102636237
353800.0,1.9840602420195175
353850.0,1.6309801667538875
353900.0,3.670135528808417
353950.0,1.4128338574182389
354000.0,2.531203009430271
354050.0,2.3847409032146256
354100.0,2.6451069691659383
354150.0,2.392090963803151
354200.0,3.841349504494019
354250.0,2.018141769950028
354300.0,1.8707464692885014
354350.0,2.685068197115275
354400.0,2.7302411642976074
354450.0,2.233244600433434
354500.0,2.5852070567235454
354550.0,2.0481432385763965
354600.0,2.837710020390239
354650.0,1.9501245359205865
354700.0,2.5859056638732545
354750.0,3.097239255615034
354800.0,2.174253782456308
354850.0,3.3064752681303746
354900.0,3.169444760096908
354950.0,2.177333459458204
355000.0,2.704164238681831
355050.0,3.306613589859285
355100.0,3.2073025416268606
355150.0,2.8610108004528363
355200.0,3.1030775508040724
355250.0,2.6896500693886463
355300.0,2.746436528443178
355350.0,3.529602925824956
355400.0,2.4536869865382123
355450.0,2.691076497512875
355500.0,3.1246927500346477
355550.0,2.2555224978586157
355600.0,3.2046183409222917
355650.0,2.4671848430609087
355700.0,2.2769732016673996
355750.0,2.358856064880295
355800.0,2.553621239765394
355850.0,3.2256949111712423
355900.0,3.1762536068636558
355950.0,2.76963643963049
356000.0,3.5915178504372105
356050.0,3.7736067120490624
356100.0,4.042819539821625
356150.0,3.677237555240265
356200.0,4.087600241644482
356250.0,2.537103018543037
356300.0,3.2609623514880774
356350.0,2.3291413476084495
356400.0,3.092069530583183
356450.0,1.8990727637713063
356500.0,3.388965130054881
356550.0,2.9243254571461783
356600.0,2.2147896949797397
356650.0,2.734629173456244
356700.0,3.8674777802997307
356750.0,2.6876944197485684
356800.0,3.6183145740901175
356850.0,1.8925128358905312
356900.0,3.0930409235200025
356950.0,2.830562984155379
357000.0,1.636028673146376
357050.0,3.2875068289712925
357100.0,2.8875743742152333
357150.0,2.403263657087436
357200.0,2.479957911231351
357250.0,2.5037777767858236
357300.0,1.94043647655407
357350.0,2.859459013032238
357400.0,2.885980480063897
357450.0,3.4012481095096434
357500.0,3.551817518877364
357550.0,3.823269152404018
357600.0,2.619177116872163
357650.0,3.172725670553799
357700.0,3.429198688300543
357750.0,2.242964246449102
357800.0,3.109310130057215
357850.0,2.5606435199488464
357900.0,2.5854412807546847
357950.0,3.280533976479386
358000.0,3.468151345883889
358050.0,2.7348861453083466
358100.0,2.17073854176192
358150.0,3.4659180668760734
358200.0,3.174220103683388
358250.0,2.9111152179463016
358300.0,3.683721239843301
358350.0,2.5451509897846387
358400.0,3.2244502288909844
358450.0,2.7264247530855337
358500.0,3.460242650344436
358550.0,3.276124368568899
358600.0,3.006424404239696
358650.0,2.848119624833863
358700.0,3.2069610970784206
358750.0,2.782569286386014
358800.0,3.283971577330355
358850.0,3.5668613269017384
358900.0,3.4591332601431404
358950.0,3.092086234392246
359000.0,3.2616860262254064
359050.0,3.111173141350555
359100.0,3.4095889405943995
359150.0,3.5208688513336655
359200.0,4.090306733438437
359250.0,3.9422183841089247
359300.0,2.6877668211108388
359350.0,3.2862405593907447
359400.0,3.34350108731546
359450.0,3.52495230395463
359500.0,3.5653575582048496
359550.0,2.7564636540769536
359600.0,3.0879417892920875
359650.0,2.618320360000808
359700.0,2.491365125019947
359750.0,1.8594077350762857
359800.0,2.219794607202551
359850.0,3.015686244532632
359900.0,2.536256705142586
359950.0,2.7194852072556244
360000.0,3.511737523417439
360050.0,3.1916612443076224
360100.0,4.3358603878297455
360150.0,3.699334103438007
360200.0,3.2661432042520446
360250.0,3.40813674362485
360300.0,3.023126898816718
360350.0,4.41952167011607
360400.0,3.4582359805018617
360450.0,3.1361444845252815
360500.0,3.703200983614587
360550.0,3.2566379004224437
360600.0,4.148423586447049
360650.0,3.477268017864777
360700.0,3.5131297420862206
360750.0,3.7097712435490338
360800.0,3.8680455116696293
360850.0,2.8814229221101186
360900.0,3.3510124776386325
360950.0,3.243209140623104
361000.0,2.5257481143262024
361050.0,3.2247471668621692
361100.0,2.990016303387896
361150.0,2.7518903714507963
361200.0,3.008569330519304
361250.0,2.415740164048727
361300.0,3.233712115992216
361350.0,2.4450943649064243
361400.0,2.8537320604801253
361450.0,3.278307804334379
361500.0,3.4396654613972433
361550.0,2.2203782049892227
361600.0,2.7535614278808485
361650.0,1.2846776226938772
361700.0,2.5243820914952484
361750.0,2.797730405053707
361800.0,3.1543463429824374
361850.0,3.6585545613375943
361900.0,3.204822299936641
361950.0,3.397259100211225
362000.0,2.545621375370625
362050.0,3.6391595792534113
362100.0,3.1000953984535973
362150.0,4.151192360065407
362200.0,3.8546838803448327
362250.0,3.5992496819082276
362300.0,3.971574295350058
362350.0,4.228392187146154
362400.0,3.05841281942798
362450.0,3.13716526194424
362500.0,3.1118289841306632
362550.0,2.624691761921909
362600.0,2.3572417359514954
362650.0,3.7434303304664387
362700.0,3.3384106172324226
362750.0,2.7071944925097635
362800.0,3.5494353807713885
362850.0,3.4253707653914813
362900.0,3.907132910770054
362950.0,3.4467785097638415
363000.0,2.9014648568376167
363050.0,2.663644692089856
363100.0,2.7347054080546305
363150.0,2.862023753970233
363200.0,3.0127860711152046
363250.0,4.184565043937677
363300.0,3.6491655523599267
363350.0,3.270199186930083
363400.0,3.523376725678724
363450.0,2.538285757410378
363500.0,2.293490012754363
363550.0,2.3256333188868448
363600.0,3.1089656216135046
363650.0,3.2844619760970177
363700.0,3.657006065408154
363750.0,3.2301882303431855
363800.0,3.4903286527274147
363850.0,3.587870065780455
363900.0,3.5051501754864884
363950.0,3.1823550475567877
364000.0,2.2886898654231973
364050.0,3.721852610742717
364100.0,3.645900652103098
364150.0,2.7495465934852015
364200.0,3.0467159709120217
364250.0,2.9643540196892686
364300.0,3.35650037574075
364350.0,3.218848970722488
364400.0,3.2182882718390635
364450.0,3.4343843541947714
364500.0,3.1268022522773613
364550.0,3.267385388723959
364600.0,3.4275669737486827
364650.0,3.1151410908868447
364700.0,2.969492862445185
364750.0,3.377540836385114
364800.0,3.005244048971763
364850.0,3.5790644662577784
364900.0,3.866314370341865
364950.0,3.948633680240443
365000.0,3.6026943085068077
365050.0,4.346156049085126
365100.0,3.2697093771549954
365150.0,3.8024716845628723
365200.0,3.7360537989846088
365250.0,3.3893249235685756
365300.0,3.3072638118117994
365350.0,3.0608163280832383
365400.0,3.294249533603446
365450.0,4.188493626653502
365500.0,4.101035956159234
365550.0,3.51215188600878
365600.0,3.9928429531645433
365650.0,3.6011235387065206
365700.0,4.004933068031188
365750.0,4.0473920104425805
365800.0,3.8125165551066713
365850.0,3.948279415448066
365900.0,3.313878658968326
365950.0,2.976253161734022
366000.0,3.273969609666278
366050.0,4.023346835300192
366100.0,3.9078621622481817
366150.0,3.8649821836950045
366200.0,3.8762080234912673
366250.0,4.1281199560283826
366300.0,2.6827741072331204
366350.0,3.0585427238756053
366400.0,3.0923281810155747
366450.0,2.817977286990601
366500.0,3.573092938305022
366550.0,2.4320746977047394
366600.0,2.030293350452792
366650.0,1.867134992076644
366700.0,1.883238250949437
366750.0,2.2149001956318997
366800.0,4.229727984404567
366850.0,3.6973942863456317
366900.0,2.724589160442469
366950.0,2.7715323154864233
367000.0,3.2464291136198344
367050.0,2.487504593288539
367100.0,3.031117563665786
367150.0,2.830512782036894
367200.0,1.733749536190963
367250.0,1.6089108497140807
367300.0,2.466756905978781
367350.0,2.6079303799619495
367400.0,3.6227203529653154
367450.0,3.443224879503115
367500.0,3.349070731113685
367550.0,2.1074389378962533
367600.0,2.4554632448307174
367650.0,1.9081659980822945
367700.0,3.229314837943068
367750.0,3.315446698917992
367800.0,3.077234639834694
367850.0,3.0065733608299476
367900.0,2.8118812687504615
367950.0,3.152867644478518
368000.0,2.2328853815467644
368050.0,2.8569353829106574
368100.0,2.673686836000474
368150.0,1.2353532318471183
368200.0,0.9503657454160546
368250.0,1.7355103547483008
368300.0,1.860964471309036
368350.0,1.0754536978092908
368400.0,3.759650366745568
368450.0,2.7309150447814923
368500.0,3.671809243512574
368550.0,3.626804911233992
368600.0,3.2935207124771044
368650.0,3.0774192818087895
368700.0,2.7950812956863187
368750.0,3.5748262666819284
368800.0,3.1943376554864495
368850.0,3.191519352348519
368900.0,3.23674412119984
368950.0,3.9118904780742167
369000.0,3.7056019179566086
369050.0,2.596942394873213
369100.0,2.4770307843012778
369150.0,3.184226374070069
369200.0,3.6716506900432027
369250.0,4.4728729744218585
369300.0,3.2943847637607786
369350.0,3.054926895302686
369400.0,2.8007125688970027
369450.0,3.5327320525400188
369500.0,2.654599565386272
369550.0,3.0259682313599257
369600.0,3.767823209208633
369650.0,3.377227160481369
369700.0,3.0356695607480337
369750.0,2.6500768018447727
369800.0,3.0947228850284536
369850.0,2.6501670652367593
369900.0,3.501584610945428
369950.0,3.0204743918454877
370000.0,2.359258154965175
370050.0,2.0778348489029774
370100.0,2.0896154241540703
370150.0,2.6979400592642975
370200.0,3.16502586367025
370250.0,2.880034937651346
370300.0,2.9930879086546573
370350.0,3.76599535750689
370400.0,3.9048817287238653
370450.0,3.74932020042916
370500.0,3.8157334992762633
370550.0,3.115411829297882
370600.0,2.1624483022604006
370650.0,3.088722340654611
370700.0,3.250694711008689
370750.0,4.185610321648884
370800.0,3.14936388841435
370850.0,2.952390833435476
370900.0,2.789375756003759
370950.0,3.0245334677913243
371000.0,3.576381292512711
371050.0,2.8394548371084785
371100.0,3.325069542640099
371150.0,3.077239809174062
371200.0,3.058314960761305
371250.0,3.3901943229886746
371300.0,2.826269178093551
371350.0,2.6557256916027003
371400.0,3.796232674581291
371450.0,3.9383335365277237
371500.0,3.2649817912863384
371550.0,3.0317817772137357
371600.0,3.375276525403737
371650.0,3.2163470114635224
371700.0,3.186061544975813
371750.0,3.117739139492908
371800.0,3.1108345781328666
371850.0,3.0645191984280267
371900.0,3.426687410444014
371950.0,3.728953028954239
372000.0,2.512946017481882
372050.0,2.447407991046988
372100.0,2.190454987944342
372150.0,2.339614614068686
372200.0,2.367634461081293
372250.0,2.988461017879378
372300.0,2.760617090985481
372350.0,3.0454404690928625
372400.0,2.7263693374906666
372450.0,2.5064330653003415
372500.0,3.0370715537298945
372550.0,2.954334282424472
372600.0,2.8298945646609734
372650.0,3.4455043119087607
372700.0,3.253934858821397
372750.0,3.5650222897480477
372800.0,3.175672954223914
372850.0,3.6935206936131775
372900.0,3.45566129017479
372950.0,3.7316598470747055
373000.0,3.8498581378161956
373050.0,2.9032730090459666
373100.0,3.688966999144696
373150.0,3.8521916686316247
373200.0,3.224979864015987
373250.0,3.1354264140018326
373300.0,4.1891879060867305
373350.0,3.7891006473606303
373400.0,3.6817640844725923
373450.0,3.5979004739509044
373500.0,3.14115780861264
373550.0,3.79444011956434
373600.0,2.0852321812135544
373650.0,3.4295326079131154
373700.0,3.1089848157414677
373750.0,2.7807353950317815
373800.0,3.6066875513115675
373850.0,4.318669219440156
373900.0,3.6077416543319525
373950.0,3.6944530882440363
374000.0,3.5352234985875954
374050.0,3.3409689894548826
374100.0,3.412844686351336
374150.0,3.156991454534245
374200.0,4.21172133569419
374250.0,4.591957410931345
374300.0,3.6710369031954304
374350.0,3.886142051676366
374400.0,2.8958946861656787
374450.0,3.4637586572514483
374500.0,3.532904304753868
374550.0,3.256071693740868
374600.0,3.9916673015265665
374650.0,3.1546481736515597
374700.0,3.619099872026381
374750.0,3.729084874209967
374800.0,4.009239792911022
374850.0,3.3224839402349984
374900.0,3.390337610230558
374950.0,4.222425432380081
375000.0,3.822801989947101
375050.0,4.206008850350299
375100.0,3.720540655083649
375150.0,3.925482886285805
375200.0,4.054393856404837
375250.0,4.159663804482607
375300.0,2.827172983221136
375350.0,3.2794222085590703
375400.0,3.70125589903317
375450.0,3.2865319879702692
375500.0,3.106523539429282
375550.0,3.701906783077898
375600.0,3.667190125530342
375650.0,3.7582553431764705
375700.0,3.909346793561848
375750.0,3.1132114841850917
375800.0,3.487962953967068
375850.0,4.088763159395271
375900.0,4.034945280518716
375950.0,3.3395329812497367
376000.0,4.275991152081777
376050.0,3.462746948691755
376100.0,3.1903263238460147
376150.0,3.5532645280310953
376200.0,3.3790245616987558
376250.0,1.9115183187026632
376300.0,4.087481535986648
376350.0,3.6422628725870663
376400.0,3.9329537956247935
376450.0,3.9948486024471404
376500.0,4.378818623682174
376550.0,2.442071049494674
376600.0,2.7027957333125765
376650.0,4.182390764253322
376700.0,3.337992283323894
376750.0,3.3238664013518395
376800.0,3.019467833668841
376850.0,2.188926985739257
376900.0,2.6687269403328298
376950.0,2.9749261645034952
377000.0,4.200071576194552
377050.0,2.7319019028158995
377100.0,2.835259072175332
377150.0,2.917563370755311
377200.0,2.213165812692931
377250.0,3.656842552650569
377300.0,3.264244381920633
377350.0,3.0533394443969444
377400.0,3.4777294021325864
377450.0,3.156408556415442
377500.0,4.424839376003314
377550.0,4.861468376029835
377600.0,3.0872328729067045
377650.0,3.0735462256833985
377700.0,3.9146126204087026
377750.0,3.6458911031526693
377800.0,3.1791320796807336
377850.0,3.330721537457674
377900.0,2.5846867030297958
377950.0,2.2055660056033126
378000.0,2.7561762906936393
378050.0,2.251714403557137
378100.0,3.540875016603617
378150.0,4.552515581537546
378200.0,4.794422776024901
378250.0,4.1608129543356425
378300.0,3.5110526542589007
378350.0,2.0072069445051883
378400.0,3.552756566472642
378450.0,3.704553170182207
378500.0,2.9489133585719998
378550.0,3.665966694786406
378600.0,3.2533979452756046
378650.0,3.213392662620351
378700.0,4.710762607208275
378750.0,2.932983375251859
378800.0,2.413230126151395
378850.0,3.8147468612906157
378900.0,2.1152272831486507
378950.0,2.6569531083476003
379000.0,3.4562123465146635
379050.0,3.383957533918174
379100.0,2.9289059931653316
379150.0,2.9465565250363865
379200.0,3.5584513512633915
379250.0,3.1244306131739568
379300.0,2.6548637892595597
379350.0,3.5378391235480557
379400.0,3.284031764489665
379450.0,4.003459235719642
379500.0,4.253304139840779
379550.0,3.2540549176383124
379600.0,3.6371552369648175
379650.0,3.127248499186913
379700.0,3.4238279400579796
379750.0,2.7957283012902265
379800.0,3.011540927798745
379850.0,3.4297806289855717
379900.0,3.274201889057243
379950.0,3.848959582165123
380000.0,3.544320724255225
380050.0,3.013717076784683
380100.0,3.71114641723344
380150.0,3.0063609088635084
380200.0,2.9713971945665847
380250.0,2.910531594923937
380300.0,3.265958521591777
380350.0,2.838414270129791
380400.0,2.865325500747556
380450.0,2.9287007734180124
380500.0,2.58785566780789
380550.0,2.6072392632711607
380600.0,2.1196685913511257
380650.0,2.4156562782235307
380700.0,3.1458374092435584
380750.0,3.439957297306039
380800.0,1.5898716290701147
380850.0,0.8558567969966457
380900.0,1.2817170714020114
380950.0,2.780307893242166
381000.0,3.3012141339693453
381050.0,2.56750725527295
381100.0,2.899586459436649
381150.0,2.561637774150413
381200.0,3.2455790045811193
381250.0,1.8524084458405516
381300.0,1.8519998568734608
381350.0,3.184225500012438
381400.0,3.8577314045152584
381450.0,2.27609054954548
381500.0,2.9412036964457213
381550.0,2.306253517211739
381600.0,2.4843099496458962
381650.0,1.6267732137275597
381700.0,2.2663620406828366
381750.0,2.515588335578191
381800.0,3.442061696682608
381850.0,2.64289306546937
381900.0,3.3598518938426722
381950.0,3.6540545232990858
382000.0,3.321955545681642
382050.0,2.3989380381623193
382100.0,3.4682113747294196
382150.0,4.171688918267102
382200.0,4.114181726058607
382250.0,2.8909143642160178
382300.0,2.649300718929196
382350.0,3.187758315689407
382400.0,3.8488810847910186
382450.0,3.7324687795517635
382500.0,3.176063598789171
382550.0,3.418798749225068
382600.0,2.5945495979049698
382650.0,2.84804930951067
382700.0,2.685683721518777
382750.0,3.86918728123904
382800.0,3.494634871949058
382850.0,3.5469016643599356
382900.0,3.378552723112131
382950.0,3.6216715204570233
383000.0,2.9554326497535524
383050.0,3.345022501741602
383100.0,4.039319027455889
383150.0,3.2752569600416415
383200.0,3.3161118441765716
383250.0,2.937615376518456
383300.0,2.831163303962604
383350.0,3.0308756408476754
383400.0,2.6690265163893314
383450.0,3.0193189118267987
383500.0,3.0145147238689316
383550.0,3.258866159990888
383600.0,3.558674118369452
383650.0,4.02300608389815
383700.0,3.5403087011569028
383750.0,3.864106347530283
383800.0,2.8950654881906774
383850.0,3.4425109938469185
383900.0,4.090611118846064
383950.0,3.9618915648630666
384000.0,3.673281046461575
384050.0,3.1088237645461816
384100.0,3.678598214904726
384150.0,3.8900105964115803
384200.0,3.3428419971378887
384250.0,3.469705205271562
384300.0,2.5312658534202837
384350.0,3.5395475264381764
384400.0,2.7061593585971737
384450.0,3.010163935764917
384500.0,3.1300628182963126
384550.0,3.2878892253055123
384600.0,2.2556786582192743
384650.0,3.249016831271613
384700.0,2.3797639688144523
384750.0,2.832064239032974
384800.0,2.103853427208518
384850.0,2.9883097854045504
384900.0,2.660074215191485
384950.0,2.858412469280193
385000.0,2.258247004178502
385050.0,2.6790465825433074
385100.0,3.3726849423174583
385150.0,3.5864349128241506
385200.0,2.896236863059979
385250.0,2.318207896412146
385300.0,3.3306757143455017
385350.0,3.6250548125274062
385400.0,2.728331374645017
385450.0,3.6758377689847794
385500.0,3.560758167929912
385550.0,3.643482767192855
385600.0,3.198890866236972
385650.0,3.192944781002692
385700.0,2.2614358779858375
385750.0,2.9769249195021947
385800.0,2.723340647147387
385850.0,3.8485040837066693
385900.0,1.8496211588913858
385950.0,2.239282212382846
386000.0,2.2054691817290504
386050.0,3.7801788186927263
386100.0,3.0299355609029446
386150.0,2.5904078353293007
386200.0,3.2311592407491854
386250.0,2.7443210594609875
386300.0,3.983589305959484
386350.0,2.5519809038955117
386400.0,2.42721814139377
386450.0,3.1649439291256227
386500.0,3.1320912803727086
386550.0,2.5964160685034052
386600.0,3.160647768677904
386650.0,2.882328066307741
386700.0,2.531085334153015
386750.0,3.068257180732068
386800.0,3.205825707875881
386850.0,3.135041341557255
386900.0,3.1116229262427675
386950.0,3.9290718741547854
387000.0,3.2874262371510934
387050.0,3.9796106265005577
387100.0,3.370906754936399
387150.0,2.9245354657525247
387200.0,3.2104962159756516
387250.0,3.244641316818108
387300.0,4.101436016653032
387350.0,3.7709696288296577
387400.0,2.621159924885513
387450.0,4.2613270196219215
387500.0,3.473340337484222
387550.0,2.5940523167264224
387600.0,3.108951720170284
387650.0,3.274034907827379
387700.0,3.416255402713359
387750.0,3.1158479333151297
387800.0,3.4653865207820744
387850.0,3.22286952277675
387900.0,3.591152187763576
387950.0,3.399688851435727
388000.0,3.5306931439256237
388050.0,3.666248204948513
388100.0,2.907798609271717
388150.0,3.377466970378768
388200.0,3.475916860695392
388250.0,4.344581091105418
388300.0,3.926801639006798
388350.0,2.695198124278039
388400.0,2.8937312960342174
388450.0,2.6422687018626285
388500.0,2.25426537163545
388550.0,2.407263545937313
388600.0,3.37065255975711
388650.0,3.543413639638733
388700.0,4.07284523004552
388750.0,2.5825941673260955
388800.0,2.3367285861285785
388850.0,3.446431627162474
388900.0,2.340103604886685
388950.0,1.5509326201360154
389000.0,1.4793870677460226
389050.0,2.548444662256713
389100.0,3.1671573266320836
389150.0,2.526775223442605
389200.0,2.6121647874361593
389250.0,2.9097236906017696
389300.0,2.6104601048949077
389350.0,2.3505545792164058
389400.0,3.7056962814648573
389450.0,3.6244899981390617
389500.0,3.8685022488902234
389550.0,3.2511194633397906
389600.0,3.1883661387437714
389650.0,3.959607779223256
389700.0,2.7203424002699372
389750.0,2.7342609518657075
389800.0,3.1905796378290856
389850.0,3.663685584542805
389900.0,3.2293154172357297
389950.0,2.0244933840258184
390000.0,2.0953487395553863
390050.0,1.6291738089626409
390100.0,1.6367324954695408
390150.0,1.6974660527948462
390200.0,1.7106148713145157
390250.0,2.6971253233434016
390300.0,3.752436218742582
390350.0,0.5566842444729032
390400.0,1.2654210966296728
390450.0,1.702288102514685
390500.0,3.6763140292862415
390550.0,3.2466697932088313
390600.0,2.360802109406295
390650.0,3.7775329321875994
390700.0,2.915904344727984
390750.0,3.1829077443419247
390800.0,3.2598338252139305
390850.0,3.18056606029297
390900.0,4.269492763797739
390950.0,3.185437418127433
391000.0,2.4799381506881355
391050.0,3.02669636324397
391100.0,3.5397428796411354
391150.0,3.9003942311926223
391200.0,3.4271391327956424
391250.0,3.0026141660970436
391300.0,2.790927350561534
391350.0,2.811654844813349
391400.0,4.512073269350881
391450.0,3.258507890509374
391500.0,3.300209249164284
391550.0,4.101196599380634
391600.0,2.8819621559874213
391650.0,3.221707996385315
391700.0,3.2159159910744037
391750.0,3.2194572360931586
391800.0,3.4150383098476875
391850.0,3.8402441523376454
391900.0,3.316037570150536
391950.0,3.364902662942046
392000.0,3.698133009562623
392050.0,3.434908460261522
392100.0,3.194871774891088
392150.0,3.125395306543821
392200.0,2.7218702550993985
392250.0,2.9543490394874303
392300.0,2.773748598865224
392350.0,2.799747510700088
392400.0,3.0631719388068683
392450.0,2.841512031474046
392500.0,2.952879770845566
392550.0,3.265206744675392
392600.0,3.362900806922424
392650.0,3.0852209828783783
392700.0,2.9603686123857034
392750.0,4.130132932581061
392800.0,3.88577776926304
392850.0,2.9102541898448817
392900.0,3.5097277004851963
392950.0,2.748542855148618
393000.0,3.715373726655767
393050.0,4.019268279788288
393100.0,3.074574082070376
393150.0,4.282395223484097
393200.0,3.872285789838293
393250.0,3.7731037984941747
393300.0,4.2298473920430935
393350.0,2.928836900479099
393400.0,3.732625935116753
393450.0,4.104650552170486
393500.0,2.8770300126597617
393550.0,3.2787497505583842
393600.0,3.3405079812824736
393650.0,2.6827027240567465
393700.0,2.631082902184079
393750.0,2.776505823082199
393800.0,3.3662707292336087
393850.0,3.8684472955919857
393900.0,4.082667492285923
393950.0,3.2473079459614316
394000.0,3.4151441069530057
394050.0,2.5570678286171837
394100.0,2.7829831815540054
394150.0,3.0689088851970645
394200.0,2.9190100546462983
394250.0,3.306675294235814
394300.0,3.409091102985139
394350.0,3.2189761321764334
394400.0,3.129537083337019
394450.0,3.07813249474662
394500.0,4.324197067614363
394550.0,3.7709023469874583
394600.0,3.8710337824917302
394650.0,3.8327147242674284
394700.0,2.6420823375489744
394750.0,2.7901462278736036
394800.0,3.3531065239919675
394850.0,3.8924791727263552
394900.0,4.2176995885610085
394950.0,4.124593544655273
395000.0,3.6948177712953094
395050.0,4.070597646642626
395100.0,3.890730902255136
395150.0,3.1510483983834283
395200.0,3.964720409105817
395250.0,3.9285370306639966
395300.0,2.953928702334094
395350.0,3.2467342243853845
395400.0,3.5810170464860938
395450.0,3.2023300509407933
395500.0,3.4768932620113095
395550.0,3.2975904113123575
395600.0,2.444501914874221
395650.0,3.3431698368685745
395700.0,3.2088124250259873
395750.0,3.23865631168735
395800.0,3.434033459392769
395850.0,3.4273027328015417
395900.0,4.396567553913435
395950.0,3.905918133950272
396000.0,3.8581336613914243
396050.0,3.008070457691549
396100.0,3.044255591797105
396150.0,3.0638199851857593
396200.0,3.3112364892973427
396250.0,3.229272601065631
396300.0,3.6077813293790437
396350.0,3.449028328997165
396400.0,3.081863411845518
396450.0,2.9489463031261955
396500.0,2.922207783104956
396550.0,3.677023384540686
396600.0,2.46158479335396
396650.0,3.5786324038151216
396700.0,3.7734104966412683
396750.0,3.282692805005001
396800.0,3.2686558770676717
396850.0,3.572965355717293
396900.0,4.288974857871205
396950.0,3.552755859099453
397000.0,3.2415558321992246
397050.0,4.360341449984207
397100.0,3.949317969823044
397150.0,4.097355581354604
397200.0,3.5467469122666193
397250.0,3.269205598608695
397300.0,3.8070572437576957
397350.0,3.5823620936751888
397400.0,2.7309676052063834
397450.0,3.956272704241835
397500.0,3.924142795139008
397550.0,4.208064764677757
397600.0,4.231001997434635
397650.0,4.224425538509513
397700.0,4.385542555756218
397750.0,3.6411399150556916
397800.0,4.033955886170299
397850.0,4.03288853721907
397900.0,4.025695368440664
397950.0,3.8965977106084404
398000.0,3.873877131846458
398050.0,4.508722607028127
398100.0,3.4749504584254223
398150.0,3.578897200216231
398200.0,4.173981614591964
398250.0,3.5561383993842917
398300.0,3.6611188422956165
398350.0,2.890746604289076
398400.0,3.283307502248323
398450.0,3.013072852410459
398500.0,3.2469232553659784
398550.0,3.0622404117184447
398600.0,3.9597319017117347
398650.0,3.5062226387374955
398700.0,3.787165284933124
398750.0,3.887595763178542
398800.0,3.982875803274231
398850.0,3.617925961085783
398900.0,3.429140466146694
398950.0,2.538914251694881
399000.0,3.31442491057165
399050.0,3.1582747402229687
399100.0,2.79372448036596
399150.0,2.4567053310060283
399200.0,3.31760561904422
399250.0,3.6946581769903655
399300.0,2.373903363966243
399350.0,2.4426643402205563
399400.0,2.613540013700904
399450.0,2.9881571573561385
399500.0,3.3757969427684036
399550.0,2.8770832826586297
399600.0,2.92912966721022
399650.0,2.7440625355916
399700.0,2.4879340699273294
399750.0,2.7928646806459314
399800.0,2.5805998041476226
399850.0,3.003345657932994
399900.0,3.9231843883074045
399950.0,3.2968169130036644
400000.0,3.0324079371591806
400050.0,2.967896278364727
400100.0,2.784186251801666
400150.0,2.86095996351751
400200.0,2.544350136041163
400250.0,3.26958368993955
400300.0,3.206149482445473
400350.0,2.9895499977196627
400400.0,2.9091726756494696
400450.0,3.365633332964448
400500.0,2.6934183947034005
400550.0,3.42458415293306
400600.0,2.8668437868753958
400650.0,3.215522600723786
400700.0,2.7586556010331087
400750.0,2.7391398902383908
400800.0,3.835868529804997
400850.0,3.1586824282657506
400900.0,3.5909033719929
400950.0,2.928290764974371
401000.0,3.3494639044585304
401050.0,2.9926746523319925
401100.0,2.0875577830475223
401150.0,2.636737401558233
401200.0,3.019832678702977
401250.0,3.381430186327231
401300.0,3.907835172117133
401350.0,3.658863697541846
401400.0,3.9645427918433476
401450.0,3.309530496638322
401500.0,3.79033139352917
401550.0,3.516945547132087
401600.0,3.3022526523575517
401650.0,3.0006806219512896
401700.0,3.8527120558864603
401750.0,3.9747829062335502
401800.0,3.9866408339852826
401850.0,3.6267881483417477
401900.0,2.6425350964261374
401950.0,3.5240035195353556
402000.0,2.681213975079211
402050.0,3.21748454721302
402100.0,3.2385471534015866
402150.0,3.6919634909284658
402200.0,3.466897452332631
402250.0,4.095618542731262
402300.0,2.6749405105977093
402350.0,3.7563417856005668
402400.0,3.207693492260409
402450.0,3.3813178379244415
402500.0,3.225293262016328
402550.0,3.5377661696965186
402600.0,3.2852692757086377
402650.0,3.84287469907842
402700.0,3.3604897428376685
402750.0,4.057844392895033
402800.0,3.6295577128202607
402850.0,3.1814128462646027
402900.0,3.5666889631660923
402950.0,3.6472195475284637
403000.0,2.4674275031458954
403050.0,3.1449796278806543
403100.0,3.3386498487474303
403150.0,3.0993858634784233
403200.0,3.5136980335443866
403250.0,3.5261469189662527
403300.0,2.746397272189465
403350.0,3.0144639047555186
403400.0,3.1819780207856203
403450.0,2.5878349828957563
403500.0,3.8214243054095247
403550.0,3.291517936445325
403600.0,3.3870620680951564
403650.0,3.7665092027114047
403700.0,2.7186934929292375
403750.0,3.318761410686645
403800.0,3.6994018483623443
403850.0,4.143633514196009
403900.0,2.86891943284611
403950.0,3.204293513997291
404000.0,3.038187826011354
404050.0,2.882603396891525
404100.0,3.046473524735323
404150.0,3.0414627395933818
404200.0,2.936390367632349
404250.0,4.081238319749669
404300.0,3.739968707116451
404350.0,4.2285347073081985
404400.0,4.528319461838623
404450.0,3.0244957440293727
404500.0,3.759056260600401
404550.0,3.5881316939834744
404600.0,3.3156328976336886
404650.0,3.488679580335405
404700.0,3.4799422476371276
404750.0,3.4229492927025547
404800.0,4.170201036104541
404850.0,2.8315531385280446
404900.0,3.69717069634085
404950.0,2.820726598652145
405000.0,3.3555618898093105
405050.0,2.417208801857283
405100.0,3.6893529722731726
405150.0,3.318806778996263
405200.0,3.194758486512637
405250.0,3.3426020732406414
405300.0,3.2951655358837644
405350.0,3.7209674758466718
405400.0,2.8265335204049196
405450.0,3.832508401585298
405500.0,3.5868334380024827
405550.0,2.737079160629537
405600.0,3.0824004234778974
405650.0,3.5116079311148938
405700.0,3.437339339735404
405750.0,3.883941511305204
405800.0,3.3259242026505293
405850.0,3.8205913733095045
405900.0,3.093961415106768
405950.0,3.757138321476318
406000.0,3.3759283549436288
406050.0,3.480027552974939
406100.0,3.869596525550928
406150.0,2.6991450214981523
406200.0,2.9306293772435867
406250.0,3.40108995986154
406300.0,2.9635774541794793
406350.0,2.916488355439957
406400.0,3.826461216891452
406450.0,3.1447916681811243
406500.0,3.6913445497532766
406550.0,3.4615910540008614
406600.0,3.157937462746464
406650.0,3.631927930781794
406700.0,3.6920714174257365
406750.0,3.453635729172386
406800.0,3.6096263964808863
406850.0,3.221224768730526
406900.0,2.781904168378563
406950.0,1.7937982694522197
407000.0,2.8440307843473605
407050.0,3.6726135423353172
407100.0,3.091827499553956
407150.0,3.4107623369625135
407200.0,1.944886723944314
407250.0,2.7321422402043125
407300.0,2.64480232871256
407350.0,3.1197103830613
407400.0,3.340253197674435
407450.0,3.4419328781787653
407500.0,2.9282731461003744
407550.0,3.073468568634431
407600.0,2.67533300363201
407650.0,3.128380763072647
407700.0,3.551226257873786
407750.0,3.1614401951756914
407800.0,3.4997543767629824
407850.0,3.3918253892026633
407900.0,3.4893715851831835
407950.0,4.625719585794951
408000.0,3.263677509728267
408050.0,3.8197090877038047
408100.0,3.8529737668647654
408150.0,2.66587458190365
408200.0,3.059689727213435
408250.0,2.9864046221453813
408300.0,3.337272842282995
408350.0,2.8560275295474824
408400.0,3.526274923719896
408450.0,3.5885451775247006
408500.0,3.3093487327650863
408550.0,2.9043074489212066
408600.0,3.188744604693582
408650.0,3.2689574144579434
408700.0,3.4987575823992425
408750.0,3.8629913906373035
408800.0,3.5612793460296586
408850.0,3.855322991881914
408900.0,3.415636263511517
408950.0,3.330716726717291
409000.0,3.480720525231645
409050.0,3.875849053673136
409100.0,3.2560829243384766
409150.0,3.489197772498356
409200.0,3.4558514631467405
409250.0,3.077805462079828
409300.0,3.5169980079370844
409350.0,2.701664182027993
409400.0,2.6204181622896647
409450.0,2.9978982658631774
409500.0,4.1156512188073995
409550.0,3.3193047206853876
409600.0,3.530024158088666
409650.0,3.6112013447969358
409700.0,3.676670309597114
409750.0,2.9902641598225306
409800.0,3.1374006925298596
409850.0,3.2075204041390912
409900.0,1.7410595625385734
409950.0,2.7478532758767025
410000.0,0.9425994658914966
410050.0,1.6563181949086163
410100.0,1.308506711202777
410150.0,1.938577670148625
410200.0,2.4381129900860086
410250.0,3.0131196264770197
410300.0,3.4197761359857917
410350.0,3.4639417679912663
410400.0,3.25345611570424
410450.0,4.359025702502254
410500.0,4.495793094116413
410550.0,3.5082321614402536
410600.0,4.189330453478537
410650.0,2.6038580203203505
410700.0,3.6069535933075674
410750.0,2.518728442837407
410800.0,3.38206396706285
410850.0,4.7405596271565615
410900.0,4.208859816530527
410950.0,4.348345103157236
411000.0,3.820716753124193
411050.0,3.8120457825318277
411100.0,4.219205252131352
411150.0,4.880575722677753
411200.0,3.894276823748511
411250.0,4.305646111787985
411300.0,4.957929950179489
411350.0,4.808668464146294
411400.0,4.699297714034899
411450.0,4.665501749710646
411500.0,4.2781996104371425
411550.0,3.870259222373576
411600.0,4.280992641674136
411650.0,4.959129387837271
411700.0,4.541297368949777
411750.0,3.8091164180661767
411800.0,4.267851764328686
411850.0,4.21362151858719
411900.0,2.7622080222132475
411950.0,4.580181854840714
412000.0,3.2954511680365397
412050.0,3.2294581173125523
412100.0,3.58101644994082
412150.0,3.9176147969957786
412200.0,4.067090365578574
412250.0,3.9453392650728056
412300.0,4.684249965111522
412350.0,4.625407681040966
412400.0,4.293774746976838
412450.0,4.842871290953868
412500.0,4.211614880222006
412550.0,3.5651229379308877
412600.0,4.277708059544599
412650.0,3.831501110120002
412700.0,3.8285603092759577
412750.0,5.175926276862459
412800.0,4.208407850238762
412850.0,4.00235927928243
412900.0,4.262204194397443
412950.0,4.652548323458759
413000.0,4.199523169199429
413050.0,4.610097543676451
413100.0,4.189751540220048
413150.0,4.431488606778355
413200.0,1.463522024539862
413250.0,0.8190792497133947
413300.0,1.0738227054166725
413350.0,2.615681254415038
413400.0,2.986468051312753
413450.0,4.106625511254296
413500.0,4.834023846434676
413550.0,3.95951887965103
413600.0,3.977370753753289
413650.0,3.976454259339796
413700.0,3.623849853322313
413750.0,4.056734879820448
413800.0,3.91198291733198
413850.0,3.485440700695863
413900.0,3.0393735727166
413950.0,3.423113157132662
414000.0,3.8741480638769183
414050.0,3.5036103283983304
414100.0,3.6072977928581986
414150.0,3.8096296760268675
414200.0,4.269719890190786
414250.0,3.4577447895348374
414300.0,3.1074278563944424
414350.0,4.430124315711225
414400.0,3.9715372586740623
414450.0,3.4268777027817343
414500.0,3.674358641424335
414550.0,3.5569048304253483
414600.0,4.22964365258869
414650.0,3.6563760553541895
414700.0,2.7268466704776175
414750.0,2.8821159171771797
414800.0,3.9615777839417645
414850.0,3.1046737298043534
414900.0,2.875218247069465
414950.0,4.026222021514451
415000.0,3.151505281730991
415050.0,3.140905752091322
415100.0,2.772830831540181
415150.0,3.056616987231841
415200.0,2.3733701046643048
415250.0,3.873579485017237
415300.0,4.054476299595848
415350.0,3.4539348770171645
415400.0,3.5440893964871747
415450.0,3.6546677282126665
415500.0,3.916129695975006
415550.0,3.776091531150392
415600.0,4.752786423486631
415650.0,3.6666742241090864
415700.0,3.3545476639851026
415750.0,4.010493942630308
415800.0,3.1363844982670464
415850.0,4.265268293667496
415900.0,3.942093027387738
415950.0,3.5291481485891163
416000.0,2.598477299759499
416050.0,2.4653935376452334
416100.0,3.3110821552949057
416150.0,3.725949563065002
416200.0,3.9223807349498543
416250.0,4.653826291518605
416300.0,4.176166266455352
416350.0,4.739163216560639
416400.0,4.952599738332426
416450.0,4.618288965489857
416500.0,4.87348794252881
416550.0,4.428114681300868
416600.0,4.276360722518298
416650.0,3.9624474358748127
416700.0,3.4478704887237854
416750.0,2.4858402690611388
416800.0,2.719519660280426
416850.0,3.100145316391685
416900.0,2.898449461950155
416950.0,3.1686071562246187
417000.0,2.892280393820584
417050.0,3.1445973920677135
417100.0,3.6229579815600705
417150.0,2.2087523433185217
417200.0,3.283080109053692
417250.0,4.227873672765421
417300.0,4.568947968042098
417350.0,3.8393371184767497
417400.0,3.748301627939989
417450.0,2.97053882476472
417500.0,3.871392798743015
417550.0,4.209131159710209
417600.0,3.4356936820205126
417650.0,3.272548226283972
417700.0,3.4456160363596826
417750.0,3.7298500648726094
417800.0,3.3513284587440575
417850.0,3.7009456197355157
417900.0,3.8663421527190214
417950.0,4.04584973325914
418000.0,3.5796776977047826
418050.0,3.555682725558398
418100.0,3.1126362725942482
418150.0,4.127483124912432
418200.0,4.1340913309757905
418250.0,3.5218314699150812
418300.0,4.052027963289411
418350.0,3.1235366730172474
418400.0,3.784675770107168
418450.0,3.9784189831674155
418500.0,3.9052503908516405
418550.0,3.588786823723008
418600.0,4.188794698407036
418650.0,3.9883451777010044
418700.0,3.902677992208623
418750.0,4.67911162364917
418800.0,3.0717740021111366
418850.0,4.3900084170073495
418900.0,3.6296810142449623
418950.0,4.499709022780433
419000.0,3.2997132577927526
419050.0,3.400131514308758
419100.0,2.4814459566319105
419150.0,1.6917144223501388
419200.0,1.1414868947768766
419250.0,3.0767213571811665
419300.0,1.8845945032458056
419350.0,2.511949088513881
419400.0,1.661864792713209
419450.0,3.180656842230558
419500.0,3.511773840302117
419550.0,3.4914323415393467
419600.0,2.93170236808697
419650.0,3.5064199208084017
419700.0,3.209750030389714
419750.0,3.0386488381365107
419800.0,3.5659492570731746
419850.0,3.2699531990538055
419900.0,1.8149906824485587
419950.0,3.8191747710762605
420000.0,2.678451190184056
420050.0,3.8331442115471246
420100.0,2.997930437479341
420150.0,3.1560216989922654
420200.0,3.5909021596713413
420250.0,3.9502107858603916
420300.0,3.159778641789348
420350.0,3.8930292811265206
420400.0,3.3110283269070533
420450.0,3.1773398235804455
420500.0,3.7685388310707486
420550.0,3.6543404815189766
420600.0,4.516128488233343
420650.0,4.017921399263727
420700.0,4.137121146477884
420750.0,4.480446597052109
420800.0,3.3014072691336307
420850.0,2.99167085537003
420900.0,2.930033003068264
420950.0,3.986900543025391
421000.0,3.587588888207925
421050.0,4.320151168159888
421100.0,3.316713629108754
421150.0,3.0033807580434737
421200.0,3.408957574989268
421250.0,3.0767149669442686
421300.0,4.001777272402592
421350.0,2.1452059197500595
421400.0,3.3327025078564927
421450.0,2.1041124661153328
421500.0,3.542881514225432
421550.0,3.7049372930575117
421600.0,3.8767225565163272
421650.0,3.8506343784629644
421700.0,3.587715315792885
421750.0,3.2268996437833413
421800.0,2.555346372536589
421850.0,4.4095786885204316
421900.0,3.358285859056506
421950.0,3.805220717900787
422000.0,3.5739881670919913
422050.0,3.3794806023809847
422100.0,3.215258504822242
422150.0,2.8109228922389105
422200.0,4.759756233323008
422250.0,2.4145183056033903
422300.0,2.580962883531253
422350.0,1.9074046275922385
422400.0,3.0097201042991455
422450.0,3.0056572290331323
422500.0,2.913001691976673
422550.0,3.815610666261781
422600.0,3.040130998905834
422650.0,3.5354489994486067
422700.0,2.9315872179364786
422750.0,3.9027906041119462
422800.0,4.225886627527166
422850.0,3.32646856519664
422900.0,3.0170347386968377
422950.0,3.5827037468555902
423000.0,3.2709929780225373
423050.0,3.3067351692096167
423100.0,3.865811951147003
423150.0,3.66806412906933
423200.0,3.8015803389873204
423250.0,3.896226722375925
423300.0,3.696726943391938
423350.0,3.455603467518569
423400.0,2.705436420320457
423450.0,3.264564715548269
423500.0,2.7338430001456673
423550.0,3.685117239057782
423600.0,3.303951653268536
423650.0,4.113158668348721
423700.0,3.4635507553480847
423750.0,3.6456673872237064
423800.0,3.923379185839776
423850.0,3.6829973093029866
423900.0,3.201339107712165
423950.0,2.8795464211540844
424000.0,2.57924194081589
424050.0,2.9923538164722077
424100.0,2.8399651533338717
424150.0,2.815192203235052
424200.0,2.9330355348671464
424250.0,3.286609095090053
424300.0,3.7303754303610566
424350.0,3.192711513992658
424400.0,3.9118407733563445
424450.0,4.9139972648851975
424500.0,2.4695536197017245
424550.0,3.8158356181664117
424600.0,2.5409650660357856
424650.0,2.8341123544344846
424700.0,3.496111475165611
424750.0,3.6407929250635465
424800.0,3.015458163597908
424850.0,3.0589677872361403
424900.0,2.5239838151873926
424950.0,3.8724779185304867
425000.0,3.212439768902873
425050.0,3.2073199883396364
425100.0,3.1311667654671624
425150.0,3.063904476562292
425200.0,4.5179732932222425
425250.0,2.7833811094462813
425300.0,4.099959348156063
425350.0,3.6220035875838583
425400.0,2.448467805044528
425450.0,3.504122643475868
425500.0,3.411065773526587
425550.0,3.354651739523106
425600.0,3.47046349983815
425650.0,4.578305221230724
425700.0,4.323266280185951
425750.0,3.902344882383087
425800.0,2.7845656155215903
425850.0,3.450301750814923
425900.0,3.008888244624566
425950.0,3.8763399617471546
426000.0,3.543033898081654
426050.0,2.848335531234318
426100.0,3.616530263508068
426150.0,3.6131696621297995
426200.0,3.7082602776993134
426250.0,3.7109837776807466
426300.0,3.623365609298111
426350.0,4.297477306159138
426400.0,3.7762535384626794
426450.0,3.4949379985634303
426500.0,2.9287696760266515
426550.0,2.8300899418544976
426600.0,3.1425589214422396
426650.0,3.1862496154489364
426700.0,3.7163125698555612
426750.0,3.6467278503229092
426800.0,4.137944884019773
426850.0,4.194664865049926
426900.0,3.4978561231003047
426950.0,3.6545994843145126
427000.0,3.2722791385470265
427050.0,2.586618135856967
427100.0,2.863055373515035
427150.0,2.6847151996330996
427200.0,3.134738972826518
427250.0,3.2598464194792403
427300.0,3.7573399114887667
427350.0,3.055956670688267
427400.0,2.8775459138836417
427450.0,4.028522701168594
427500.0,3.279799674828172
427550.0,3.2303860139070264
427600.0,2.9705371137275742
427650.0,3.654736853442418
427700.0,4.124122894441771
427750.0,4.936090834317623
427800.0,4.2699285117974215
427850.0,3.6805438460831343
427900.0,3.5307921500411212
427950.0,3.7981210307580913
428000.0,4.360423839163241
428050.0,2.520198556261768
428100.0,3.4284079831368337
428150.0,2.651374486930855
428200.0,2.8035677093045086
428250.0,2.453998180092781
428300.0,3.176382018153244
428350.0,2.361714720997028
428400.0,3.137000039936622
428450.0,2.1681540095478438
428500.0,3.0823027857912444
428550.0,3.9103581994777517
428600.0,3.333736095308576
428650.0,2.70445763924134
428700.0,3.4630324363864493
428750.0,3.431411278007137
428800.0,2.859735634071153
428850.0,2.627716644970541
428900.0,3.335221236868067
428950.0,4.000048643208437
429000.0,4.5609876791118875
429050.0,3.9526957983283424
429100.0,3.1560248633791677
429150.0,3.4324443873240136
429200.0,3.8026933124080062
429250.0,3.7558598040199924
429300.0,3.2187875960228203
429350.0,3.3961302530706883
429400.0,3.230861436050825
429450.0,4.184385271399199
429500.0,3.2817804807513005
429550.0,3.1231555127947637
429600.0,2.689625859681738
429650.0,2.8420036909343613
429700.0,3.434080860377034
429750.0,3.868045045394629
429800.0,4.0449696448956
429850.0,2.2972583684371113
429900.0,2.9607728140052956
429950.0,2.6494093372854044
430000.0,2.5808704782595124
430050.0,3.8794813780917714
430100.0,4.112966246545492
430150.0,0.495374025841477
430200.0,0.6565015352566425
430250.0,2.442662100751391
430300.0,2.3672096385399946
430350.0,3.222093627500944
430400.0,2.7013509939294114
430450.0,2.9963486094964273
430500.0,3.8530715421452912
430550.0,3.798168124704733
430600.0,3.8555687542498087
430650.0,3.8070464781753053
430700.0,4.047334460529903
430750.0,3.995698459191843
430800.0,4.057545656149257
430850.0,3.609029259180612
430900.0,3.62851340295306
430950.0,3.7498526680058397
431000.0,3.2011548414215136
431050.0,4.2353404198146
431100.0,2.8916568412849806
431150.0,3.4612274572582047
431200.0,3.659975166447325
431250.0,3.6726592879199784
431300.0,4.22964534057624
431350.0,3.9024456814657293
431400.0,3.7383795923289767
431450.0,4.131644812671345
431500.0,3.1698732782815737
431550.0,2.947031566876233
431600.0,2.71068065527632
431650.0,3.596958080244267
431700.0,4.229240585590994
431750.0,3.9590476430319086
431800.0,3.522766089371245
431850.0,3.9718270451926174
431900.0,3.9394045710022882
431950.0,3.172408775906325
432000.0,3.5580030648302436
432050.0,4.002099275946411
432100.0,4.204356811178482
432150.0,2.9974175881735694
432200.0,3.3897802780204307
432250.0,3.3930231312608923
432300.0,3.007625595354908
432350.0,3.139947327585861
432400.0,3.2355023242151204
432450.0,3.948329693296307
432500.0,4.224095683994832
432550.0,3.6076145852368726
432600.0,3.221319000018951
432650.0,3.4090608689659225
432700.0,3.881058097580321
432750.0,3.687531947940086
432800.0,4.5378175075621385
432850.0,4.4789817616862795
432900.0,4.887351366680371
432950.0,3.8689638703530784
433000.0,4.034422320646904
433050.0,3.9927056078932095
433100.0,3.7632686919222174
433150.0,3.5119205761030434
433200.0,4.251207646672368
433250.0,3.9256497401045634
433300.0,3.831380915294011
433350.0,4.090231500245095
433400.0,4.6262871051394665
433450.0,3.566592168114417
433500.0,3.799183400004127
433550.0,4.123410753426252
433600.0,3.932710575743422
433650.0,5.01459034852584
433700.0,4.241613141298845
433750.0,4.15907407579791
433800.0,4.131753861489756
433850.0,4.181159425404226
433900.0,3.2483388877717725
433950.0,2.38581140499062
434000.0,3.4189720023205568
434050.0,3.1310232801797278
434100.0,3.048031209412341
434150.0,3.853494621477908
434200.0,4.166076113750594
434250.0,3.600402278893648
434300.0,3.5364477777242
434350.0,3.216674297060921
434400.0,3.4422926697051484
434450.0,3.4803424886011256
434500.0,3.088606546514862
434550.0,3.074946747110636
434600.0,3.4467349919174475
434650.0,3.7004598964808584
434700.0,3.632764365026916
434750.0,4.337120572344024
434800.0,3.194697447115749
434850.0,3.8972428534188728
434900.0,3.9907900899437854
434950.0,4.188947753612803
435000.0,4.020412581800135
435050.0,3.561807168196534
435100.0,3.997671110829538
435150.0,4.697370527026105
435200.0,5.029564876963136
435250.0,4.5965529282329145
435300.0,4.4361356703447905
435350.0,4.7237052323835655
435400.0,4.365645911113094
435450.0,4.18097846374882
435500.0,4.128085077551169
435550.0,3.6868142987498373
435600.0,3.3519580350152474
435650.0,3.0566638537576925
435700.0,4.138660063324225
435750.0,4.279499308456386
435800.0,3.433410864196087
435850.0,2.9678801758280886
435900.0,2.9015495543426044
435950.0,2.8977401657601294
436000.0,2.9962142230545723
436050.0,3.4204963881604664
436100.0,3.719975309394691
436150.0,4.084285184409208
436200.0,3.0322247989682354
436250.0,3.938642062180827
436300.0,3.470030658603189
436350.0,2.7796045595718137
436400.0,3.1416248277422834
436450.0,2.6326026802316442
436500.0,3.014069199250572
436550.0,3.2125978086578546
436600.0,3.6928290297119073
436650.0,3.5857239238948333
436700.0,3.807226360709555
436750.0,3.565629726185425
436800.0,3.7560054606310502
436850.0,3.6680466353957226
436900.0,3.3119910064682005
436950.0,4.115345385167329
437000.0,3.4699287798670633
437050.0,4.265898675546175
437100.0,3.59746705189721
437150.0,3.4034976059055335
437200.0,2.9418678386398436
437250.0,3.9199329105844383
437300.0,3.763055848495324
437350.0,3.4373236167463688
437400.0,4.294996287444759
437450.0,3.1170944500761504
437500.0,3.724875029449638
437550.0,3.1715754871357618
437600.0,3.5459428036650826
437650.0,3.725238282233441
437700.0,4.207548068454503
437750.0,3.7389971958431727
437800.0,3.5670866701059216
437850.0,3.8620952615899617
437900.0,3.5705850723403034
437950.0,3.0954597084981654
438000.0,3.7624685345254094
438050.0,3.444606591788418
438100.0,3.7237180071200635
438150.0,4.074872016259083
438200.0,4.298242088634762
438250.0,3.6427680048587185
438300.0,4.335064532760145
438350.0,4.1284727602567255
438400.0,3.596344729899669
438450.0,3.4937170002497253
438500.0,4.351470572768218
438550.0,4.6923860924498015
438600.0,4.244299134900853
438650.0,3.431108938519913
438700.0,3.0800815913342423
438750.0,4.011210357957205
438800.0,3.5967508157606622
438850.0,2.9686662647581312
438900.0,3.7193940204390463
438950.0,2.88748840171344
439000.0,2.903255945249962
439050.0,2.3621363723615088
439100.0,3.3488181864501825
439150.0,2.539721221652876
439200.0,3.206754971547024
439250.0,3.6072991895998774
439300.0,4.108598687970062
439350.0,3.576655929663356
439400.0,2.1085495549342825
439450.0,2.3568372404495572
439500.0,3.7155207182567844
439550.0,3.591406774714364
439600.0,3.0602782423410253
439650.0,3.407195032238122
439700.0,4.08412859397224
439750.0,3.3949065412174435
439800.0,3.211199423340717
439850.0,3.905753546188333
439900.0,3.4780580872795475
439950.0,3.344399333677877
440000.0,3.2917762794007612
440050.0,4.660758148867821
440100.0,3.917511320508249
440150.0,3.871164724458494
440200.0,3.9120990514115497
440250.0,3.9205373255689526
440300.0,3.9204705325796505
440350.0,3.9214926583114296
440400.0,2.9163330395963336
440450.0,3.2363841713064403
440500.0,2.9486436323616543
440550.0,3.5941454342627592
440600.0,3.8432275408736087
440650.0,3.3501927512273655
440700.0,3.4082722857488292
440750.0,2.5670220900776175
440800.0,3.3702974839089164
440850.0,4.383488258403188
440900.0,4.05936927294416
440950.0,3.0986779382851886
441000.0,4.086674154216936
441050.0,3.7963781455398657
441100.0,3.01439843194325
441150.0,4.692943706561622
441200.0,3.6471450254400337
441250.0,3.2524152275912983
441300.0,4.068195176416459
441350.0,3.4104967197525515
441400.0,3.2423593271565276
441450.0,3.1541362962246557
441500.0,3.2320529458132095
441550.0,3.8352161896682597
441600.0,4.901491060995233
441650.0,4.592980948461784
441700.0,5.005307839425567
441750.0,4.51732369953723
441800.0,4.624577681114055
441850.0,3.703334763399859
441900.0,3.4918616921926855
441950.0,3.888301396923362
442000.0,3.525798954024433
442050.0,3.625066082795568
442100.0,4.044131683214143
442150.0,3.2493246490721654
442200.0,3.8632370775317275
442250.0,3.564224532483908
442300.0,3.4528765164494044
442350.0,3.662420747599946
442400.0,3.3029375565845025
442450.0,3.100258426846698
442500.0,3.3980284344341922
442550.0,2.6575565301298663
442600.0,3.074751511874498
442650.0,2.672172813840076
442700.0,2.929436470498819
442750.0,0.9236839673663003
442800.0,0.7895553940945721
442850.0,1.3949189116837668
442900.0,0.5838638776419037
442950.0,0.7397945675855067
443000.0,1.0450341207304252
443050.0,3.2391024563785322
443100.0,2.751957530830956
443150.0,2.1445032237206414
443200.0,1.6947257679352938
443250.0,2.571712226325196
443300.0,2.581432124259166
443350.0,3.0170680672317545
443400.0,2.421631355563826
443450.0,2.8588304014135986
443500.0,2.8575169071731135
443550.0,2.8246750139396752
443600.0,3.4494331752282923
443650.0,3.0281001857420646
443700.0,2.994945957931733
443750.0,4.078788893971754
443800.0,3.6096751477501585
443850.0,3.2786260648808128
443900.0,3.053029085973282
443950.0,3.9016032526001725
444000.0,2.828746279631627
444050.0,3.914689199457728
444100.0,4.14900079303132
444150.0,3.3534425989481096
444200.0,3.5616534814428564
444250.0,3.4523330694548933
444300.0,4.087244298377686
444350.0,4.3283246893808895
444400.0,3.494538278279445
444450.0,3.7448751814380086
444500.0,3.3149498035027496
444550.0,3.645899105671945
444600.0,3.3566215169164497
444650.0,3.739649070151802
444700.0,2.8234356598288746
444750.0,3.3080002336327343
444800.0,2.9191234872195295
444850.0,3.744834959830987
444900.0,3.5341287664350167
444950.0,2.8777187229260903
445000.0,2.736728439224392
445050.0,2.476792380775916
445100.0,3.822746370113599
445150.0,3.552044401979214
445200.0,4.290231111790182
445250.0,3.4808007662946623
445300.0,2.6621204695308474
445350.0,1.9979195821885025
445400.0,2.6300726273566895
445450.0,2.2231038790378244
445500.0,2.471395162471659
445550.0,1.5790177114231252
445600.0,1.365939733071611
445650.0,3.0907092537851115
445700.0,1.2399166854557582
445750.0,1.399066934569025
445800.0,3.163352470489463
445850.0,4.149229664833012
445900.0,3.179271561790311
445950.0,4.544640747580701
446000.0,2.0814879252715937
446050.0,2.438544675474688
446100.0,2.2873775275201664
446150.0,2.736565232189828
446200.0,2.103161372655394
446250.0,1.6929566986266773
446300.0,0.7123149945165764
446350.0,4.204980825776543
446400.0,2.2772960959379596
446450.0,3.2570778304640395
446500.0,2.857792867771548
446550.0,2.4813093297695796
446600.0,2.8084698142861244
446650.0,3.8758981408633137
446700.0,3.894110142103789
446750.0,3.099884040881481
446800.0,2.4715926005266686
446850.0,1.2521145250144032
446900.0,3.510927119391711
446950.0,4.065535390966126
447000.0,3.868393756004231
447050.0,1.2328002081264486
447100.0,2.519304716684856
447150.0,2.996415601603083
447200.0,1.1437157397757882
447250.0,0.5565067273451619
447300.0,1.0472803232477672
447350.0,1.1415733482927688
447400.0,2.575826769795171
447450.0,0.8319217339388726
447500.0,2.150931085582835
447550.0,1.2268236945734525
447600.0,2.9593537068425375
447650.0,2.7303660036376853
447700.0,2.138640472092844
447750.0,1.66363823725503
447800.0,4.082313604544735
447850.0,3.1883655716254964
447900.0,3.088720037548155
447950.0,3.2202790901123115
448000.0,3.445646227729013
448050.0,3.968611311478593
448100.0,2.2493045488359154
448150.0,2.245571781744656
448200.0,2.9657499273975665
448250.0,3.69269479164603
448300.0,1.9269945594747588
448350.0,3.9376231135435114
448400.0,1.8386092087925379
448450.0,1.2049031084978337
448500.0,2.2041733390703206
448550.0,0.606708815807779
448600.0,1.1227185879024433
448650.0,3.363461507040677
448700.0,1.9781489248778443
448750.0,1.1846467533974236
448800.0,1.6007766107322003
448850.0,1.2363635041503982
448900.0,2.6928589557342266
448950.0,2.028934827706291
449000.0,3.7511309081700226
449050.0,3.839520005986126
449100.0,3.9309406954315014
449150.0,2.698092067116801
449200.0,3.4092353182751363
449250.0,0.5420303407500788
449300.0,0.6756471981495938
449350.0,1.2334489393634098
449400.0,1.8398027065657332
449450.0,1.2070152519822654
449500.0,1.335475485493054
449550.0,1.8698360987422993
449600.0,2.9913351914228286
449650.0,3.3099802308239226
449700.0,3.339817403043095
449750.0,2.5524454850473033
449800.0,2.688415311294958
449850.0,2.391105757430893
449900.0,1.8231013273334797
449950.0,0.9429181130305085
450000.0,2.55761425311353
450050.0,3.2660185977872644
450100.0,2.9503155100654928
450150.0,2.399601004816632
450200.0,2.6283604449540103
450250.0,3.155561765546512
450300.0,2.57765192037902
450350.0,4.663367760300424
450400.0,1.9215053506370046
450450.0,2.9178900973559876
450500.0,2.6212163416800274
450550.0,3.2300175626848513
450600.0,3.676058188541774
450650.0,2.690626969576602
450700.0,1.8418992813569082
450750.0,1.2736163984770439
450800.0,0.6576432336930986
450850.0,3.3611868914643686
450900.0,3.5794951525160137
450950.0,2.737845354151696
451000.0,2.1547595746331067
451050.0,2.7670895652082472
451100.0,3.9703121368182743
451150.0,4.239772089830984
451200.0,3.373214681248483
451250.0,4.272055789900226
451300.0,2.457189990158337
451350.0,3.6124755959941703
451400.0,3.8428342516249883
451450.0,4.438700574829235
451500.0,2.634745899671672
451550.0,3.312716905856506
451600.0,2.5963018461666567
451650.0,2.6078494932642062
451700.0,3.0403106249689524
451750.0,3.946414173616969
451800.0,1.7357682053895738
451850.0,1.9822692898519998
451900.0,3.7875683595658383
451950.0,1.8039106891529222
452000.0,3.222292431173472
452050.0,2.475417436020462
452100.0,2.497696881024999
452150.0,0.7616420614541252
452200.0,0.9486820627957127
452250.0,2.4698541154985922
452300.0,2.105678891428272
452350.0,2.954622407857526
452400.0,3.952691990090626
452450.0,2.3453111480431246
452500.0,3.7648906133636175
452550.0,2.0040159098398544
452600.0,1.4473749747883304
452650.0,1.8004953669269417
452700.0,1.381479591320054
452750.0,1.492442515449619
452800.0,0.9519405550510716
452850.0,3.147884998245969
452900.0,2.615604868969504
452950.0,2.7997480311794867
453000.0,2.79871282583165
453050.0,2.073522841128037
453100.0,3.0101459531248347
453150.0,3.013171852763449
453200.0,3.2968303462639224
453250.0,3.444545821995872
453300.0,2.3333645130095206
453350.0,1.6981413340780585
453400.0,1.2175394829709902
453450.0,2.3213968366779696
453500.0,3.287456733918276
453550.0,3.4253583837037813
453600.0,2.252242772605989
453650.0,3.539120234857722
453700.0,3.006606923068005
453750.0,2.6607709280980845
453800.0,1.9761055711064717
453850.0,2.0177402433788116
453900.0,2.7229061651193343
453950.0,3.1887012882646086
454000.0,2.542635807106525
454050.0,1.8573847927914142
454100.0,2.8501181616194895
454150.0,3.310010888585857
454200.0,3.0726193057713935
454250.0,1.9995998379016764
454300.0,2.8149206661942423
454350.0,1.593010761281492
454400.0,2.4808631693112733
454450.0,3.0198166979817156
454500.0,2.3865874292643197
454550.0,3.1803433963438708
454600.0,2.972823114061887
454650.0,2.5415167963972776
454700.0,2.445691073681077
454750.0,2.112933386780133
454800.0,2.552250296015639
454850.0,3.5514917992665604
454900.0,2.920015599458
454950.0,3.2242309713367905
455000.0,2.619518784460396
455050.0,2.462862546311308
455100.0,2.1801797229317765
455150.0,2.718030938839664
455200.0,3.3839857710318557
455250.0,2.997747543082582
455300.0,3.1036372645753008
455350.0,3.8097471350579784
455400.0,3.4793787175857185
455450.0,1.9251184307328846
455500.0,1.8580877659256336
455550.0,3.060765958178393
455600.0,3.6503409318965314
455650.0,3.090706218529869
455700.0,2.184899593469753
455750.0,3.1118620814640012
455800.0,3.694127390736728
455850.0,2.8162758194102837
455900.0,2.13919963666036
455950.0,1.9206494981292959
456000.0,3.6868798050043248
456050.0,3.5881728514149205
456100.0,3.0425138921148114
456150.0,3.074798099001938
456200.0,3.3447540320511058
456250.0,3.660748527574328
456300.0,3.260306621713069
456350.0,3.351952699833264
456400.0,2.5509400948359997
456450.0,3.9630890482998162
456500.0,3.0635577489210473
456550.0,3.189887027004372
456600.0,3.954158734191499
456650.0,2.72339547780302
456700.0,2.947265400310239
456750.0,3.0655130396982457
456800.0,2.7357775008133647
456850.0,3.5051116799344544
456900.0,3.757309204867698
456950.0,3.81494280171556
457000.0,3.8174423982908947
457050.0,2.384676761760431
457100.0,2.9531849510301944
457150.0,2.9556821373460926
457200.0,1.9212729049263624
457250.0,3.120463635651856
457300.0,2.0539673063563444
457350.0,3.5173131519803476
457400.0,1.1604742488264193
457450.0,2.3524667086968836
457500.0,3.6881170626297717
457550.0,3.053211514017728
457600.0,4.2289226828557105
457650.0,3.451462938264647
457700.0,3.4747503080645172
457750.0,3.1878517747870343
457800.0,3.58280002826282
457850.0,3.108908287839259
457900.0,3.992320067594353
457950.0,3.470057807904326
458000.0,3.3504765158621113
458050.0,3.8199854689725763
458100.0,3.4698408616973007
458150.0,3.400895971390626
458200.0,3.3560237012914635
458250.0,3.6872870883327
458300.0,2.9334955313962374
458350.0,2.8298368071348032
458400.0,3.263679055389421
458450.0,3.189779125935057
458500.0,3.659296514313091
458550.0,2.9458273080879245
458600.0,3.0894140311467693
458650.0,4.047476670104563
458700.0,3.12953624665973
458750.0,3.5275776483281716
458800.0,3.164709655563172
458850.0,3.3888916130146205
458900.0,2.805596836403477
458950.0,3.264812299818389
459000.0,2.3797662995367355
459050.0,3.02841493952036
459100.0,3.1190326462664046
459150.0,2.8989258290914472
459200.0,3.201014073866961
459250.0,2.5412760387359086
459300.0,2.9721320825712048
459350.0,2.21058548158533
459400.0,3.3646064158612283
459450.0,3.9686407326891886
459500.0,2.376755870779586
459550.0,3.6360491415861467
459600.0,3.2798790969949203
459650.0,3.571788572749332
459700.0,2.560778711622239
459750.0,1.6302407930601062
459800.0,3.2104454701208773
459850.0,1.6140603237739335
459900.0,3.9891992366843967
459950.0,3.8604778919014895
460000.0,4.15811378999693
460050.0,4.0205604109480895
460100.0,4.361775173366017
460150.0,3.6872482033875893
460200.0,2.486076032984796
460250.0,3.0596009945593385
460300.0,3.4757147149247736
460350.0,3.966232247251439
460400.0,2.806223311881792
460450.0,3.421166978693552
460500.0,3.3263483043787443
460550.0,3.9688533431910034
460600.0,3.7927370146012835
460650.0,3.4068877341671278
460700.0,3.060142579598164
460750.0,3.294489456479832
460800.0,4.079323764188177
460850.0,0.5817204130200024
460900.0,2.2190287161305324
460950.0,1.3694837235151351
461000.0,2.447975549843583
461050.0,1.3059843760332788
461100.0,1.5319562266589593
461150.0,0.7634782842897176
461200.0,0.5276344222088608
461250.0,4.056017858885241
461300.0,3.2730064411736977
461350.0,3.308305117652573
461400.0,3.51893077607122
461450.0,3.355902799526379
461500.0,3.972369906183015
461550.0,3.578713658425394
461600.0,2.568773792612423
461650.0,3.0126558179658605
461700.0,2.8791129261433457
461750.0,3.4334474007185274
461800.0,3.2843064461808336
461850.0,3.4116970468547003
461900.0,3.5160918387971556
461950.0,2.917393506094285
462000.0,3.338526948479166
462050.0,3.5072594806156525
462100.0,3.1898299101965533
462150.0,3.6732633915248094
462200.0,3.586905198612717
462250.0,3.378917893320342
462300.0,2.7926652523152966
462350.0,1.668441609094056
462400.0,1.380539092769459
462450.0,2.2498382991866204
462500.0,1.0692479651394338
462550.0,1.5580076788229411
462600.0,2.7829131839111274
462650.0,4.204054068587722
462700.0,3.3460849670833372
462750.0,2.89354085040776
462800.0,2.3838824096501647
462850.0,4.249588415709363
462900.0,4.469324983498624
462950.0,4.520175384908579
463000.0,1.9143107723362358
463050.0,3.1994500059564714
463100.0,3.778995116347352
463150.0,1.447131719308166
463200.0,3.6955885748513015
463250.0,2.519719323168231
463300.0,2.359150931007132
463350.0,3.0771076171083056
463400.0,2.3182081162559105
463450.0,1.5974323613034518
463500.0,3.008069295047523
463550.0,2.142213635540423
463600.0,3.088766847736418
463650.0,2.365602262891806
463700.0,3.8513076309443948
463750.0,3.1955242351371287
463800.0,2.975447998168014
463850.0,3.6148996384119148
463900.0,4.00457224872764
463950.0,4.185929702074509
464000.0,4.288226800202071
464050.0,4.142015045642195
464100.0,4.076641403171725
464150.0,4.45091971848211
464200.0,4.324973072834423
464250.0,3.7107666650688507
464300.0,3.847712559475498
464350.0,3.8635971128996083
464400.0,3.146680085861827
464450.0,3.2893303919668413
464500.0,2.8799483919878006
464550.0,3.8006564659515227
464600.0,2.406386063651832
464650.0,3.6157692072219474
464700.0,4.028969947050313
464750.0,4.037597227646387
464800.0,4.282931446584795
464850.0,4.504716431973504
464900.0,3.451461946638921
464950.0,3.6249840533770508
465000.0,3.201840414576987
465050.0,4.261371880220413
465100.0,2.328125863843419
465150.0,3.683150588070742
465200.0,3.5017275573978663
465250.0,4.064159562247868
465300.0,3.574881734111721
465350.0,3.613600742212917
465400.0,2.848610065637057
465450.0,2.5404331276555747
465500.0,2.9499473298127517
465550.0,2.3401033890573757
465600.0,2.8873665386669245
465650.0,3.474983693478009
465700.0,3.5618200334539885
465750.0,2.8751509327999387
465800.0,3.410188399234321
465850.0,3.2266864378282945
465900.0,3.6369758132870715
465950.0,3.242064933679968
466000.0,3.755541042969619
466050.0,3.2257276599528217
466100.0,3.328814543996102
466150.0,4.219065024410441
466200.0,4.081250799723917
466250.0,4.113417678254822
466300.0,3.62592170647046
466350.0,4.865817352668775
466400.0,4.311505315120596
466450.0,4.274023605476467
466500.0,3.616695108568772
466550.0,4.087809416376149
466600.0,3.93352088593635
466650.0,4.550966435677693
466700.0,3.9523779463347797
466750.0,3.340792421463157
466800.0,3.5994457649058043
466850.0,3.562051082772132
466900.0,4.005048040709235
466950.0,4.12718918811489
467000.0,4.037338121319911
467050.0,4.301753448325472
467100.0,4.033798008493158
467150.0,4.824404444174908
467200.0,3.8017501266274003
467250.0,3.2561786689251067
467300.0,3.9133591192224997
467350.0,4.268827170621752
467400.0,4.218066320113411
467450.0,4.040344854314959
467500.0,3.9302505607459386
467550.0,3.095058410295812
467600.0,4.644973919061932
467650.0,3.2140939634844226
467700.0,1.9248596108567069
467750.0,1.672059408652812
467800.0,1.9771666906390146
467850.0,2.1794494745716984
467900.0,2.8857728797592426
467950.0,3.605520700214565
468000.0,3.675498085783621
468050.0,3.7535827262064982
468100.0,3.664486112496709
468150.0,2.269732826410984
468200.0,3.1862973240470067
468250.0,4.000424233637958
468300.0,4.082006028632391
468350.0,4.138610465124854
468400.0,3.565458255973426
468450.0,4.409000249848388
468500.0,4.5498330252082395
468550.0,4.6960701275640115
468600.0,4.591620766708511
468650.0,4.696945182356869
468700.0,4.366887022874298
468750.0,2.989144735343429
468800.0,4.336679006134812
468850.0,4.802580962250569
468900.0,4.678045407196384
468950.0,4.566341381398935
469000.0,4.110290538981284
469050.0,4.193245928108951
469100.0,3.701204414435624
469150.0,4.067504955961886
469200.0,3.6421963648837132
469250.0,3.4219252957285615
469300.0,3.342351841066289
469350.0,4.050530989136218
469400.0,3.3977145459535225
469450.0,3.3734389958301256
469500.0,4.043697528671799
469550.0,4.322311340416976
469600.0,4.13314622981015
469650.0,4.181743748730627
469700.0,3.5424805927556036
469750.0,2.7635854988773705
469800.0,3.3630473577598647
469850.0,2.875602627171025
469900.0,4.101962911263443
469950.0,3.027918924193276
470000.0,3.9208297517011004
470050.0,4.129152123935399
470100.0,3.436057134158887
470150.0,3.9032518834324206
470200.0,4.604582758755297
470250.0,4.09497177617649
470300.0,3.7570316788850904
470350.0,4.266074293102491
470400.0,4.674666627799983
470450.0,3.676139197005147
470500.0,4.500409831735212
470550.0,4.1640501568202515
470600.0,2.9010319713964017
470650.0,3.4047588909464683
470700.0,3.983895907166301
470750.0,4.680319983477377
470800.0,4.441946344348291
470850.0,3.9198197268903834
470900.0,3.7162583794444135
470950.0,4.254843802001918
471000.0,3.7788362728069065
471050.0,4.1732940967758285
471100.0,4.56273775801511
471150.0,3.572737877997946
471200.0,2.7660278385589363
471250.0,3.2933416881810476
471300.0,3.081377177808297
471350.0,3.7075868771581315
471400.0,3.1844293473038756
471450.0,3.5199269386962824
471500.0,4.064148458746376
471550.0,4.446507837496406
471600.0,4.3434315499161045
471650.0,3.041739730448151
471700.0,3.437640133869001
471750.0,2.814763095573276
471800.0,3.1606298355006213
471850.0,2.6948278878215293
471900.0,2.5431064388950353
471950.0,3.3006686260395957
472000.0,3.917828159870985
472050.0,3.8410151935781065
472100.0,3.380918075210097
472150.0,3.6953202171114
472200.0,2.975736318559831
472250.0,2.4928092705085687
472300.0,2.6744891548456913
472350.0,3.7073986761419966
472400.0,3.302073741032894
472450.0,3.152474163780003
472500.0,3.582037331735928
472550.0,3.785457436909435
472600.0,2.9961777184331586
472650.0,3.4373698097738457
472700.0,3.8426032604093328
472750.0,5.036328391924377
472800.0,3.792112063724398
472850.0,4.336485763483862
472900.0,4.339419995771218
472950.0,2.6788947886847856
473000.0,4.337802224662615
473050.0,3.145088890775048
473100.0,2.552228331280894
473150.0,2.3417511906537025
473200.0,1.8439604694864626
473250.0,2.9246196923470955
473300.0,3.62221851042767
473350.0,3.8033874603773388
473400.0,3.124516151508623
473450.0,3.1176077841701253
473500.0,3.5097724297387796
473550.0,3.369050203504752
473600.0,3.780633281967337
473650.0,4.0539586629716835
473700.0,3.8045478847021927
473750.0,3.810104019070055
473800.0,4.094106298607009
473850.0,4.135947695792444
473900.0,4.458743916680298
473950.0,4.346191575431238
474000.0,3.5243864623393755
474050.0,5.461170899321605
474100.0,3.4834031593888004
474150.0,3.9494174541239166
474200.0,3.773311504351909
474250.0,4.136470495386856
474300.0,3.698184591792641
474350.0,2.584450174746409
474400.0,3.836104945195319
474450.0,2.4179732437623684
474500.0,1.8267686032226442
474550.0,3.265943707348257
474600.0,1.8385274351804934
474650.0,1.9454549819235614
474700.0,2.4804412707707346
474750.0,2.4987583531696886
474800.0,2.210085040228105
474850.0,2.73689472073858
474900.0,4.364138323318982
474950.0,4.178140803924279
475000.0,4.614206402659263
475050.0,4.13432103147161
475100.0,4.578776320862174
475150.0,3.397369387652402
475200.0,3.3210532344711243
475250.0,2.0296261605819015
475300.0,3.393537388222338
475350.0,4.210628863417819
475400.0,4.247796506274089
475450.0,3.4035710029178796
475500.0,3.19432110852788
475550.0,3.6309476917410666
475600.0,3.734609873875144
475650.0,2.992825587770261
475700.0,2.6997227669186663
475750.0,4.17221468216436
475800.0,3.2728731982133787
475850.0,3.0935090795592637
475900.0,4.127235329992562
475950.0,3.0532597366691694
476000.0,3.5760711806604726
476050.0,4.016836433425608
476100.0,3.7509477309936607
476150.0,4.073239950143667
476200.0,3.9293117279653016
476250.0,4.039430533209185
476300.0,4.399645659661853
476350.0,3.710135625125535
476400.0,3.530112026266654
476450.0,3.5504346073301534
476500.0,3.0586528390767485
476550.0,3.087051458852364
476600.0,3.7187500701649916
476650.0,3.6479698212274982
476700.0,2.8046561883539147
476750.0,3.4790509405319785
476800.0,2.7560467324344082
476850.0,3.187571828242476
476900.0,3.624212340348269
476950.0,3.9255537760615757
477000.0,2.5366467053185984
477050.0,2.594185585603363
477100.0,2.5181926391987197
477150.0,2.8075949990981877
477200.0,2.808007304149397
477250.0,1.8706938328533396
477300.0,2.608312438041122
477350.0,2.866740352247784
477400.0,2.550647396709805
477450.0,1.8471834895049017
477500.0,1.8326987923007005
477550.0,2.8267825084343743
477600.0,3.3015289815061637
477650.0,3.00222963664815
477700.0,3.054325580482626
477750.0,2.164465017141578
477800.0,3.9471096560536587
477850.0,3.349414641754297
477900.0,2.5850539588862267
477950.0,2.8883873391455475
478000.0,3.286122656235362
478050.0,3.24853371652427
478100.0,2.875776316513179
478150.0,2.830546632417771
478200.0,3.8210069932905233
478250.0,3.148361011209894
478300.0,3.3759278319982955
478350.0,3.025641566826498
478400.0,3.043495969857092
478450.0,2.1030652670537475
478500.0,2.053968499447131
478550.0,2.1794740794972522
478600.0,2.126660705771951
478650.0,3.1221911087190066
478700.0,3.3367322453343458
478750.0,2.051996009276271
478800.0,2.6632531383785354
478850.0,1.8245531830206123
478900.0,3.6628003244087806
478950.0,2.950337746119443
479000.0,3.832766356450793
479050.0,3.5979432372317555
479100.0,2.5683677328887446
479150.0,3.8483340250159936
479200.0,3.2586004995400764
479250.0,2.7338612274136285
479300.0,2.831148799477178
479350.0,3.620232939423391
479400.0,3.0557806612854206
479450.0,3.3551607100897836
479500.0,3.800816668244147
479550.0,2.2916549879165076
479600.0,3.4971540383330892
479650.0,2.764886883982646
479700.0,2.88142020495547
479750.0,2.572179356835327
479800.0,2.551276369689273
479850.0,2.995411483196641
479900.0,2.9870377937868287
479950.0,2.3347149190143126
480000.0,2.2846002555502425
480050.0,2.3940350653364937
480100.0,1.3930154292479484
480150.0,1.4292996047824238
480200.0,2.944837284492729
480250.0,0.8709708100894904
480300.0,1.1543791597789015
480350.0,0.5825773104436693
480400.0,1.7738607957864587
480450.0,0.5024967964311685
480500.0,1.314151000760431
480550.0,0.9419593227843017
480600.0,2.8606631943916
480650.0,3.0694288894356396
480700.0,3.1550232039181383
480750.0,1.5423623264551205
480800.0,2.133003965625543
480850.0,2.4072189670923256
480900.0,1.493450161135935
480950.0,2.6664192912132405
481000.0,2.4300185905384644
481050.0,1.9960456765680321
481100.0,0.3982472087628923
481150.0,1.4806385930983166
481200.0,2.6356572979240185
481250.0,1.998420113460959
481300.0,1.8923467181592828
481350.0,1.2494366748338268
481400.0,1.4767819271234663
481450.0,1.5995900563633556
481500.0,2.426048806460573
481550.0,1.272044379144271
481600.0,1.896336370233112
481650.0,0.4338246781342863
481700.0,0.9246061585709174
481750.0,2.1771067698595643
481800.0,2.0339336366328964
481850.0,2.282384288998054
481900.0,1.0717218737767835
481950.0,1.3775356857315497
482000.0,1.7998331170667068
482050.0,2.0110182412053073
482100.0,2.8342530734967837
482150.0,1.359776646852003
482200.0,1.6496683857967325
482250.0,0.8453391610047108
482300.0,1.2493175309821256
482350.0,2.8523299753814
482400.0,1.7969668862455217
482450.0,0.3701379715208624
482500.0,0.25729632875582675
482550.0,2.540075478228004
482600.0,1.3221932956632223
482650.0,1.0642345174175698
482700.0,3.100417447441429
482750.0,2.7127245483343625
482800.0,2.838502539099909
482850.0,2.665966538588606
482900.0,3.1519790444122773
482950.0,3.394378110760713
483000.0,2.562923155452813
483050.0,2.7314781887724604
483100.0,3.015793179108402
483150.0,2.38537472899003
483200.0,2.5129046262616237
483250.0,3.205525369656607
483300.0,3.027226269898124
483350.0,2.7725215884243677
483400.0,3.1105471188115748
483450.0,3.1266089822769554
483500.0,3.920457508874895
483550.0,3.2548585416266262
483600.0,3.5384166232531253
483650.0,3.210633673473013
483700.0,3.9737844510259146
483750.0,3.2471666332075624
483800.0,2.3737048522110253
483850.0,3.9155685386186683
483900.0,3.981017471687602
483950.0,4.972662088509102
484000.0,3.830327138852914
484050.0,3.9621181733934985
484100.0,3.5264833503910333
484150.0,3.8455676160130157
484200.0,4.0216034070539255
484250.0,3.8994982055265255
484300.0,4.401338492633801
484350.0,3.3193491534489405
484400.0,3.3122330246972256
484450.0,4.328530767382648
484500.0,3.705481466089565
484550.0,3.6427059319093225
484600.0,3.6037345199456383
484650.0,3.557680939545636
484700.0,3.061548860294659
484750.0,2.5892254016525666
484800.0,2.8060459644285247
484850.0,2.9286351594454
484900.0,3.5267816979408977
484950.0,3.499326826046931
485000.0,3.6372772341578647
485050.0,3.0862617061755078
485100.0,4.022634724223446
485150.0,3.069168612460754
485200.0,3.192080906163976
485250.0,2.767270470180927
485300.0,3.251396842441812
485350.0,2.9418674366639284
485400.0,3.5711776607524834
485450.0,3.077757688472207
485500.0,2.463250048127112
485550.0,3.883412527520764
485600.0,3.8909887513532255
485650.0,4.359976076883147
485700.0,3.186237024800951
485750.0,3.865134854947452
485800.0,4.02269713455584
485850.0,3.8616822679257172
485900.0,3.9110317911849903
485950.0,3.5703495664455827
486000.0,3.2512323300318458
486050.0,3.734447707845975
486100.0,4.064129054393703
486150.0,3.807123970809992
486200.0,4.354607108232959
486250.0,3.10078904724037
486300.0,4.160984429742836
486350.0,2.43394768005305
486400.0,3.6085039846293356
486450.0,3.830244245193212
486500.0,3.7015916454787603
486550.0,3.4459524185217947
486600.0,3.4583377077643718
486650.0,3.9878065829217273
486700.0,3.233016937298487
486750.0,3.50023140279116
486800.0,4.65769192818951
486850.0,4.041150132947226
486900.0,3.8225605213350784
486950.0,3.5693709388277797
487000.0,3.3877735602365475
487050.0,3.3349526022527582
487100.0,2.8897930955599405
487150.0,3.6053027584919666
487200.0,3.865926821820984
487250.0,4.215445806748152
487300.0,3.4223368730858352
487350.0,3.454068355133924
487400.0,3.2329040794089785
487450.0,2.8470482327395734
487500.0,3.126483125594016
487550.0,3.3385749947574315
487600.0,3.454353686334593
487650.0,3.37864122606596
487700.0,2.772184736871688
487750.0,2.7434824216230846
487800.0,3.114897952055453
487850.0,3.558327471000591
487900.0,3.2585238038695046
487950.0,3.3161109745098742
488000.0,3.9279137992835818
488050.0,3.5213743491912752
488100.0,2.849716630737445
488150.0,3.652575116754798
488200.0,4.00989626172718
488250.0,3.8359627576838613
488300.0,3.5652908587511782
488350.0,2.8200153182773766
488400.0,3.5202429089405083
488450.0,3.2700153292185576
488500.0,2.969811456011549
488550.0,3.6821459160890826
488600.0,3.0887198389541233
488650.0,2.7760401311699376
488700.0,2.951624053310901
488750.0,3.2411429068377915
488800.0,3.1135818981264753
488850.0,2.9131916913756175
488900.0,3.422715844985857
488950.0,2.641226200519292
489000.0,2.9537399807204032
489050.0,3.3613365721202593
489100.0,3.846427037550717
489150.0,3.867736598486955
489200.0,3.2290106830866807
489250.0,3.3918896497632067
489300.0,2.7171110631216413
489350.0,3.2086934229801605
489400.0,3.3896034850625822
489450.0,3.600150499383552
489500.0,3.6119111511385196
489550.0,3.2734653619853287
489600.0,3.5554044516545944
489650.0,3.3725212667767845
489700.0,3.2132643428225167
489750.0,3.432387762382001
489800.0,3.7415882047210416
489850.0,3.396611637303713
489900.0,3.485110112867647
489950.0,3.180862258519515
490000.0,3.8200244818983995
490050.0,3.1652297065913104
490100.0,2.492564116096678
490150.0,2.7826043122289454
490200.0,3.3870756651274223
490250.0,3.3793919800837857
490300.0,2.854239361080854
490350.0,3.6440083083760975
490400.0,3.9370294024516808
490450.0,4.132523837618137
490500.0,3.6290060552083805
490550.0,3.5075061539781003
490600.0,2.7255991437082443
490650.0,2.8143356688509726
490700.0,2.691967951523836
490750.0,3.838800060035627
490800.0,2.9840390354104454
490850.0,3.551266982386318
490900.0,3.4077697374003977
490950.0,3.042513358497781
491000.0,2.3371148925885192
491050.0,2.3930312243201453
491100.0,3.2464914688494404
491150.0,3.844970992317925
491200.0,3.036526528690127
491250.0,2.7899956143290425
491300.0,2.5286573684791374
491350.0,3.0476535463721004
491400.0,3.237065886983392
491450.0,3.16344614609169
491500.0,3.550360451470899
491550.0,2.8959754215098163
491600.0,3.302817985250607
491650.0,3.148937000448165
491700.0,3.7145357505781
491750.0,2.0397513511097585
491800.0,2.094033151194477
491850.0,2.7444065835374194
491900.0,2.854551759940541
491950.0,3.8250473522191593
492000.0,1.6315277859400117
492050.0,2.4480753629796745
492100.0,3.3473720388792643
492150.0,2.803668634042033
492200.0,2.883070493626871
492250.0,3.1587023110656944
492300.0,3.2344081298356806
492350.0,3.6487906693883327
492400.0,2.9477797456923738
492450.0,3.283074723756211
492500.0,1.7409738117662115
492550.0,1.5286881151943608
492600.0,3.2304955915421445
492650.0,3.172804183394426
492700.0,2.980430801799564
492750.0,3.3536209606013485
492800.0,4.374505525561768
492850.0,4.16390309373399
492900.0,3.6879506345427044
492950.0,4.258614696150697
493000.0,2.895249850183515
493050.0,3.8476763800269893
493100.0,3.608390007816247
493150.0,3.4252442628997968
493200.0,3.589679812977915
493250.0,3.9979401175029143
493300.0,3.5170081610783863
493350.0,2.8891811940128598
493400.0,2.4537678465828505
493450.0,3.4377876042721756
493500.0,3.2019224205006935
493550.0,3.2872141555296457
493600.0,3.2078332146698596
493650.0,3.163333266181402
493700.0,3.083384701641698
493750.0,3.709729707236883
493800.0,3.7815493186870217
493850.0,3.5672524863818706
493900.0,4.195640952942343
493950.0,3.2964404177133484
494000.0,2.6071590855467446
494050.0,3.7716038295137015
494100.0,3.725918655897527
494150.0,2.5462746404778076
494200.0,3.7029838275812175
494250.0,3.6537368637442675
494300.0,3.6943355044384445
494350.0,3.286731047658019
494400.0,3.5905713332851112
494450.0,3.838965965368447
494500.0,3.453152378556428
494550.0,4.070800036413014
494600.0,3.3281490068478674
494650.0,4.075854728696629
494700.0,3.481391779264822
494750.0,3.6196437032333217
494800.0,3.3211775872152645
494850.0,2.9849409589008173
494900.0,3.724378481636564
494950.0,3.531860801720868
495000.0,3.0193679547396037
495050.0,3.9606166475124933
495100.0,4.089020054578712
495150.0,4.552120072308387
495200.0,4.48831604133151
495250.0,4.240349936534115
495300.0,3.8823041504232614
495350.0,3.2012957209894104
495400.0,3.4114211419561093
495450.0,3.931370269053507
495500.0,2.0009995945695773
495550.0,3.1263038764258213
495600.0,3.2974370785883367
495650.0,2.8295039817274397
495700.0,3.651861340142625
495750.0,3.222045121033961
495800.0,2.44454387942727
495850.0,4.018716490706056
495900.0,3.7025524218645667
495950.0,3.294157656265823
496000.0,2.8089822054094786
496050.0,1.6014328968201657
496100.0,3.245824100384116
496150.0,2.4557058962719647
496200.0,2.580096084820235
496250.0,3.592934366513496
496300.0,3.8360785130345016
496350.0,3.5946214279750834
496400.0,2.829057928400711
496450.0,2.1836660808168915
496500.0,3.287154105092453
496550.0,3.325837979611447
496600.0,2.5945134895008413
496650.0,2.643197990631578
496700.0,3.7651564510150775
496750.0,3.418977092786435
496800.0,3.5945238445935415
496850.0,1.0760572520194365
496900.0,3.4454610264222887
496950.0,2.9768887590900492
497000.0,3.625396515732512
497050.0,3.1854209964240385
497100.0,1.4351963836736052
497150.0,3.868787172697546
497200.0,3.273188846561133
497250.0,3.979468953346967
497300.0,2.6995163434930354
497350.0,1.7097950836050277
497400.0,1.3582311548951131
497450.0,3.077332587570795
497500.0,3.4560666883548183
497550.0,4.3275130835814455
497600.0,3.516670839671816
497650.0,2.6060879429640935
497700.0,1.6575229814733827
497750.0,3.622605096890538
497800.0,3.282769378048119
497850.0,2.5129446026900335
497900.0,1.5182211968038961
497950.0,1.7422086654432192
498000.0,1.7432692278377464
498050.0,3.543937701713535
498100.0,1.9785311766815452
498150.0,3.4834028540693804
498200.0,2.065932357209737
498250.0,3.227800387256871
498300.0,3.7930160607926005
498350.0,2.691114846118277
498400.0,3.5419351114215165
498450.0,3.3671010638233785
498500.0,3.2319171329913208
498550.0,3.236372566835196
498600.0,3.5908053986080204
498650.0,2.7254542619238586
498700.0,3.5693825435207467
498750.0,3.1777609834908174
498800.0,3.7588962359308002
498850.0,2.7511034512760184
498900.0,3.959821272007141
498950.0,4.227195125801401
499000.0,3.5991880204816282
499050.0,3.8329474997274993
499100.0,3.075787795472304
499150.0,3.792349214021635
499200.0,4.2442440658478375
499250.0,3.5504051600603024
499300.0,2.5924100454571373
499350.0,3.654162497951563
499400.0,3.762243718243809
499450.0,3.1678061971858495
499500.0,4.271614516339361
499550.0,2.8587557838011994
499600.0,3.150313393161812
499650.0,2.5736129112135915
499700.0,3.056319547339213
499750.0,2.837250580570854
499800.0,3.2949338942812068
499850.0,2.062182835464825
499900.0,3.2803936619778016
499950.0,2.7300301686478363
500000.0,2.632885296662222
0.0,3.3476065199313956
50.0,4.232919474960897
100.0,3.2181626806112256
150.0,4.1694468373341405
200.0,4.085461629048871
250.0,3.5672515632983925
300.0,4.675819032783027
350.0,3.6147039150323574
400.0,4.425440827050233
450.0,4.196033420154898
500.0,4.333693523369283
550.0,4.749122746784672
600.0,4.012457000597928
650.0,4.801032435015016
700.0,4.7254846889025455
750.0,4.388358740776095
800.0,4.9104442213708515
850.0,4.349376486104869
900.0,4.300116460955741
950.0,4.767444865125716
1000.0,5.349728954262171
1050.0,4.478137340928628
1100.0,5.396724287218565
1150.0,5.478420755922106
1200.0,4.62875702324239
1250.0,4.986886624437399
1300.0,5.64850991104005
1350.0,5.088832454516836
1400.0,4.8089288266687555
1450.0,4.0829743879106
1500.0,4.45273990111306
1550.0,4.419706264074828
1600.0,4.472581881889781
1650.0,4.596810376139183
1700.0,4.567428971163744
1750.0,4.942447746591354
1800.0,4.478124223794245
1850.0,4.606885522779751
1900.0,4.706388633524621
1950.0,4.554916747221328
2000.0,5.424773563287471
2050.0,4.397476809010408
2100.0,4.074468095200837
2150.0,4.29232994067201
2200.0,4.841703314449663
2250.0,4.412097613697805
2300.0,4.9113063387494975
2350.0,4.942649523375622
2400.0,4.906661412267252
2450.0,5.334172889497115
2500.0,4.959537865123232
2550.0,4.416016318831764
2600.0,4.911720084289372
2650.0,4.266205445001112
2700.0,4.379133174599307
2750.0,4.9562171458920705
2800.0,4.763477705274561
2850.0,3.55664017023667
2900.0,4.571528219054917
2950.0,4.055535980819011
3000.0,4.691692647120238
3050.0,3.8249963235288025
3100.0,4.734405223709388
3150.0,5.086302602169345
3200.0,5.617340315963285
3250.0,4.627634938821544
3300.0,4.320301215303228
3350.0,5.33507619215901
3400.0,4.395337215329605
3450.0,4.214982236057196
3500.0,4.965367560331004
3550.0,4.659332542917644
3600.0,4.72188237688849
3650.0,5.0016619360191665
3700.0,4.951213733183153
3750.0,5.439568440489322
3800.0,4.228151930811641
3850.0,3.673481550559308
3900.0,4.272340191334828
3950.0,3.5460086165690514
4000.0,3.861542892438938
4050.0,3.8443193628445425
4100.0,3.8570698957379688
4150.0,3.3886518605365983
4200.0,2.8878038836045605
4250.0,3.472664628877978
4300.0,3.425507145002117
4350.0,3.4577013541069506
4400.0,4.644688211251686
4450.0,3.544207007811953
4500.0,3.4546334498779
4550.0,3.2047154821315567
4600.0,3.856191433111766
4650.0,3.405480768039726
4700.0,4.085129986385732
4750.0,3.1645817224463086
4800.0,4.301128031194309
4850.0,3.598665956641219
4900.0,4.198438805845281
4950.0,4.014199636081436
5000.0,4.083209445701547
5050.0,4.3743549468678875
5100.0,4.387277590949458
5150.0,4.901939693572384
5200.0,4.094738575624548
5250.0,3.92806887251207
5300.0,3.95343796933369
5350.0,3.8598687872067847
5400.0,3.5484349749596187
5450.0,4.310100516723069
5500.0,3.402835179514318
5550.0,3.3488615068028924
5600.0,3.3475483523533924
5650.0,2.6108049173188994
5700.0,1.8367894798446716
5750.0,2.561440507799343
5800.0,2.2512439310475942
5850.0,1.9538159965195134
5900.0,2.5124870447269068
5950.0,1.838695780399206
6000.0,2.5192259880517747
6050.0,2.688899335916811
6100.0,1.5614414011636448
6150.0,1.8732304051786608
6200.0,1.5349563145241192
6250.0,2.2159859468053487
6300.0,1.4884859275396736
6350.0,1.738790481946202
6400.0,2.150857733389976
6450.0,1.9306459980450086
6500.0,2.427714471586308
6550.0,3.4432629178620777
6600.0,3.9847064560367444
6650.0,4.281188459372548
6700.0,4.031948070843721
6750.0,3.213857178418553
6800.0,2.9561791606973884
6850.0,3.4723205172960068
6900.0,3.5007863405029145
6950.0,4.522275615508472
7000.0,3.594899030390245
7050.0,3.5275211905122923
7100.0,4.406457690905562
7150.0,4.407197716054288
7200.0,3.5404108496597066
7250.0,3.7509566512539427
7300.0,4.115444880711406
7350.0,4.889234117938316
7400.0,3.4929773247835403
7450.0,3.9233758407385357
7500.0,4.352169466482665
7550.0,4.2353874186073295
7600.0,3.3107854615373613
7650.0,3.5015552871152624
7700.0,4.29279110614526
7750.0,4.265826214712086
7800.0,3.989659782190177
7850.0,4.625906996753296
7900.0,4.571253807314224
7950.0,3.931945717098673
8000.0,3.0741646536753575
8050.0,4.310927539338289
8100.0,3.887797554825707
8150.0,3.7632435602176524
8200.0,3.1502033524119666
8250.0,4.250105519864305
8300.0,4.172059928312632
8350.0,3.798352984827828
8400.0,3.4798148274768494
8450.0,3.5762125130023747
8500.0,3.8821760800311633
8550.0,4.1817464124331085
8600.0,3.389351531718911
8650.0,4.336945601773019
8700.0,3.934375701592761
8750.0,3.2560111326755314
8800.0,3.020793783192998
8850.0,3.0202149710091155
8900.0,3.315267379820861
8950.0,3.9022140865477843
9000.0,3.99717604058915
9050.0,3.726687625244992
9100.0,3.425347410086493
9150.0,4.105383907310019
9200.0,3.4358681886846814
9250.0,4.243089625174824
9300.0,4.278081921895342
9350.0,4.730004613123949
9400.0,2.748489519368589
9450.0,3.665910490637806
9500.0,2.7851375503431925
9550.0,1.615701840613877
9600.0,4.285230802112146
9650.0,2.822938064899788
9700.0,4.084922905222619
9750.0,3.659833488638334
9800.0,2.549293488408246
9850.0,1.9306192509516056
9900.0,0.2515963802323051
9950.0,3.4422966188277417
10000.0,2.376084993228853
10050.0,1.3473292923232827
10100.0,1.465774389805004
10150.0,1.8641064849077682
10200.0,2.621943164695036
10250.0,1.7207231128284692
10300.0,1.5450846311369677
10350.0,2.3156383377555767
10400.0,2.3576855551151166
10450.0,3.1024810180589517
10500.0,2.5088846891444496
10550.0,4.143099587054108
10600.0,3.76429427586519
10650.0,2.3225400312289732
10700.0,3.5805665268087528
10750.0,4.515888501657523
10800.0,2.732800026328039
10850.0,1.9213229263042066
10900.0,0.9033275413646287
10950.0,1.4534420489639936
11000.0,2.1902068994090462
11050.0,3.89041895201951
11100.0,1.698528906311633
11150.0,1.4773259817351616
11200.0,4.3450535332629645
11250.0,3.215679017505271
11300.0,3.8836794044552527
11350.0,4.344295978645561
11400.0,3.4099294490763334
11450.0,2.8877328558506146
11500.0,3.959429023507919
11550.0,3.7436580846220506
11600.0,3.6243781962685575
11650.0,4.103890707888331
11700.0,4.540811766596739
11750.0,3.983035328172412
11800.0,3.9713052874464
11850.0,3.3176482684272934
11900.0,3.3640606362320007
11950.0,3.498183709287513
12000.0,2.988124476589273
12050.0,3.1490012934485567
12100.0,4.093752472716791
12150.0,4.3648041667932675
12200.0,4.025679216219232
12250.0,4.453042903577499
12300.0,3.5226949038220927
12350.0,4.361064761278998
12400.0,3.7526257965970307
12450.0,4.259987508913018
12500.0,2.8673489874962828
12550.0,3.6337595808549197
12600.0,4.095535861438127
12650.0,4.235408859966687
12700.0,3.4981555019633728
12750.0,3.940406023977203
12800.0,4.165519710877495
12850.0,4.140867591656139
12900.0,4.1950919307429615
12950.0,4.231749026833405
13000.0,3.8729045233559414
13050.0,4.262107989502831
13100.0,4.024835810565809
13150.0,4.083799195873339
13200.0,4.193913846815608
13250.0,4.047328491727586
13300.0,5.140717471923178
13350.0,3.558948238469385
13400.0,3.916806735873
13450.0,3.6371975122924063
13500.0,4.10700566759397
13550.0,3.253453139887182
13600.0,3.1953225889044403
13650.0,3.402601753639643
13700.0,4.02873122204194
13750.0,4.544761917041526
13800.0,4.088434167162316
13850.0,3.765748040412613
13900.0,3.99361621595955
13950.0,4.648636695774364
14000.0,3.3497038589116697
14050.0,4.499931106721187
14100.0,3.7466405435503876
14150.0,4.583765683368138
14200.0,4.647858837736204
14250.0,3.8658112911959535
14300.0,3.810172295071187
14350.0,4.026621927011235
14400.0,4.237333850047854
14450.0,3.579617945571499
14500.0,4.578066110570163
14550.0,3.2438834636225806
14600.0,4.0108077870460725
14650.0,3.455703354173142
14700.0,3.701392920099075
14750.0,3.4700717208467156
14800.0,3.241524795321451
14850.0,3.976758229777437
14900.0,3.6923121119060744
14950.0,2.906784186250565
15000.0,3.4750800627146203
15050.0,3.212192825536136
15100.0,3.0364106400812685
15150.0,3.8110439334236292
15200.0,4.546292806639628
15250.0,3.702243182274062
15300.0,3.437060058408346
15350.0,4.232327335488514
15400.0,3.611216626361457
15450.0,3.6025010919440215
15500.0,3.7260429800367207
15550.0,2.876716055978634
15600.0,3.463410886083433
15650.0,3.1800280894864095
15700.0,3.8816850330389427
15750.0,3.833393490354881
15800.0,3.78329149516636
15850.0,3.5621778397377306
15900.0,3.0913116007204056
15950.0,3.2583547571275067
16000.0,2.2677099660277635
16050.0,3.0988702051697508
16100.0,3.7369775478681317
16150.0,3.8347633326633237
16200.0,4.414997456984857
16250.0,4.435945399178896
16300.0,4.342130791536278
16350.0,4.410543065965943
16400.0,4.284706683990018
16450.0,3.6299567610441947
16500.0,3.3845100113615127
16550.0,3.6479723777576574
16600.0,3.805324940987725
16650.0,4.41927148813889
16700.0,2.878365180886616
16750.0,3.6574016453035667
16800.0,3.3256842158546833
16850.0,4.006805951901424
16900.0,4.39100165824985
16950.0,4.610863533487491
17000.0,3.737765953585676
17050.0,3.751340797092281
17100.0,2.8682546230296793
17150.0,3.443460809719843
17200.0,3.761090460982108
17250.0,4.039555971278432
17300.0,3.1937580145907125
17350.0,4.36931237683891
17400.0,4.084812542690286
17450.0,4.259914117586829
17500.0,3.9696565597708617
17550.0,3.484652450066646
17600.0,4.113760092398681
17650.0,3.0038797737471836
17700.0,4.481528784260561
17750.0,4.0874690492746675
17800.0,4.184888025975099
17850.0,3.6943313509841107
17900.0,3.8376316825883308
17950.0,3.7326260638856077
18000.0,3.648972319690947
18050.0,3.670760709001206
18100.0,4.18343167104838
18150.0,4.041096445625195
18200.0,3.724309961091917
18250.0,4.149820286549059
18300.0,4.817187898799871
18350.0,4.520750680893447
18400.0,3.265855777398859
18450.0,3.370711386110417
18500.0,3.0142658894907357
18550.0,2.3243458099546204
18600.0,3.792967749906526
18650.0,3.694141457307135
18700.0,5.4828287016191215
18750.0,4.042389468238176
18800.0,4.294253506434469
18850.0,3.9931335049842085
18900.0,4.589991160533309
18950.0,4.235196415874975
19000.0,3.6527360334176033
19050.0,4.403282012025686
19100.0,3.871577410109066
19150.0,2.7877029336956376
19200.0,3.0479159009265304
19250.0,3.878040385171075
19300.0,4.032802132005249
19350.0,4.1699295334424
19400.0,3.9195031707610464
19450.0,4.301230697879171
19500.0,2.8987230791368352
19550.0,3.859504323574463
19600.0,3.5386602092735666
19650.0,3.993366683884106
19700.0,3.3868103883966447
19750.0,3.2055880388331213
19800.0,2.861009276181735
19850.0,4.352814373695558
19900.0,3.742830861973318
19950.0,3.772660580127623
20000.0,3.485327686029288
20050.0,4.538909843742688
20100.0,3.972202362378162
20150.0,3.965955142879851
20200.0,3.1873003092150674
20250.0,3.5148346351212787
20300.0,3.8106261019878027
20350.0,4.52376123760621
20400.0,4.316132952679623
20450.0,3.849854275812571
20500.0,3.43110449666665
20550.0,3.9916396471602758
20600.0,4.268091897352051
20650.0,4.383180958430799
20700.0,4.144841544484242
20750.0,3.1123113579089754
20800.0,3.9083211657659844
20850.0,4.022905868247839
20900.0,3.432606062620794
20950.0,3.1605198473685037
21000.0,2.97141215908356
21050.0,3.428310051373999
21100.0,2.962261990419129
21150.0,3.679590752283176
21200.0,4.411223038952933
21250.0,3.2063372426819763
21300.0,3.440246892992523
21350.0,3.4456347930678857
21400.0,3.5672980402093155
21450.0,4.368123813707402
21500.0,4.106846908686991
21550.0,3.8497399017901524
21600.0,3.830990384495358
21650.0,3.3333924608258285
21700.0,3.8581473815363423
21750.0,4.518607739755407
21800.0,3.57050266777051
21850.0,4.493707484697071
21900.0,3.733109055004091
21950.0,4.242087377243737
22000.0,4.116245355545557
22050.0,4.6326642267869165
22100.0,3.8839249113913863
22150.0,3.059754827814432
22200.0,3.106973026984211
22250.0,4.019514663025511
22300.0,4.20551838803973
22350.0,4.140976164356659
22400.0,4.043106406173529
22450.0,3.178629794715063
22500.0,4.143404443762823
22550.0,4.629836327317092
22600.0,3.7412686437188873
22650.0,3.373558038415294
22700.0,3.883774884276288
22750.0,3.615784644611511
22800.0,4.25907410101151
22850.0,3.941686575218171
22900.0,4.278984183507315
22950.0,3.5036118805778766
23000.0,4.485688349235919
23050.0,4.782647896778305
23100.0,3.5789554943362103
23150.0,3.8969493104544752
23200.0,3.2166129567597306
23250.0,3.706979799104448
23300.0,3.0020809997372617
23350.0,3.6430355058068793
23400.0,2.7414406073074686
23450.0,2.9765416876172854
23500.0,3.5560803130737177
23550.0,3.0304579073509106
23600.0,3.66209065870534
23650.0,2.8218763496714367
23700.0,2.532565642977399
23750.0,2.050092216099782
23800.0,3.024253918663139
23850.0,2.346956172917865
23900.0,3.2190378094984333
23950.0,3.161787879837605
24000.0,3.483960476675639
24050.0,2.964083148286294
24100.0,3.301091285374206
24150.0,3.1153507800570446
24200.0,3.064146042513892
24250.0,3.868072797188929
24300.0,4.089911009329031
24350.0,3.024466070307072
24400.0,3.8143558359354506
24450.0,3.7355311074096758
24500.0,3.6538451225679642
24550.0,3.9896205972271965
24600.0,3.3467006421249854
24650.0,2.769547035846183
24700.0,4.811703294001107
24750.0,4.362166274984738
24800.0,3.8277272736675165
24850.0,3.66149839653641
24900.0,3.8960630379987498
24950.0,3.709551972441818
25000.0,3.424122211772525
25050.0,3.29440264137337
25100.0,3.3165299014466902
25150.0,3.883409721664887
25200.0,3.453488303235175
25250.0,2.995529718954703
25300.0,3.5470673874936614
25350.0,3.725212725616041
25400.0,3.425796660283931
25450.0,3.215679168875679
25500.0,3.2668356103112695
25550.0,3.4878248835405437
25600.0,2.558630720157431
25650.0,3.4837328698202588
25700.0,2.299864379872258
25750.0,1.8552090163645014
25800.0,2.3701671403053632
25850.0,2.9832510757918644
25900.0,2.302973286621813
25950.0,3.3880086738455217
26000.0,3.2712841384654614
26050.0,2.8287600088865017
26100.0,3.1896409586689725
26150.0,3.5471792644723696
26200.0,1.6981139188391878
26250.0,3.0857543117142714
26300.0,2.9578000930438195
26350.0,3.104220219737542
26400.0,1.023229019210508
26450.0,2.932128328024053
26500.0,2.483946693134635
26550.0,1.3649166274559161
26600.0,1.9776255062236336
26650.0,2.04046839555451
26700.0,1.8235654896347273
26750.0,2.6424619950935693
26800.0,1.7362858614133447
26850.0,1.3102671297094108
26900.0,1.4322703637295588
26950.0,3.1777060088262274
27000.0,2.5567376903466483
27050.0,2.438317511149324
27100.0,2.9737212227759775
27150.0,2.8935967241464797
27200.0,1.539414861918497
27250.0,2.08958969250952
27300.0,2.149049347544658
27350.0,3.18224445285162
27400.0,2.5627131163844026
27450.0,2.776578769586351
27500.0,2.5177961685622203
27550.0,2.4307209129217373
27600.0,2.5619513954025424
27650.0,2.58069429858709
27700.0,2.960827157204958
27750.0,3.8702050447054277
27800.0,3.73097913311813
27850.0,2.870901348256629
27900.0,3.765751402756
27950.0,2.7421473226497635
28000.0,3.167160986242629
28050.0,3.8855237873332253
28100.0,4.186391064108958
28150.0,4.154924420015908
28200.0,3.999463126968346
28250.0,3.941393425945012
28300.0,3.9883080190133415
28350.0,3.3835474501154974
28400.0,2.727285718470994
28450.0,4.147974128870778
28500.0,2.2358210041853277
28550.0,2.2912681153564085
28600.0,1.3712403645405806
28650.0,2.0155839317312965
28700.0,4.403007743710641
28750.0,2.3055562385456954
28800.0,2.620189737343394
28850.0,2.4446831021693525
28900.0,2.307396509040713
28950.0,2.8004234996523243
29000.0,1.0203399690320998
29050.0,3.208142625358055
29100.0,2.8795116826508997
29150.0,3.3475223563921794
29200.0,3.5632954524185623
29250.0,4.481629202109595
29300.0,3.909605094696045
29350.0,4.526820743699838
29400.0,3.9573489927565504
29450.0,3.380027640868176
29500.0,3.9564008752585185
29550.0,2.6634916240231674
29600.0,2.750378786394544
29650.0,3.1704371539036798
29700.0,1.7063944384044032
29750.0,2.2157624252174313
29800.0,3.0192686870431302
29850.0,2.453666375130225
29900.0,4.520054535665734
29950.0,3.264935433892838
30000.0,2.553230288480799
30050.0,3.397259144224046
30100.0,3.2028428577156536
30150.0,4.221251566638985
30200.0,1.9678397232188505
30250.0,4.743436998501425
30300.0,3.582245273738917
30350.0,4.004149484990896
30400.0,3.8152570069503824
30450.0,4.4292986019649465
30500.0,4.274703460582865
30550.0,3.5421032152356537
30600.0,2.9572075079637
30650.0,3.5963581105838647
30700.0,3.48947024896709
30750.0,4.000229669087782
30800.0,4.287395967787893
30850.0,3.8441233852295467
30900.0,2.6600372707676594
30950.0,4.392562509353052
31000.0,4.447885129915817
31050.0,4.156512348172921
31100.0,2.5549536092826934
31150.0,3.6256019713355543
31200.0,2.4966773910545776
31250.0,2.6935459779467297
31300.0,2.423402854768518
31350.0,3.081861124906057
31400.0,1.686711000810713
31450.0,2.980547244633348
31500.0,3.604881667738563
31550.0,3.564740819728485
31600.0,2.8025690031811634
31650.0,3.1840509636263827
31700.0,2.3968496843705083
31750.0,3.861217415508446
31800.0,2.70615797095337
31850.0,2.787632116910176
31900.0,4.317055319912658
31950.0,3.926969210032112
32000.0,3.611506885282201
32050.0,3.5386557786638604
32100.0,4.565993084724311
32150.0,2.6045483657173656
32200.0,1.4035991236470533
32250.0,3.8256588692330307
32300.0,3.1207977805768787
32350.0,3.1719727201716377
32400.0,3.1341485661189834
32450.0,3.194334163152059
32500.0,2.6014012888795826
32550.0,3.3250668924875897
32600.0,3.4064923464184473
32650.0,3.217049147197555
32700.0,2.9119375059377894
32750.0,4.01612337960102
32800.0,2.4313335335789796
32850.0,3.5265944027785934
32900.0,4.01179408933636
32950.0,3.8666516843946823
33000.0,3.438323863459984
33050.0,1.3582680624767034
33100.0,2.9913344645287556
33150.0,3.7936531598051277
33200.0,3.371314114601275
33250.0,3.8770704776033384
33300.0,2.999893191671316
33350.0,3.7009393862596105
33400.0,2.2447649506984266
33450.0,2.522416685341824
33500.0,2.9164000044966363
33550.0,5.1480928985367465
33600.0,2.4942507824916524
33650.0,4.251641118480761
33700.0,2.8467654508475673
33750.0,2.50201586938628
33800.0,2.7999038985061038
33850.0,2.2314303107464397
33900.0,2.6410162721020853
33950.0,2.387754795086474
34000.0,2.4514860978913613
34050.0,3.5890246855358154
34100.0,2.3084843658007332
34150.0,4.459918670259298
34200.0,3.512163034589635
34250.0,4.103787520745151
34300.0,2.716261641318855
34350.0,3.1549760762602603
34400.0,3.321728142153072
34450.0,2.4570473444491525
34500.0,3.0823025437099574
34550.0,3.41106964070777
34600.0,3.055907238802466
34650.0,2.6981070024249547
34700.0,2.8036021729300735
34750.0,2.9493557030507542
34800.0,2.6448945859236916
34850.0,2.9474556697152186
34900.0,3.1753094893891176
34950.0,1.792704252689418
35000.0,2.3291399148589047
35050.0,3.5154646851497735
35100.0,2.867402114329043
35150.0,2.8061349731595273
35200.0,3.9768086989436364
35250.0,2.364951212021965
35300.0,1.7421230894787656
35350.0,2.110779645168492
35400.0,0.7374240414755688
35450.0,3.0380717953622387
35500.0,2.3302733442027055
35550.0,2.122282749020771
35600.0,2.3155721035875327
35650.0,1.9688543018671065
35700.0,2.2731893355546395
35750.0,2.530037429597249
35800.0,2.535149371624201
35850.0,4.720785180102712
35900.0,2.2490213407160744
35950.0,4.243558059060419
36000.0,2.3870034711537915
36050.0,3.0380405867433837
36100.0,3.6032340476890243
36150.0,2.1640241450847015
36200.0,3.4824851508566934
36250.0,4.125405094857122
36300.0,3.763559880114653
36350.0,3.114686295835454
36400.0,3.5881707111205507
36450.0,3.4214766855813457
36500.0,3.577121506143543
36550.0,4.666682212882862
36600.0,3.8133810677502735
36650.0,3.294933002829127
36700.0,3.8087000241585156
36750.0,4.14437121436478
36800.0,3.479093809865753
36850.0,3.0922784625741477
36900.0,3.992532386725984
36950.0,3.717672179185784
37000.0,3.854309363340784
37050.0,2.996482158864351
37100.0,4.112429027936014
37150.0,3.4162690858892653
37200.0,3.002343959395052
37250.0,2.2263196509568917
37300.0,2.0044409222188677
37350.0,1.4197530558686098
37400.0,1.547994754327893
37450.0,3.31469514898609
37500.0,3.235194416602942
37550.0,2.2601058820501025
37600.0,2.322797593354755
37650.0,3.3499401012053482
37700.0,2.6809351522285088
37750.0,3.639369246782122
37800.0,3.4334541873893794
37850.0,3.4744927450283396
37900.0,3.5252513143410624
37950.0,3.945680465517885
38000.0,3.4328712746040972
38050.0,3.0908569095888176
38100.0,2.9343661100448273
38150.0,3.3909994869918503
38200.0,2.9334972645647546
38250.0,2.591175311679555
38300.0,2.603497953337294
38350.0,3.6233220742895904
38400.0,3.8600827986044206
38450.0,2.647071220684347
38500.0,2.475904457761631
38550.0,2.7977291146317596
38600.0,2.6989765109342843
38650.0,3.801625180110737
38700.0,2.8329993943253524
38750.0,2.46807230859638
38800.0,2.1917063756778083
38850.0,2.450832695662666
38900.0,2.657780937496413
38950.0,2.63851992241729
39000.0,3.6317617700913343
39050.0,2.451607502379813
39100.0,2.6129235794409746
39150.0,3.241999676889035
39200.0,3.0849799542889746
39250.0,2.2403089487403145
39300.0,3.664668272242144
39350.0,3.827712028511346
39400.0,3.866067074910948
39450.0,3.131385942935438
39500.0,3.6417972604733553
39550.0,1.7907228069756131
39600.0,3.4910854437716416
39650.0,3.7105545875665844
39700.0,3.527843062325009
39750.0,3.374877940139743
39800.0,3.469767875715248
39850.0,4.170478072541247
39900.0,3.634074473355816
39950.0,4.174992328207289
40000.0,3.9477789134731376
40050.0,2.920034109990948
40100.0,3.23780434233536
40150.0,2.583486801350256
40200.0,3.6908780483562467
40250.0,3.967491318158077
40300.0,3.15222170951564
40350.0,3.5843252418016007
40400.0,3.343697257911731
40450.0,4.040799492021197
40500.0,4.0486177676934725
40550.0,3.998014436012379
40600.0,3.717860456080485
40650.0,3.2224512543710624
40700.0,3.762165750150512
40750.0,3.346090041206701
40800.0,3.5000551797127124
40850.0,2.9948276405318235
40900.0,3.3980863566860684
40950.0,3.1173360201163125
41000.0,2.99158437133351
41050.0,3.0485038449664255
41100.0,3.586710555040088
41150.0,3.7618582496240336
41200.0,3.872571334439293
41250.0,3.9093471846578947
41300.0,4.583510211953019
41350.0,4.164924166977687
41400.0,3.9957105598185785
41450.0,3.4820978444893878
41500.0,3.605286258339677
41550.0,4.05752492205116
41600.0,3.4731697797718226
41650.0,3.6647910006753976
41700.0,4.175798364384174
41750.0,3.6040673417423763
41800.0,3.8577312285029812
41850.0,3.5517451258130825
41900.0,3.939706410736095
41950.0,3.465771542921402
42000.0,3.5619226338856835
42050.0,4.068552587455595
42100.0,3.997249031897731
42150.0,3.4093100042753837
42200.0,2.978018845872605
42250.0,3.068546912040348
42300.0,3.2260494550891265
42350.0,3.4350113989882876
42400.0,4.3218863557953195
42450.0,4.294008401753777
42500.0,2.655600643286552
42550.0,3.8344737389939985
42600.0,3.5920748864351957
42650.0,3.3725063437606524
42700.0,3.51921935268966
42750.0,3.61094040814244
42800.0,4.371690251275321
42850.0,4.208968005337584
42900.0,3.735999184261465
42950.0,3.1301283993470275
43000.0,3.4909769644095077
43050.0,4.515240829655228
43100.0,3.6557613000605156
43150.0,3.2656701542572826
43200.0,3.678488568616543
43250.0,4.127176824129483
43300.0,4.2996496588384465
43350.0,4.205566114139351
43400.0,3.6910957806000972
43450.0,4.483413640285304
43500.0,4.2047351985127035
43550.0,4.456051558905251
43600.0,4.472135512811805
43650.0,4.2232797867283836
43700.0,3.9619953750239034
43750.0,4.358380503025417
43800.0,3.440991540000148
43850.0,4.175403888471644
43900.0,3.497444291780813
43950.0,3.6090295927646423
44000.0,3.4938518580097533
44050.0,3.5098039330012196
44100.0,3.870997074825513
44150.0,3.3302523703560776
44200.0,3.8987950913973433
44250.0,3.980766956295224
44300.0,3.9702139831839793
44350.0,3.90401177595372
44400.0,2.8981555234748964
44450.0,3.6444735392042777
44500.0,3.173026371333304
44550.0,4.202592841765855
44600.0,3.739490212769854
44650.0,3.4371049036118113
44700.0,4.303776627769044
44750.0,4.185142064390329
44800.0,3.159272421605814
44850.0,4.0088005106064335
44900.0,4.205922911037214
44950.0,2.6739448876575445
45000.0,3.7151868277784263
45050.0,3.1749637093506387
45100.0,3.1284807597353184
45150.0,3.130270994606021
45200.0,4.239211585322047
45250.0,3.7328375941828784
45300.0,3.3672847266162442
45350.0,3.5463069276835117
45400.0,3.80565439700267
45450.0,2.9748770244461675
45500.0,2.9076612165125755
45550.0,2.7665469508517755
45600.0,3.0094688854410427
45650.0,3.275701239379831
45700.0,2.754885203887082
45750.0,3.2822710460342495
45800.0,2.924464723829562
45850.0,4.021415624034262
45900.0,2.8561830897310863
45950.0,3.6992016746575214
46000.0,3.962524257652619
46050.0,3.9274659619754773
46100.0,3.6593136666102777
46150.0,3.424063688067042
46200.0,3.680406202210855
46250.0,3.9961090584253345
46300.0,3.9134398577727563
46350.0,3.725332602586938
46400.0,3.327294244175913
46450.0,3.9241032487414667
46500.0,3.5828750952889625
46550.0,3.1987634763643746
46600.0,3.0123242399679224
46650.0,4.140454846892705
46700.0,3.11261926188707
46750.0,3.750593745319653
46800.0,3.9433610566856605
46850.0,4.546977783552889
46900.0,3.8291748596327135
46950.0,4.094554674020189
47000.0,4.094593201347263
47050.0,3.7282306661685105
47100.0,2.36549890268722
47150.0,3.878245729104323
47200.0,3.2731336877964265
47250.0,3.807020320823052
47300.0,3.867090442283764
47350.0,4.785809257743109
47400.0,4.710212061296086
47450.0,3.6763656067834143
47500.0,4.290055817641068
47550.0,4.294589965576043
47600.0,3.7677828118064607
47650.0,4.235905701983882
47700.0,4.1857271156711
47750.0,4.052872527019997
47800.0,3.5757647220185174
47850.0,3.751747080008447
47900.0,3.682360723684461
47950.0,3.754051618625868
48000.0,3.5739902813010156
48050.0,4.265065598339192
48100.0,4.2013790191851
48150.0,2.801461677504904
48200.0,3.2958591574108516
48250.0,2.805367790495359
48300.0,3.6024698575716463
48350.0,3.543797900328418
48400.0,2.7138348440097158
48450.0,3.5578221429560153
48500.0,3.1341500597919834
48550.0,3.6939254494982086
48600.0,3.198886401011068
48650.0,4.087309583799119
48700.0,3.756991678808192
48750.0,3.878325523782501
48800.0,3.6137485272253778
48850.0,3.272704458122996
48900.0,3.6968371648225564
48950.0,3.8708932934854507
49000.0,4.095181417582374
49050.0,3.8439826446868985
49100.0,4.1465519564397475
49150.0,3.543850363637501
49200.0,3.7626811869165437
49250.0,4.304787042294109
49300.0,4.620672188612383
49350.0,3.832400075428454
49400.0,3.6178530422641435
49450.0,2.730728501037818
49500.0,3.1334472992148426
49550.0,3.46020147806576
49600.0,3.7768330494397087
49650.0,3.527517528429128
49700.0,3.672898216812996
49750.0,4.310739842623453
49800.0,3.579718662910257
49850.0,3.9065330256863913
49900.0,3.453893556219447
49950.0,2.7432459490177137
50000.0,2.5598823132930817
50050.0,3.4547057083632695
50100.0,3.2081114407282434
50150.0,3.973282942060034
50200.0,3.046868936299414
50250.0,4.1013267882438456
50300.0,4.384404660114794
50350.0,3.845137912778964
50400.0,3.8716872534790743
50450.0,3.837720804132115
50500.0,4.416002412837729
50550.0,3.762526449425465
50600.0,4.630948533520527
50650.0,4.349598582020164
50700.0,3.0770296616558874
50750.0,3.6458301682034273
50800.0,3.424474339159032
50850.0,2.6193328602100854
50900.0,3.4941263956589736
50950.0,4.171391823026888
51000.0,3.4656027010174126
51050.0,3.248937189129279
51100.0,3.3616204895410515
51150.0,3.7868398982313987
51200.0,3.502614130839374
51250.0,3.282836048971492
51300.0,3.367919369239452
51350.0,3.080842968419824
51400.0,3.384283604965513
51450.0,3.9867505433680352
51500.0,3.7252257118249927
51550.0,4.099438161550531
51600.0,3.896782156936449
51650.0,4.6261281500617315
51700.0,3.46532834301736
51750.0,3.1594462003605677
51800.0,3.4736975071779814
51850.0,3.568892112243403
51900.0,4.1213192940414345
51950.0,3.1640807170597482
52000.0,3.707571169686515
52050.0,2.9843939922965945
52100.0,3.7359596443411753
52150.0,3.438399650123264
52200.0,4.347778886271268
52250.0,3.4598379355225624
52300.0,4.969636347651373
52350.0,3.4263850861126923
52400.0,2.6257382843858053
52450.0,2.9227881150761887
52500.0,2.73475516219022
52550.0,3.362647403708698
52600.0,3.283958578883683
52650.0,4.371052312836057
52700.0,2.5312676154520894
52750.0,2.954386559862265
52800.0,2.882307754551703
52850.0,2.8421647581909877
52900.0,2.806028167997898
52950.0,4.438649041101483
53000.0,3.077822351877345
53050.0,3.400627793193181
53100.0,3.100800963763906
53150.0,3.270623028402699
53200.0,3.4614741744972535
53250.0,4.085322832222662
53300.0,3.896333080163441
53350.0,0.6325397584769357
53400.0,1.1002266709275865
53450.0,2.1535742462983203
53500.0,0.7533931746760071
53550.0,1.0967660995348674
53600.0,1.7445293178733756
53650.0,3.351129597630712
53700.0,2.989465714502061
53750.0,2.293685232638378
53800.0,2.644501561758204
53850.0,2.7624271882452596
53900.0,0.630947376829843
53950.0,1.2083825668084607
54000.0,1.6423702213272535
54050.0,0.8828365974459451
54100.0,0.6410200716123409
54150.0,1.4131840708752155
54200.0,1.2775753851712823
54250.0,1.142536123716776
54300.0,1.3707295489929414
54350.0,3.0762784421077525
54400.0,2.2670240420483645
54450.0,2.6600135447284727
54500.0,1.3508857929381717
54550.0,2.5537006103460103
54600.0,3.1625571983555747
54650.0,2.2040416373551817
54700.0,2.1109450710639064
54750.0,2.2477296936392497
54800.0,3.6190997733654284
54850.0,1.930515923204212
54900.0,2.922325908349723
54950.0,3.36111475754013
55000.0,3.9471222485285447
55050.0,3.3990290343707774
55100.0,2.968060179938228
55150.0,3.9744677063236304
55200.0,2.2961229230868847
55250.0,4.053603797186536
55300.0,3.0372646815221094
55350.0,3.98507130021826
55400.0,3.5366078321620695
55450.0,4.238216944001706
55500.0,3.579003425718614
55550.0,4.385646594754057
55600.0,3.5637764546114656
55650.0,3.5427959478436253
55700.0,3.9922562551430434
55750.0,3.619805852841707
55800.0,4.809241332816926
55850.0,3.852515096768031
55900.0,4.060270034008988
55950.0,3.513671324351949
56000.0,3.1223214292014982
56050.0,3.7481456478813118
56100.0,4.021702880402536
56150.0,3.8020128861859304
56200.0,4.134924785113174
56250.0,3.9427283438322194
56300.0,3.0001483850038784
56350.0,3.7415766569937103
56400.0,3.6743162072791664
56450.0,3.6263622427785984
56500.0,4.701859549961346
56550.0,3.939198861172895
56600.0,3.6384703849236737
56650.0,4.5442038011813795
56700.0,3.735840150032878
56750.0,3.7495711009622634
56800.0,4.203592349934491
56850.0,4.86845111475323
56900.0,3.7633212331029466
56950.0,2.60844513863941
57000.0,3.595747739575576
57050.0,4.223184452541301
57100.0,4.774574745298499
57150.0,4.131317110799657
57200.0,4.002909661039599
57250.0,4.695834944548611
57300.0,3.386703502981371
57350.0,3.3495334781014643
57400.0,4.557039295546624
57450.0,4.839597088145506
57500.0,3.962673466975844
57550.0,4.627967432490364
57600.0,4.234298599695192
57650.0,3.960706912053951
57700.0,4.29989534295109
57750.0,3.392650212878642
57800.0,3.6329872782258463
57850.0,3.7113950733598444
57900.0,3.3588222274152377
57950.0,3.7121551546755827
58000.0,3.833759240238586
58050.0,3.700837047849998
58100.0,3.776173067847564
58150.0,3.728214612656192
58200.0,4.226403792798694
58250.0,3.9679975141742507
58300.0,4.447886434911955
58350.0,4.257145053765618
58400.0,4.748317189772371
58450.0,3.2810680329949693
58500.0,4.482866014558449
58550.0,3.5358741139289016
58600.0,3.4583324246272764
58650.0,3.3758111759394827
58700.0,4.3712792775792755
58750.0,3.1247069154592735
58800.0,3.3975439899472777
58850.0,3.335763390146829
58900.0,3.4684426907668295
58950.0,3.3630512715387737
59000.0,2.457985264170469
59050.0,2.771060330278037
59100.0,3.1584937588542594
59150.0,3.7942337577392466
59200.0,4.286815730977616
59250.0,2.7823744709455407
59300.0,3.7488392563961437
59350.0,3.7937186951720276
59400.0,4.2853326824638165
59450.0,4.220376475389869
59500.0,3.9033054421410944
59550.0,3.5592819878608597
59600.0,4.391898849073999
59650.0,4.294053917672608
59700.0,3.0619923621694993
59750.0,4.075694395100905
59800.0,3.6205107683716595
59850.0,3.6224296652509733
59900.0,4.043993915544331
59950.0,4.318379140477651
60000.0,3.7372950407820813
60050.0,3.968548120561639
60100.0,3.933982184692646
60150.0,4.838399031498833
60200.0,4.240813035929813
60250.0,4.592970780201728
60300.0,4.386864826711543
60350.0,4.300906157368424
60400.0,2.9954951482991965
60450.0,3.5287537027596114
60500.0,3.386129384365253
60550.0,4.037842828422937
60600.0,4.463148236208819
60650.0,3.7471874177483304
60700.0,3.722809641551424
60750.0,2.437494067383333
60800.0,2.4078387770598515
60850.0,2.0015198509853964
60900.0,4.530992416574977
60950.0,3.4858537291094422
61000.0,3.1393442963611267
61050.0,3.1902982566389544
61100.0,4.652620473510495
61150.0,3.737014564660829
61200.0,3.5661859033152554
61250.0,3.3788274914075007
61300.0,3.3346655069123194
61350.0,3.700879052155721
61400.0,4.122450365059567
61450.0,3.9001783359599376
61500.0,3.078839778614983
61550.0,3.954162198728025
61600.0,3.433640783329356
61650.0,2.8359975038868583
61700.0,3.3270212646790682
61750.0,2.9932888496165093
61800.0,1.44103596617368
61850.0,2.062664169914018
61900.0,2.862024879976883
61950.0,3.330970542543684
62000.0,2.8027454017660567
62050.0,3.982772809379191
62100.0,3.446427519409418
62150.0,3.911657318336757
62200.0,3.6890504486785165
62250.0,3.7709011557085472
62300.0,3.617664909271163
62350.0,4.012154061402197
62400.0,2.8612015058433475
62450.0,2.700035907648807
62500.0,0.9278430347643071
62550.0,3.071510077759584
62600.0,2.74061804212833
62650.0,1.266722049391425
62700.0,2.7556619148885653
62750.0,2.841440120972408
62800.0,2.7148083091228323
62850.0,2.1497406268170796
62900.0,2.8849380661110477
62950.0,2.7804103910684357
63000.0,3.4439054781815632
63050.0,4.004408563768223
63100.0,2.8622652934204322
63150.0,2.8883199360931964
63200.0,2.0055161851931604
63250.0,3.3559168110718702
63300.0,3.0972192787702286
63350.0,1.0653582404968627
63400.0,3.445846706039994
63450.0,3.185494086782581
63500.0,1.743727490798038
63550.0,2.606412775240963
63600.0,2.5686354586677353
63650.0,3.580028434940235
63700.0,3.3899126245312474
63750.0,3.3396051810874985
63800.0,3.874349608743126
63850.0,4.2566737987850765
63900.0,3.371702684359744
63950.0,1.6964616784956863
64000.0,4.397030408469861
64050.0,3.5427375919472164
64100.0,2.759019962964817
64150.0,3.7543263329159706
64200.0,3.3889480723237586
64250.0,2.0811781781662773
64300.0,1.649507894494315
64350.0,1.4441923974733708
64400.0,1.0435487648904995
64450.0,1.2113971179415266
64500.0,2.968293554554495
64550.0,1.7000561505226481
64600.0,2.5873695412953106
64650.0,3.4783603159652183
64700.0,3.2207731131610036
64750.0,3.3711421654302685
64800.0,2.3744045743167543
64850.0,2.752306829427621
64900.0,2.493767350461712
64950.0,3.5041368631486454
65000.0,2.3576428205351667
65050.0,2.871286083058063
65100.0,3.041280478795155
65150.0,3.4864971720283586
65200.0,2.901685412279537
65250.0,3.412050526290315
65300.0,2.787270230671363
65350.0,2.4683163236623167
65400.0,3.9093955667015288
65450.0,2.237449595992192
65500.0,2.00641028903871
65550.0,1.8069268776652296
65600.0,2.0264687523599596
65650.0,3.205087744217698
65700.0,0.5060611506444886
65750.0,2.0957304445518523
65800.0,0.7867666689644554
65850.0,3.291486292847233
65900.0,2.8541323934599627
65950.0,1.9870063078431293
66000.0,2.4588790566518877
66050.0,2.122399328436388
66100.0,3.803221398019166
66150.0,1.0024447639502674
66200.0,2.306423885087913
66250.0,3.589381279299914
66300.0,2.5668587904982036
66350.0,4.805142857614244
66400.0,3.949594178806012
66450.0,3.226808520058261
66500.0,2.5046522527321584
66550.0,4.654837090649548
66600.0,4.382189352428334
66650.0,4.152454894740009
66700.0,4.649524001835477
66750.0,4.8462960266192
66800.0,3.3704167302515704
66850.0,3.9277232102228736
66900.0,4.12946557270332
66950.0,4.133471884426733
67000.0,3.8810550847900234
67050.0,3.917192930105618
67100.0,4.475408915504664
67150.0,4.110645712371675
67200.0,4.112725719628989
67250.0,4.909420417719331
67300.0,4.386227112714543
67350.0,4.84957876488377
67400.0,3.473901424506341
67450.0,3.61957142774739
67500.0,4.385088501476323
67550.0,3.221241459330776
67600.0,3.7482389098022484
67650.0,4.2612163730648716
67700.0,3.538941875015742
67750.0,4.550704613426349
67800.0,4.17661284801593
67850.0,3.4204951154450187
67900.0,3.3171190994466007
67950.0,3.7710630991296554
68000.0,3.5556275332461604
68050.0,3.8796490563676174
68100.0,4.34080459871462
68150.0,4.126416008959805
68200.0,4.152338310645623
68250.0,4.23379257735066
68300.0,4.914566372038388
68350.0,5.307936004830002
68400.0,4.158616837393784
68450.0,3.235134741504554
68500.0,3.4396177851390886
68550.0,4.108466992128741
68600.0,4.1626211429424975
68650.0,3.673403712694722
68700.0,4.288997370793667
68750.0,4.925623768921399
68800.0,4.21893689727044
68850.0,4.316238989625358
68900.0,4.371599628627476
68950.0,4.759013153810164
69000.0,5.683416337439498
69050.0,5.894319160369889
69100.0,6.4864969812543665
69150.0,5.709611446436354
69200.0,4.864491485024151
69250.0,4.738703597600263
69300.0,3.8892662505689293
69350.0,3.760611312762783
69400.0,3.554010742584026
69450.0,3.5327135518026638
69500.0,4.004422612283889
69550.0,3.13912026006381
69600.0,3.7710889337501636
69650.0,4.155164350252668
69700.0,3.6299457077312085
69750.0,3.6292530419975817
69800.0,4.09101545641641
69850.0,3.8909589920076684
69900.0,4.0930324782695
69950.0,3.761755161105943
70000.0,3.558451982464897
70050.0,4.3018519514798506
70100.0,3.8360670365416536
70150.0,3.1866741989039222
70200.0,4.857570262490078
70250.0,3.991814543108285
70300.0,4.341196403315666
70350.0,3.505079323914886
70400.0,4.405779921456854
70450.0,3.7911615215361225
70500.0,4.05483770344611
70550.0,3.2240668816082123
70600.0,4.35167743760928
70650.0,4.4525150212748015
70700.0,4.211802423787408
70750.0,3.796391628267429
70800.0,4.602228854028169
70850.0,4.349781151542334
70900.0,4.374810937954821
70950.0,4.315586516124525
71000.0,3.8198797396786026
71050.0,3.351339914216797
71100.0,4.275802659025376
71150.0,3.3890566874487056
71200.0,4.2980540016046564
71250.0,3.3300768896704467
71300.0,3.108649187536283
71350.0,3.6407974023735776
71400.0,3.628082733778698
71450.0,3.6741657303565596
71500.0,4.505350276696656
71550.0,3.8482320016612483
71600.0,4.082623326532714
71650.0,4.073951717791928
71700.0,4.759505166373316
71750.0,4.922946848506435
71800.0,4.563046754285075
71850.0,4.829934779770212
71900.0,5.1212983750142556
71950.0,5.019052535847864
72000.0,3.674478935830461
72050.0,4.583644631503959
72100.0,4.906342688279958
72150.0,4.385865003815349
72200.0,4.054046509353509
72250.0,4.789299900446153
72300.0,3.943931247233384
72350.0,2.8353100620929435
72400.0,2.9147017657189944
72450.0,4.202530554141721
72500.0,3.562780494545566
72550.0,1.3678394796025881
72600.0,2.5144321633452464
72650.0,3.709055106043361
72700.0,3.993003129599082
72750.0,2.1149442632053255
72800.0,2.3615837356529896
72850.0,3.6350226454842525
72900.0,2.475417334311671
72950.0,3.5878780314196193
73000.0,3.363832616686534
73050.0,4.0334990595892695
73100.0,3.5237189332098913
73150.0,3.4192700107816196
73200.0,4.174658730457337
73250.0,4.058791258205558
73300.0,4.588659026289544
73350.0,3.614662982432915
73400.0,4.431950007794328
73450.0,4.058244264690333
73500.0,3.8379409292201316
73550.0,4.138281732659406
73600.0,4.535917798157245
73650.0,4.6125214538946695
73700.0,3.6212389087374226
73750.0,2.9098079190707358
73800.0,3.7664861461868644
73850.0,4.1351415231281665
73900.0,2.026840542986971
73950.0,3.7166313690720485
74000.0,3.0431712103711077
74050.0,4.1325357417862065
74100.0,3.8087399399027
74150.0,2.4704621016414197
74200.0,4.523289500298218
74250.0,3.413001253646572
74300.0,3.8816705949481554
74350.0,4.715671720099567
74400.0,4.865684374892856
74450.0,3.585442284368721
74500.0,2.4091039924719775
74550.0,3.764957326217242
74600.0,2.7209175626682223
74650.0,2.9158353186562644
74700.0,4.580946056826911
74750.0,4.188384146480961
74800.0,5.172121499746995
74850.0,4.213466633088463
74900.0,4.433071659104163
74950.0,3.6349015217622713
75000.0,2.9645235056409964
75050.0,3.7569558677173274
75100.0,3.4320824870299127
75150.0,3.964767984192588
75200.0,3.4590178243442278
75250.0,3.8178643353204063
75300.0,4.512220692457951
75350.0,4.056342124237158
75400.0,3.8616824354576647
75450.0,3.5215164698048356
75500.0,4.426603052840141
75550.0,3.3839171884569264
75600.0,3.324888420817769
75650.0,3.55225036474436
75700.0,3.9691942868520567
75750.0,4.104947873343241
75800.0,3.694254016863438
75850.0,3.339533737443973
75900.0,4.478502161455771
75950.0,4.184422719284488
76000.0,3.9395551990138267
76050.0,3.2154157250556814
76100.0,2.835012653734621
76150.0,4.253220434059888
76200.0,3.507974906634005
76250.0,4.437591137450916
76300.0,3.9657751349868664
76350.0,4.2625921889424925
76400.0,4.506282433340758
76450.0,4.070895799286635
76500.0,2.8478381822133456
76550.0,3.3867107180745153
76600.0,3.91461410355078
76650.0,3.334198188082299
76700.0,3.6805024566981897
76750.0,3.984332150506753
76800.0,3.985786025432951
76850.0,3.503899388145447
76900.0,4.5580457401444345
76950.0,5.062422676763791
77000.0,4.132576047334667
77050.0,3.9687371981718567
77100.0,4.4464895938570885
77150.0,3.859287640953727
77200.0,3.5976210426862445
77250.0,4.104679422071373
77300.0,4.624889044673111
77350.0,4.322199301209066
77400.0,4.227683655527573
77450.0,3.973489116928509
77500.0,3.7754090338416515
77550.0,3.196453004553963
77600.0,3.619848653261299
77650.0,4.213099194393333
77700.0,3.8478290903446006
77750.0,3.628622618257398
77800.0,3.8293331316746095
77850.0,4.772315022169519
77900.0,3.696540719022941
77950.0,4.337945630844794
78000.0,3.5640949999993197
78050.0,4.075828699019479
78100.0,3.8158878682145967
78150.0,3.3926560575082223
78200.0,4.095399518955171
78250.0,3.4042619166847325
78300.0,3.343307904664596
78350.0,2.7965871125644672
78400.0,3.4149342614719145
78450.0,3.7431807642609796
78500.0,2.8640702208574917
78550.0,3.963808978659596
78600.0,3.5940070072089725
78650.0,4.380742052530477
78700.0,3.7625128473725735
78750.0,3.471511743699038
78800.0,3.5675470699026848
78850.0,3.90402091008431
78900.0,4.877704645866679
78950.0,4.474517581787837
79000.0,4.261509472980432
79050.0,4.344755256881472
79100.0,4.3649627033755625
79150.0,1.9188724179265395
79200.0,1.7233339724224241
79250.0,3.6267618933531196
79300.0,3.0682036471950185
79350.0,2.462130443749624
79400.0,2.050823464606702
79450.0,3.8175745513003285
79500.0,2.870119640238006
79550.0,2.0177885970047567
79600.0,2.909792756245081
79650.0,4.3239458116710745
79700.0,4.452347614096321
79750.0,4.122740483346512
79800.0,2.8431468324986997
79850.0,2.814993116467524
79900.0,4.541477055527163
79950.0,3.8789278015867388
80000.0,3.7036472555863478
80050.0,3.946263687938074
80100.0,3.8241067491123486
80150.0,3.8810916041517545
80200.0,3.7071520293661595
80250.0,3.113211982652871
80300.0,2.8860692953884155
80350.0,3.2110147572868937
80400.0,4.5878305737910114
80450.0,3.9072897534211357
80500.0,3.9304719170823086
80550.0,3.9299629819307698
80600.0,3.686244656885739
80650.0,3.4107789916812647
80700.0,4.075623799331569
80750.0,4.213051519229345
80800.0,3.774163173462481
80850.0,5.150236290115262
80900.0,4.28022156115381
80950.0,3.7468601487316877
81000.0,3.0715616529981067
81050.0,4.140846624379953
81100.0,4.603061169632146
81150.0,4.255761141809248
81200.0,3.6676546786365685
81250.0,3.695335688436271
81300.0,3.9113121847627115
81350.0,4.917103227552352
81400.0,3.701589156893994
81450.0,3.759507549179361
81500.0,4.445994914126055
81550.0,3.6641358139193607
81600.0,3.10707338162658
81650.0,3.0688417189346544
81700.0,4.122401677077408
81750.0,3.9673390923787144
81800.0,3.3727435106254653
81850.0,3.531837991184817
81900.0,3.843175542218782
81950.0,4.017072339565127
82000.0,3.2639056689031056
82050.0,2.9658371673361024
82100.0,3.5773748514361716
82150.0,4.180870590445921
82200.0,3.385745740420648
82250.0,3.4167346021936162
82300.0,4.102852864733923
82350.0,4.41675176167661
82400.0,3.5443605887434737
82450.0,4.440653681020818
82500.0,3.4080018135428314
82550.0,3.8707347785462307
82600.0,4.145756616320431
82650.0,3.216270519893765
82700.0,4.100841727969247
82750.0,3.5529380323259354
82800.0,4.120153629812704
82850.0,3.444546098857099
82900.0,4.510840631878618
82950.0,4.161898208145902
83000.0,3.553830227160914
83050.0,4.139804423408942
83100.0,4.362039521933117
83150.0,3.097705019132183
83200.0,4.471125141521866
83250.0,4.47864150499447
83300.0,4.245491014173606
83350.0,3.542030609845447
83400.0,4.478272010111081
83450.0,3.800587827092975
83500.0,4.4842938098325344
83550.0,4.161224682711857
83600.0,3.105056286000224
83650.0,4.544290153041078
83700.0,3.3647733968632494
83750.0,4.448864975099715
83800.0,3.4673606685096487
83850.0,4.566730482639952
83900.0,4.170910418173892
83950.0,3.129598049894046
84000.0,3.72425753205863
84050.0,4.015505662293709
84100.0,3.6095187200893992
84150.0,3.0436927657888404
84200.0,1.535117150238874
84250.0,4.644719645046178
84300.0,2.971696950183717
84350.0,3.176549906983842
84400.0,2.3010612759454494
84450.0,3.0669018583398375
84500.0,1.259603364069768
84550.0,2.497214803525459
84600.0,1.4931812708629157
84650.0,1.2667260449886562
84700.0,2.0144704928626154
84750.0,2.386565886068076
84800.0,3.5988012072657085
84850.0,2.0802377939030388
84900.0,2.7197594884124223
84950.0,3.2546539760297404
85000.0,2.7185825727466466
85050.0,2.8466294541592014
85100.0,2.681733194984806
85150.0,1.8027983762806439
85200.0,3.277267739272056
85250.0,3.0051427950124157
85300.0,4.063632216027018
85350.0,3.5576770867692527
85400.0,4.294188923580355
85450.0,3.906113496838264
85500.0,3.4567777405310633
85550.0,4.097118056296621
85600.0,3.581561294316936
85650.0,2.5127669457035005
85700.0,3.2878403691818665
85750.0,3.1164090350039415
85800.0,3.551250515616558
85850.0,3.827113668229275
85900.0,3.4639289889577634
85950.0,3.7977115570680424
86000.0,3.6987810970688457
86050.0,4.139733653695908
86100.0,3.9734233158201087
86150.0,3.299715722998084
86200.0,2.869388789054081
86250.0,3.8548416940394667
86300.0,3.4203081663633172
86350.0,2.56253815115913
86400.0,3.04561473986896
86450.0,4.039861965279518
86500.0,4.032394296931168
86550.0,4.2860942341723245
86600.0,3.7038473208557403
86650.0,4.102058681302825
86700.0,3.296573362146669
86750.0,3.670678152686814
86800.0,3.492875449141113
86850.0,4.649579340792011
86900.0,3.2677930102560957
86950.0,3.5314532289122296
87000.0,3.5200683214345223
87050.0,3.8959723578868557
87100.0,4.160241771422568
87150.0,3.954474618309544
87200.0,4.214473140640238
87250.0,4.214424938650001
87300.0,4.271839271739117
87350.0,3.399851364033705
87400.0,3.451173054615028
87450.0,4.058707158997503
87500.0,2.6037435184949804
87550.0,3.068908729070527
87600.0,3.394711838919024
87650.0,3.448257102909752
87700.0,3.8906377545184383
87750.0,4.319048374408801
87800.0,3.4948636680311402
87850.0,3.7774807555013235
87900.0,2.871824486093421
87950.0,3.745371109998297
88000.0,3.599083373041339
88050.0,4.124389998031448
88100.0,3.532941730850636
88150.0,2.725967165038375
88200.0,3.7522504986145204
88250.0,2.722938897640249
88300.0,3.6603131348987645
88350.0,3.2744014410834517
88400.0,3.8177095694694314
88450.0,3.7502644901881195
88500.0,4.044992889290303
88550.0,3.5816423312480548
88600.0,3.547801208400782
88650.0,3.8243007707975227
88700.0,3.5784579130113934
88750.0,3.8367133897457673
88800.0,3.8181246291362716
88850.0,3.4426851403192003
88900.0,4.3521280458216145
88950.0,3.112133993060177
89000.0,3.188039755929142
89050.0,3.2128031271339577
89100.0,3.7830400673130877
89150.0,3.2056208464218177
89200.0,4.537609863632934
89250.0,3.703943399980082
89300.0,4.276120126065647
89350.0,3.920009568262916
89400.0,3.7049567895783997
89450.0,3.3720749861985544
89500.0,3.051051057916083
89550.0,2.361521966571808
89600.0,3.0292903424141153
89650.0,3.894007930146262
89700.0,3.2720935524308943
89750.0,3.6560473743611612
89800.0,3.304314185943486
89850.0,2.8044604043948316
89900.0,3.3583752327773575
89950.0,3.5298427842926783
90000.0,3.515121897165579
90050.0,3.519374024481236
90100.0,3.829478813550423
90150.0,3.334877869350274
90200.0,2.7095366483758108
90250.0,3.5578914368576116
90300.0,3.125200809471147
90350.0,2.849787186024483
90400.0,4.563735825648608
90450.0,4.603508750196095
90500.0,4.945893553259968
90550.0,4.836825944805459
90600.0,3.9637579963543725
90650.0,3.780723665995595
90700.0,3.5476480624408966
90750.0,3.3952431489793087
90800.0,3.7008202384988746
90850.0,3.540367535410492
90900.0,3.517451886879393
90950.0,4.114666747908178
91000.0,3.4911043871431797
91050.0,2.9737194345468576
91100.0,3.455097516642554
91150.0,3.399101501674294
91200.0,3.4023660500870077
91250.0,3.5730254228065887
91300.0,3.855449049315747
91350.0,3.5821477467948983
91400.0,3.1967637066932184
91450.0,4.024223043012929
91500.0,2.8849569873527137
91550.0,3.69032088128317
91600.0,4.427559658278701
91650.0,4.328764368177618
91700.0,3.8113620656341802
91750.0,4.065621594418582
91800.0,3.6864198025624177
91850.0,4.181161382952164
91900.0,3.5432895294829216
91950.0,3.191566310919736
92000.0,4.1445170247491925
92050.0,3.827910557614342
92100.0,4.376804448614824
92150.0,4.176095060637052
92200.0,4.1405447058862554
92250.0,4.957011502626401
92300.0,3.9522261507477126
92350.0,3.6336574739796235
92400.0,3.900690500804684
92450.0,3.6313480100076876
92500.0,2.3951988701553586
92550.0,3.8537498202469074
92600.0,3.870775554139273
92650.0,4.54974805700991
92700.0,4.112965225576245
92750.0,3.479924063903374
92800.0,4.894933195040968
92850.0,4.638041247595947
92900.0,3.691732812528313
92950.0,3.0084347895288577
93000.0,4.240538112038804
93050.0,4.05473574829956
93100.0,3.9213473067762323
93150.0,3.7642674460684473
93200.0,4.172195771993117
93250.0,5.124390957706333
93300.0,3.6752808518863875
93350.0,3.509388624891683
93400.0,3.0233385481275814
93450.0,3.5880069923631455
93500.0,3.7526643993327635
93550.0,3.809186990659153
93600.0,4.042994133376933
93650.0,3.0443058870253092
93700.0,3.4761147556684766
93750.0,3.513314563721172
93800.0,3.87342147237089
93850.0,3.042204950176347
93900.0,2.9880409584830923
93950.0,3.5045273357375595
94000.0,4.27341803547705
94050.0,3.6020799219109185
94100.0,4.62160936076787
94150.0,4.008200237097874
94200.0,4.137944406114135
94250.0,3.5985951831943725
94300.0,3.608997943482386
94350.0,3.693518487535461
94400.0,4.711878891873115
94450.0,3.1104295057515055
94500.0,3.850633053743949
94550.0,3.006442641596029
94600.0,2.365858198605912
94650.0,3.987704753726845
94700.0,3.7822456156347557
94750.0,3.9526298880935653
94800.0,2.661634471351595
94850.0,4.414395307564921
94900.0,4.389406153460607
94950.0,4.103703008428666
95000.0,3.563085378000694
95050.0,4.3131067691939
95100.0,4.744994846742961
95150.0,2.9755506154147255
95200.0,3.0445048513787967
95250.0,2.6174212389798286
95300.0,3.2114289508555265
95350.0,3.621352005445367
95400.0,4.457993414719161
95450.0,3.8810415384130876
95500.0,4.7275673392782265
95550.0,3.711463761214298
95600.0,4.512950943419076
95650.0,3.926972625118288
95700.0,3.5714155597390844
95750.0,4.594026967696369
95800.0,4.789403511131779
95850.0,3.8740953719025684
95900.0,3.8237769264106216
95950.0,4.1354441755479305
96000.0,3.0953154814515482
96050.0,4.078452974873495
96100.0,3.9686872061545864
96150.0,4.354882373297935
96200.0,4.565477455800041
96250.0,3.347547532331613
96300.0,3.5102432466681637
96350.0,3.8557232019320877
96400.0,3.0692972359319066
96450.0,3.3635826202476484
96500.0,4.363140584620613
96550.0,3.961550877449432
96600.0,4.274119595359426
96650.0,4.3075984457884955
96700.0,4.138644819847364
96750.0,4.20278298772893
96800.0,3.5849944570354433
96850.0,3.5222827298038495
96900.0,3.599456744430101
96950.0,3.155740750708761
97000.0,3.690353292284801
97050.0,3.9868989562572845
97100.0,4.455172431600848
97150.0,3.8817277365059137
97200.0,5.34801660982462
97250.0,4.736674185812555
97300.0,3.7296743832763126
97350.0,3.4322142555596504
97400.0,3.1813983198875118
97450.0,4.2226408934602855
97500.0,4.110330053290066
97550.0,4.073044653079713
97600.0,3.941790069736448
97650.0,4.7018827574575255
97700.0,3.809514268566577
97750.0,4.399204129461856
97800.0,4.600182391988483
97850.0,3.9553279037669054
97900.0,4.396737985525312
97950.0,4.104993015151019
98000.0,3.919961278688681
98050.0,3.6648177443287233
98100.0,4.7338866191109
98150.0,3.478248162715129
98200.0,4.174695048821101
98250.0,3.842212727321004
98300.0,3.0276690016849948
98350.0,3.2129261443730615
98400.0,3.9075070754666386
98450.0,5.1064054067420805
98500.0,2.658833297479762
98550.0,3.3698217427467316
98600.0,3.613601252300413
98650.0,2.6272785997286863
98700.0,3.656744928859425
98750.0,3.733551219126496
98800.0,3.9074037643769124
98850.0,4.194194994179438
98900.0,3.010080771651815
98950.0,4.464952894355215
99000.0,1.9487423735279916
99050.0,2.733638627413661
99100.0,4.057745807418061
99150.0,4.3370470962057395
99200.0,3.193771042374372
99250.0,2.0457019584238507
99300.0,3.1824481182638906
99350.0,2.7079500960353835
99400.0,2.9211067657621856
99450.0,2.0684992265665985
99500.0,2.296735371235795
99550.0,1.5226301747164466
99600.0,1.870693656664659
99650.0,1.975904262932352
99700.0,2.609999471500531
99750.0,2.1921182903552077
99800.0,1.8957831817184
99850.0,1.4147059546969192
99900.0,2.752755881194618
99950.0,2.8395193155309406
100000.0,3.1305898911255614
100050.0,3.677784355576492
100100.0,1.6539013934814997
100150.0,4.5140353498608885
100200.0,4.191896662101911
100250.0,3.420965564349537
100300.0,2.654316134843367
100350.0,2.75706069726373
100400.0,3.4174420187912604
100450.0,2.7575700633802493
100500.0,2.9438396013639836
100550.0,2.896441524468034
100600.0,3.48289760666907
100650.0,2.012012888095278
100700.0,1.5428897309784226
100750.0,2.675984394665796
100800.0,3.571720660490466
100850.0,3.016385881489139
100900.0,1.5579799748967003
100950.0,3.5908061949464756
101000.0,2.6810446772808207
101050.0,2.297083874573129
101100.0,4.254515940010721
101150.0,2.1419856568920985
101200.0,2.4421659505588593
101250.0,2.0421775161785134
101300.0,2.802247511073015
101350.0,1.9533268638004129
101400.0,2.244307810357432
101450.0,4.024189178497263
101500.0,3.3589246945708937
101550.0,2.687413470629533
101600.0,3.5518181637117765
101650.0,3.7697315312764674
101700.0,4.173725066727868
101750.0,4.079433211435005
101800.0,4.482338219198602
101850.0,2.6586817109159653
101900.0,3.86442751139749
101950.0,4.168610106544998
102000.0,4.0448092176354695
102050.0,4.08446808507219
102100.0,1.2901509065181886
102150.0,2.547049108565789
102200.0,3.0923097095251006
102250.0,4.279976985905528
102300.0,3.4291348839437075
102350.0,4.5804270619376535
102400.0,4.465039462165678
102450.0,3.9465912987877445
102500.0,3.5657226129800392
102550.0,3.4982386886507872
102600.0,3.6936043835700247
102650.0,4.390909743881361
102700.0,3.4555733613864663
102750.0,3.9983020260878104
102800.0,3.549718229477245
102850.0,4.10090481148715
102900.0,3.7760530588070607
102950.0,3.6831893344127105
103000.0,3.447442651713204
103050.0,4.215709023353208
103100.0,4.277242744243578
103150.0,3.9328117950304957
103200.0,4.590131415854421
103250.0,4.120303780926803
103300.0,4.425877058628144
103350.0,4.471690961613043
103400.0,4.158954913474108
103450.0,4.525979598261511
103500.0,4.3455126060808364
103550.0,4.2365471686582845
103600.0,4.1959114410414005
103650.0,3.9749354645880057
103700.0,3.609359597768197
103750.0,3.4191493037190264
103800.0,3.84179268914163
103850.0,3.914200898882945
103900.0,3.994419605937199
103950.0,4.426318464679441
104000.0,3.1441032768783117
104050.0,4.112652228511597
104100.0,3.8057975151832393
104150.0,3.2108844819662252
104200.0,2.832981333632604
104250.0,2.868098770593952
104300.0,4.221338765909747
104350.0,3.44049449826441
104400.0,3.7262856577922414
104450.0,5.118481672287553
104500.0,4.23836132521092
104550.0,4.820411011203883
104600.0,3.762062089654206
104650.0,3.7959038953940416
104700.0,3.779351193892643
104750.0,2.6938635513211886
104800.0,2.762114459589636
104850.0,4.357073040793303
104900.0,3.846428867928946
104950.0,4.223668256536375
105000.0,3.9480370825031357
105050.0,4.51110559618924
105100.0,4.321444525632514
105150.0,4.236611682970438
105200.0,4.4051095176026065
105250.0,4.5611721483190415
105300.0,4.0892436824786405
105350.0,4.030422165110569
105400.0,4.028673560459589
105450.0,4.2491556261412615
105500.0,4.718611474519803
105550.0,3.945804994405876
105600.0,4.794915407969929
105650.0,4.809269684293736
105700.0,5.506727758878194
105750.0,4.549700007685745
105800.0,4.192345873759381
105850.0,5.022756065576574
105900.0,4.116660393797415
105950.0,4.113231067557336
106000.0,4.108489674121093
106050.0,4.194982231024677
106100.0,3.5584941422361704
106150.0,3.3114662652238915
106200.0,2.166357517122473
106250.0,3.2747056156114858
106300.0,4.488776106859689
106350.0,4.430809930685913
106400.0,3.755126768531502
106450.0,4.432932015939594
106500.0,4.248067441404309
106550.0,4.249199997230756
106600.0,4.310197290922016
106650.0,5.224030462673106
106700.0,4.097815144160165
106750.0,4.0567588305067614
106800.0,5.067208715123725
106850.0,4.499476323493512
106900.0,4.339236444205249
106950.0,4.418935960455421
107000.0,3.4530537261133563
107050.0,3.666551059728749
107100.0,4.0817867346037735
107150.0,4.125701655236645
107200.0,4.5838641215106275
107250.0,3.9842953745155745
107300.0,3.843342616085764
107350.0,5.109500386402467
107400.0,4.42766306218825
107450.0,4.559801003984997
107500.0,4.3325063666008
107550.0,4.2270800153940815
107600.0,4.774701240501775
107650.0,4.977607378108461
107700.0,4.160156460169411
107750.0,4.007665671053258
107800.0,4.38060577488816
107850.0,2.477698661161894
107900.0,3.425505736056342
107950.0,3.547122689333389
108000.0,3.0217507442684135
108050.0,1.748855729418583
108100.0,3.157988662419831
108150.0,3.5855800015844226
108200.0,2.1741604846273113
108250.0,2.2122359730601677
108300.0,3.041540059959277
108350.0,3.5431331889763795
108400.0,3.9234275939694125
108450.0,3.278549436951186
108500.0,3.269538151972651
108550.0,4.386182108343783
108600.0,5.674149753687407
108650.0,3.3359206006277664
108700.0,3.063540900018513
108750.0,2.030839462723744
108800.0,3.9904242341199043
108850.0,1.3411139535455805
108900.0,2.1866409529929784
108950.0,2.362308781721035
109000.0,2.8869513987877133
109050.0,3.747024287289779
109100.0,3.3180366690365153
109150.0,1.3423451345479918
109200.0,2.366685360832189
109250.0,2.7962990121397
109300.0,3.814666224290217
109350.0,2.8913101114883686
109400.0,3.367993378050234
109450.0,1.719849017439059
109500.0,3.075285549897936
109550.0,3.219607761735214
109600.0,3.383338585867029
109650.0,2.7758061848041873
109700.0,0.6014960748836884
109750.0,2.545207871982894
109800.0,1.8341450758369615
109850.0,1.214777453755501
109900.0,0.3556661454128121
109950.0,2.2476188782745874
110000.0,4.913602197060224
110050.0,4.188722549211737
110100.0,4.046733760588412
110150.0,4.930739401878097
110200.0,3.900460970510532
110250.0,5.120810115322452
110300.0,4.193490723013647
110350.0,3.129117284747862
110400.0,4.736642503425018
110450.0,2.8370013629590685
110500.0,2.8498551101038063
110550.0,2.5548575285150714
110600.0,2.5047703437903834
110650.0,2.5027172781651403
110700.0,1.5616955536694288
110750.0,1.7677643531241036
110800.0,3.333852905931205
110850.0,3.289024450502165
110900.0,4.189094672168378
110950.0,4.728357262235085
111000.0,3.788587075522592
111050.0,2.7135588984137176
111100.0,4.33817869865109
111150.0,4.425054117169024
111200.0,3.8643199824854504
111250.0,4.041546523323213
111300.0,3.755435365517849
111350.0,3.5274237294557538
111400.0,4.0203196779026396
111450.0,4.627344525249963
111500.0,3.8061105999711446
111550.0,2.8246411315402904
111600.0,4.11559275181214
111650.0,2.8850633753793273
111700.0,3.03778049810026
111750.0,3.9689506377781125
111800.0,3.7124923079198147
111850.0,3.3537012010967464
111900.0,4.632821796937411
111950.0,3.3839169120473573
112000.0,4.1030956416606035
112050.0,3.902318963026665
112100.0,3.622306135954998
112150.0,3.9992113991671845
112200.0,3.7228189382821224
112250.0,4.48886571851765
112300.0,3.7735146294581963
112350.0,4.021603973155764
112400.0,4.093737263295347
112450.0,3.7874669913186594
112500.0,3.8425225599146695
112550.0,3.2522466754740575
112600.0,4.235527640558425
112650.0,4.755399582498862
112700.0,4.256863441393415
112750.0,4.212303448452004
112800.0,4.6386821802566365
112850.0,4.6908761178596015
112900.0,3.795902535095853
112950.0,3.5241013739361424
113000.0,3.8889320158832947
113050.0,3.8459085541417286
113100.0,4.396195434202209
113150.0,4.872839087193425
113200.0,3.658440179775577
113250.0,4.379895638396611
113300.0,4.1660047475541555
113350.0,3.360983633751786
113400.0,4.437027364661265
113450.0,4.08388055598783
113500.0,4.388165297449149
113550.0,4.353513994161605
113600.0,4.311403128809236
113650.0,3.5571488834079115
113700.0,3.426805106408703
113750.0,3.651533499285103
113800.0,4.318991547253382
113850.0,4.262557904608399
113900.0,4.482968355171142
113950.0,4.5083355578292705
114000.0,4.383763557897005
114050.0,3.2334675097890044
114100.0,4.246998119831357
114150.0,4.122147654416023
114200.0,3.581746064935766
114250.0,3.569287211748896
114300.0,4.143077296733532
114350.0,3.5128479170466522
114400.0,3.9143554433663996
114450.0,4.311042727840694
114500.0,3.396111986311427
114550.0,2.9938917592747236
114600.0,4.050541271448206
114650.0,3.8712273445985073
114700.0,3.853528016095964
114750.0,3.6579478446430613
114800.0,3.8737145439128384
114850.0,3.30484218019848
114900.0,3.8652506288392328
114950.0,4.565312673472847
115000.0,3.7314041505635305
115050.0,3.7887469037404786
115100.0,3.7086527571944075
115150.0,3.1401438841721823
115200.0,3.3835643028328546
115250.0,3.960566173503805
115300.0,3.8980111286757064
115350.0,4.410509153286739
115400.0,4.332318006108945
115450.0,3.500995215044312
115500.0,4.1881937420927455
115550.0,3.444891734873447
115600.0,4.184974430059537
115650.0,4.053303650160072
115700.0,3.598526738391385
115750.0,4.210820861312162
115800.0,3.864645974354073
115850.0,4.418471036189075
115900.0,4.0232929206441135
115950.0,3.8369388661646573
116000.0,2.9401677474391996
116050.0,3.3183556490034336
116100.0,3.132589565990136
116150.0,3.705686839247827
116200.0,3.794642349301043
116250.0,3.4139808789639736
116300.0,4.365887832804449
116350.0,4.118967319064022
116400.0,3.3737961204688163
116450.0,3.9848324790984537
116500.0,3.082299816012445
116550.0,4.246621737601578
116600.0,3.2303825643206343
116650.0,3.9311551900100263
116700.0,4.108187924137531
116750.0,3.9884578950572505
116800.0,3.9943156173527523
116850.0,3.350891752524399
116900.0,4.030356419712833
116950.0,3.269341991144598
117000.0,4.026487562437623
117050.0,4.675103696602448
117100.0,3.438806649301574
117150.0,3.8717415893401306
117200.0,3.864608167604097
117250.0,3.4551527859106015
117300.0,3.3750424472021594
117350.0,3.3628079157553885
117400.0,3.3811675850640417
117450.0,4.697084430952295
117500.0,3.84537270435227
117550.0,5.268571441561394
117600.0,4.489645245989602
117650.0,4.570688686441923
117700.0,3.418957496724266
117750.0,3.3238631291183927
117800.0,3.67691648084857
117850.0,4.0635075598532895
117900.0,3.8519296993210026
117950.0,3.723670109682395
118000.0,4.125092980284002
118050.0,3.6456261388773776
118100.0,3.5967341970480184
118150.0,3.910702634160201
118200.0,4.60839601262959
118250.0,4.318121466693099
118300.0,3.77936529896478
118350.0,4.316547640154439
118400.0,3.9102173107336817
118450.0,3.7723858827618186
118500.0,4.43912023437233
118550.0,4.841753196030849
118600.0,5.586090568817299
118650.0,3.70466712023062
118700.0,4.268827239250939
118750.0,3.7600804892519677
118800.0,4.1193908033660716
118850.0,3.9662822382886995
118900.0,3.185683873415923
118950.0,3.8663765690227647
119000.0,3.536393738435975
119050.0,3.5033253947493987
119100.0,3.98664881810096
119150.0,3.5771211845045676
119200.0,3.3775859636120606
119250.0,3.909037566703369
119300.0,4.21389178024107
119350.0,4.661168056026649
119400.0,3.326694226458641
119450.0,4.227915858159194
119500.0,4.242886587773115
119550.0,3.3243492354723916
119600.0,3.2136708256812416
119650.0,4.106615941574768
119700.0,3.8343850939191597
119750.0,4.52549117147273
119800.0,4.0043226258396185
119850.0,3.0910478572007998
119900.0,3.5515920768808034
119950.0,3.2746885651909845
120000.0,3.563942792235941
120050.0,3.953493104080545
120100.0,3.9230208536068902
120150.0,4.330287293034147
120200.0,4.375257948591749
120250.0,4.043722313908243
120300.0,4.5193570913676755
120350.0,4.1402792503798755
120400.0,4.439142424787221
120450.0,3.95727025130401
120500.0,3.946857912053912
120550.0,3.814628561396315
120600.0,4.837046300469561
120650.0,3.9629037464382053
120700.0,4.1410342508626785
120750.0,3.4907030777914874
120800.0,4.818266505745076
120850.0,3.3708590676430554
120900.0,4.082077691128581
120950.0,3.6340893618783365
121000.0,4.428925134536468
121050.0,4.3629001578634465
121100.0,3.9186091859622856
121150.0,4.38457456571636
121200.0,3.696836688917566
121250.0,4.886319551167744
121300.0,4.350124312806589
121350.0,3.6925436975282793
121400.0,5.012592880343443
121450.0,3.203509993066756
121500.0,3.3000015573232986
121550.0,4.112542089558323
121600.0,4.523722624328167
121650.0,4.941313049091182
121700.0,4.6646440117907675
121750.0,4.064453314213533
121800.0,3.6332334047206793
121850.0,3.797195306629738
121900.0,4.303718615443973
121950.0,4.287421433692947
122000.0,5.40537942830545
122050.0,4.563393870796435
122100.0,5.328206801806475
122150.0,5.456033950290057
122200.0,4.8997310620719094
122250.0,4.816117687969659
122300.0,4.187184678327484
122350.0,4.596670338218316
122400.0,4.720602079560059
122450.0,4.585685756906857
122500.0,4.233673155195229
122550.0,2.6131398206563343
122600.0,3.70810832820141
122650.0,3.412825586683385
122700.0,3.9992340621062943
122750.0,4.645232736857926
122800.0,3.8180877237134174
122850.0,3.8370405932936347
122900.0,4.6910758847580745
122950.0,3.895573954577607
123000.0,4.231734908343371
123050.0,3.3370767915139488
123100.0,4.440451324486005
123150.0,4.111216880182356
123200.0,4.213358746305342
123250.0,4.52528478580205
123300.0,4.46095027157361
123350.0,3.9552873089002705
123400.0,4.693334267322313
123450.0,3.7878359439560714
123500.0,4.498509207745037
123550.0,4.222925098042725
123600.0,3.95965835985897
123650.0,3.698268577652402
123700.0,3.0552395845643083
123750.0,3.732705023851439
123800.0,3.9562825480971213
123850.0,3.8813126815210928
123900.0,3.909220020911539
123950.0,4.400282411706558
124000.0,4.047033800278201
124050.0,3.9718630534220805
124100.0,3.46494895644988
124150.0,3.7233547830530944
124200.0,4.004357708926343
124250.0,3.792173428542688
124300.0,4.168466248429057
124350.0,4.612101734535791
124400.0,4.45173993879677
124450.0,3.056322037115596
124500.0,4.2166425204845455
124550.0,4.130207757783931
124600.0,3.8203934471883683
124650.0,3.7091362910746826
124700.0,4.084528991371152
124750.0,3.1648190492196204
124800.0,4.355328733738213
124850.0,3.668142702133731
124900.0,4.2087268424715285
124950.0,3.390187143211433
125000.0,3.961719525707121
125050.0,4.32751407508716
125100.0,3.442366990438087
125150.0,4.139442882923577
125200.0,3.7848888277157773
125250.0,3.435185428155505
125300.0,4.1484205883364496
125350.0,4.769095594933078
125400.0,4.688560166246414
125450.0,3.283382820595919
125500.0,3.3737041819423257
125550.0,3.3166529616933795
125600.0,4.482900989511631
125650.0,4.368409825868408
125700.0,4.881400285155214
125750.0,3.4353867634373807
125800.0,3.9018179779081525
125850.0,3.982083287778913
125900.0,4.477063811851507
125950.0,3.132504840431617
126000.0,4.090745821903623
126050.0,3.8988957900888903
126100.0,3.881096375895135
126150.0,3.2415559550605217
126200.0,3.619474825208385
126250.0,3.9757501058087037
126300.0,4.457690218186681
126350.0,4.43222276573084
126400.0,4.451391382328926
126450.0,4.4182122584307715
126500.0,4.2737565612299875
126550.0,4.084344024474728
126600.0,3.3981449546390925
126650.0,3.105431795184055
126700.0,2.8756038232053402
126750.0,2.9803690703579546
126800.0,3.479163807785033
126850.0,3.516047785780225
126900.0,4.16025145284398
126950.0,3.019056388523856
127000.0,3.997664310215183
127050.0,3.3543981311940563
127100.0,3.8944429015346165
127150.0,3.8196975013087515
127200.0,3.96052932323262
127250.0,3.6562556169037137
127300.0,3.988594162402251
127350.0,3.8940296320834182
127400.0,3.7377241707223927
127450.0,3.8479496870206837
127500.0,3.7762827442809352
127550.0,4.258039480763838
127600.0,4.357531947219254
127650.0,3.935442155092825
127700.0,3.727451806072943
127750.0,3.1823710099166496
127800.0,4.072539576369105
127850.0,3.3973211196198703
127900.0,4.053957899649325
127950.0,3.7091988278954324
128000.0,3.5182650998442377
128050.0,3.4751817781447336
128100.0,4.7675740923333105
128150.0,3.8967019386328148
128200.0,3.8868121471195436
128250.0,4.270551592116314
128300.0,3.9875059347575386
128350.0,3.9092185548413068
128400.0,3.556208218242615
128450.0,3.886144026293186
128500.0,3.55444623709543
128550.0,4.528808561026642
128600.0,3.84451376312562
128650.0,4.3448921750409895
128700.0,3.9330617363173532
128750.0,4.395199719647158
128800.0,4.402670190178696
128850.0,3.667421246753691
128900.0,3.777261294912467
128950.0,3.8369367914622488
129000.0,4.139189584996271
129050.0,4.024648532094792
129100.0,4.629577529782033
129150.0,4.588891227294948
129200.0,4.787160183712939
129250.0,4.262817839199077
129300.0,4.317658344632203
129350.0,4.5959631351121075
129400.0,4.447897071375548
129450.0,4.069530289002799
129500.0,3.6715253241163093
129550.0,3.8072950926970717
129600.0,4.263965293173281
129650.0,3.855941803083531
129700.0,3.15728999632315
129750.0,3.8564474216192983
129800.0,4.410679650560233
129850.0,3.5979125604346476
129900.0,4.54433419029507
129950.0,4.4006930124578165
130000.0,4.244298224253352
130050.0,4.610690960522723
130100.0,4.5140000495977075
130150.0,4.649222798033462
130200.0,3.7525746451388566
130250.0,4.00007469336621
130300.0,4.930148745262318
130350.0,4.069037830872664
130400.0,4.474327522090384
130450.0,4.91761017048287
130500.0,4.23303561287805
130550.0,4.1619846205965745
130600.0,4.1577261516778705
130650.0,4.185220762062885
130700.0,3.319913122589469
130750.0,3.132505078141016
130800.0,3.5948037301158
130850.0,4.246856369822043
130900.0,3.756952150658572
130950.0,3.5871007806456072
131000.0,4.1328048259503625
131050.0,3.467259175605488
131100.0,3.3992620169930627
131150.0,3.6111075133746566
131200.0,4.703232101411458
131250.0,4.930588022880808
131300.0,4.22510231860493
131350.0,3.5675639593119746
131400.0,3.3941365519665747
131450.0,3.821386739863118
131500.0,3.251104709617661
131550.0,4.059789648009511
131600.0,4.085506301570566
131650.0,4.191667793128482
131700.0,3.6587135155193597
131750.0,3.626484050175182
131800.0,4.404413964631987
131850.0,4.303046742735114
131900.0,4.435277050017655
131950.0,3.7327454010979233
132000.0,4.525317445193047
132050.0,3.968891705532652
132100.0,3.2986367159736494
132150.0,3.0828862907154027
132200.0,2.9987668450473577
132250.0,3.9059423050783373
132300.0,4.607048210394844
132350.0,3.6952629960086516
132400.0,3.3046793541252453
132450.0,2.455581471876418
132500.0,3.584033602356576
132550.0,3.888072608509589
132600.0,4.111131220793187
132650.0,4.3649618734875695
132700.0,4.42251221806041
132750.0,3.617886146758708
132800.0,4.1165135196110985
132850.0,3.614831972558393
132900.0,3.749479931793377
132950.0,3.5894955055880735
133000.0,4.008502509364446
133050.0,3.3344398574916196
133100.0,2.7539955587299767
133150.0,3.7848903504070917
133200.0,4.213420496495775
133250.0,2.8831046287698734
133300.0,2.5700004547981528
133350.0,3.3185056903851438
133400.0,3.418930735166284
133450.0,4.2189314660089146
133500.0,4.006803519589076
133550.0,3.8722198124986202
133600.0,3.800119013882301
133650.0,3.67681695275718
133700.0,3.967593801119354
133750.0,4.241942181855398
133800.0,4.266449379836328
133850.0,3.3453860875819403
133900.0,4.505614912640204
133950.0,3.950521167614597
134000.0,3.9488466588773834
134050.0,3.313605490659243
134100.0,4.224335019124991
134150.0,4.278422866163301
134200.0,3.8544863874094184
134250.0,4.433697313632866
134300.0,2.8835353641585484
134350.0,3.6434830113523344
134400.0,4.001313387972869
134450.0,3.0521770339588845
134500.0,4.045552626536694
134550.0,3.4928888618672564
134600.0,4.44706255094905
134650.0,3.568642849305473
134700.0,3.514451668789321
134750.0,3.6446782602024004
134800.0,4.035341572162321
134850.0,3.5976969943783783
134900.0,3.571567566519684
134950.0,3.360255327969894
135000.0,4.544832229794772
135050.0,3.5778495313957768
135100.0,4.036173116901523
135150.0,3.894725135440178
135200.0,3.347968840242881
135250.0,2.9187328897230294
135300.0,3.1718231869326567
135350.0,3.0915868532624886
135400.0,3.9273114714394435
135450.0,5.086109140491492
135500.0,4.753322049986231
135550.0,4.808264014705568
135600.0,4.6778060419889425
135650.0,4.1761321878821684
135700.0,3.963190340289408
135750.0,3.8639472220492053
135800.0,3.6438172557281083
135850.0,3.4784037513638784
135900.0,2.834729133604094
135950.0,3.4827564223431366
136000.0,4.065574088201526
136050.0,3.162812889822248
136100.0,3.743968582628274
136150.0,4.172600432890979
136200.0,4.094506094449848
136250.0,4.698348300385064
136300.0,4.5640333935982955
136350.0,4.806611366609563
136400.0,4.770548251016893
136450.0,4.533471076076803
136500.0,4.752694839746453
136550.0,4.960252189994911
136600.0,4.0401745114572005
136650.0,4.932695941547245
136700.0,4.118117106275419
136750.0,4.494021088091273
136800.0,4.7775498320240635
136850.0,4.317927367020125
136900.0,4.225824155704731
136950.0,3.8803622762924355
137000.0,4.49717643350057
137050.0,3.04801651393281
137100.0,4.160877469766209
137150.0,4.0302955280571675
137200.0,4.205165466975615
137250.0,3.9381315752527555
137300.0,3.621540417105456
137350.0,4.088004471660743
137400.0,4.302905547620625
137450.0,5.171382096864498
137500.0,4.536351030982721
137550.0,4.16819959163584
137600.0,4.256958362582937
137650.0,4.401570318736749
137700.0,4.456745200616487
137750.0,5.313013463526902
137800.0,4.124859928972414
137850.0,4.205827175434858
137900.0,3.6410125644603215
137950.0,4.137051346996162
138000.0,4.794109865373599
138050.0,4.507124077499615
138100.0,3.8342786509940505
138150.0,2.635221109402097
138200.0,3.4582020766364234
138250.0,3.6459433265621772
138300.0,4.813571170171109
138350.0,3.623666433722799
138400.0,3.2726875931080928
138450.0,3.3516683763742185
138500.0,3.3057651487062394
138550.0,4.118759186940323
138600.0,4.2477519653406555
138650.0,4.608198098230873
138700.0,3.8804882198595334
138750.0,4.661693261111211
138800.0,4.106018979247258
138850.0,3.969508083819066
138900.0,3.8258858945114484
138950.0,3.628705627193877
139000.0,3.828442450169145
139050.0,3.2581708454811387
139100.0,4.256825443936762
139150.0,4.2124908135677535
139200.0,4.295578212700235
139250.0,5.368061976444514
139300.0,5.520053175795372
139350.0,4.973244346118748
139400.0,3.6710855326612
139450.0,4.077267336405398
139500.0,4.722772431238428
139550.0,4.180024202998682
139600.0,3.3786070559400314
139650.0,4.0307176315455875
139700.0,3.5915849341899433
139750.0,3.250247344010304
139800.0,3.913593160486024
139850.0,3.5454488064019927
139900.0,3.2051324406989687
139950.0,4.566846333856169
140000.0,4.8043715934017595
140050.0,4.369094294923217
140100.0,4.786342398589246
140150.0,4.2092410848342565
140200.0,3.9189118463235446
140250.0,4.398814015860014
140300.0,4.56501805447566
140350.0,4.089143214690632
140400.0,5.643405767985713
140450.0,3.4538111972020356
140500.0,3.719057826433038
140550.0,4.640927350672343
140600.0,4.615821164230961
140650.0,3.7796659538000745
140700.0,3.9177930197254733
140750.0,4.215150519572341
140800.0,3.8630821299980864
140850.0,3.127808476276725
140900.0,4.108115390369186
140950.0,4.387184454637331
141000.0,4.618428886764854
141050.0,3.7914881314603903
141100.0,3.824368163343454
141150.0,4.691672366389766
141200.0,4.389372176550466
141250.0,4.662209721837619
141300.0,3.5483791908749622
141350.0,3.5838800644752977
141400.0,3.6076113487443577
141450.0,4.118118636554487
141500.0,4.450548084926381
141550.0,5.0626175098530615
141600.0,4.233036469716606
141650.0,4.703377276641898
141700.0,4.543497918991873
141750.0,3.5290052210757454
141800.0,4.423051591269824
141850.0,4.152899770217741
141900.0,4.193075237450661
141950.0,3.909817396431007
142000.0,4.794026934051663
142050.0,3.958139150731608
142100.0,4.302892822565691
142150.0,5.022796627267816
142200.0,4.0340929927877145
142250.0,3.283291448290197
142300.0,4.1938286474743975
142350.0,3.915375551264002
142400.0,3.7383820176468285
142450.0,4.174993354841058
142500.0,3.7485402920781863
142550.0,4.066371832079651
142600.0,3.698888492555066
142650.0,3.33409456925027
142700.0,3.9752700710112716
142750.0,3.7557955516548605
142800.0,4.45095391771648
142850.0,4.794680950546537
142900.0,5.0095993972186745
142950.0,4.492270727495912
143000.0,4.3981596638782845
143050.0,3.4643330919515676
143100.0,4.528993097025838
143150.0,4.845809723361174
143200.0,3.982609926140148
143250.0,4.078050736428985
143300.0,4.197739288439736
143350.0,3.725663903388724
143400.0,3.8550889773133568
143450.0,3.91006193302523
143500.0,4.413636053101829
143550.0,3.127555128268198
143600.0,2.989812239556504
143650.0,3.7822102397279695
143700.0,3.5815321660270683
143750.0,3.6773984702950173
143800.0,3.6866368664258604
143850.0,3.7471431936493955
143900.0,3.9648665089481923
143950.0,3.2158490667859976
144000.0,3.1494887411246086
144050.0,3.4072158800287244
144100.0,3.7017503002892433
144150.0,3.935596373762952
144200.0,3.7618365416764217
144250.0,3.454996419153936
144300.0,3.490285050525629
144350.0,3.6862719138147906
144400.0,3.5331292820715134
144450.0,2.925932524360311
144500.0,3.638982249494725
144550.0,3.6637261501915117
144600.0,3.698106317852015
144650.0,3.3841689471575256
144700.0,4.264047403873276
144750.0,3.659739050819663
144800.0,3.866379199782457
144850.0,3.110064411049162
144900.0,4.101377829554417
144950.0,3.7283522742851107
145000.0,4.264173720755163
145050.0,3.4425144901708458
145100.0,3.808171269846845
145150.0,3.6285934943370846
145200.0,3.6512177651090427
145250.0,3.1242720949167344
145300.0,3.559338626077064
145350.0,3.975298674106775
145400.0,3.556231985898963
145450.0,4.518992310336145
145500.0,4.208584172174674
145550.0,3.8352413769045386
145600.0,4.631611436262393
145650.0,3.7037434185832745
145700.0,3.3686792419609692
145750.0,4.484527806291127
145800.0,4.173606765819559
145850.0,3.397321758748992
145900.0,3.865821321184195
145950.0,3.7348193536360856
146000.0,4.840144972404669
146050.0,4.923533870373648
146100.0,3.064733947859016
146150.0,3.7028874215107113
146200.0,3.9365359194608516
146250.0,4.78016802823747
146300.0,4.698339827797147
146350.0,4.144743542442053
146400.0,4.0589147107579455
146450.0,3.255318479648405
146500.0,4.577923439064532
146550.0,4.130643960476673
146600.0,3.279339612219119
146650.0,3.506266195501066
146700.0,4.393335377566177
146750.0,3.7343520703263264
146800.0,4.200069659793935
146850.0,3.444034448418849
146900.0,3.194525536304714
146950.0,3.584546537575206
147000.0,3.0898071298115513
147050.0,3.6466512712096977
147100.0,3.7226063849327695
147150.0,3.93680277262955
147200.0,3.321052162561283
147250.0,3.2309862786473387
147300.0,3.578797422917431
147350.0,3.7716958539735033
147400.0,4.257630370249879
147450.0,3.3414689316263124
147500.0,3.071233851604723
147550.0,4.343178598887786
147600.0,3.6597436041767573
147650.0,4.005707939913863
147700.0,3.649190158001196
147750.0,3.437177008086244
147800.0,3.99230709825903
147850.0,3.3565432232769745
147900.0,3.8267567026141647
147950.0,3.702995588792697
148000.0,3.1599676821065152
148050.0,3.157353871307172
148100.0,3.8880950240794583
148150.0,3.9207398031906404
148200.0,4.778168981516165
148250.0,4.159287102211676
148300.0,3.9807784039142606
148350.0,3.9201256342675506
148400.0,3.836496897860862
148450.0,3.7380312212380065
148500.0,3.760662891315677
148550.0,4.0511862427148175
148600.0,3.850547184096266
148650.0,3.5970701527893665
148700.0,4.177234136501612
148750.0,4.149046889831415
148800.0,4.303709636481965
148850.0,4.676802388894221
148900.0,4.412504190505711
148950.0,3.842732992362782
149000.0,3.743297466358116
149050.0,3.529137385716557
149100.0,3.726595944559526
149150.0,3.8825909424995984
149200.0,3.5061943855556192
149250.0,3.1928372136195566
149300.0,3.532903100606366
149350.0,3.5417224008541495
149400.0,3.7238403022542017
149450.0,3.427782973752956
149500.0,3.2587865932638698
149550.0,2.9389106060901735
149600.0,3.640672109828323
149650.0,3.6152573202990474
149700.0,4.70033061679175
149750.0,4.565359279036745
149800.0,3.469065277235775
149850.0,4.317867624506337
149900.0,4.261852985040546
149950.0,3.5308663988144375
150000.0,3.759014697335559
150050.0,3.201072888290109
150100.0,4.978325661773436
150150.0,4.589039145900052
150200.0,4.451716744160123
150250.0,4.397293071380696
150300.0,3.4930478124464335
150350.0,4.211436585905834
150400.0,3.3220599023300297
150450.0,3.064782011118721
150500.0,3.9893575930393737
150550.0,3.9033448501637547
150600.0,3.5127474243383134
150650.0,4.0702592400713025
150700.0,4.715875940766475
150750.0,4.2527744512852665
150800.0,3.109002440190097
150850.0,3.6499302177624022
150900.0,3.7536648449314924
150950.0,3.904022989786196
151000.0,3.28587329701671
151050.0,3.0162399591618265
151100.0,3.399838319864746
151150.0,2.9741539416701506
151200.0,3.1087615973970997
151250.0,3.655147833597124
151300.0,3.68138598754816
151350.0,4.3053697912427165
151400.0,3.7475682866899294
151450.0,4.342293143874715
151500.0,3.6056715104210397
151550.0,4.47515189108305
151600.0,4.9137180591493115
151650.0,3.490859013077686
151700.0,3.6440736687758375
151750.0,3.8470910708813486
151800.0,3.134230106620305
151850.0,3.428482807362355
151900.0,3.2501195346890555
151950.0,3.370074210781287
152000.0,3.221097805945535
152050.0,4.469654091374188
152100.0,4.442892407126062
152150.0,4.093526674943651
152200.0,3.5370741176354707
152250.0,3.304390655076676
152300.0,4.065265020575024
152350.0,3.0868743722284337
152400.0,3.9150732722952473
152450.0,3.6397815747822473
152500.0,4.416761856456117
152550.0,3.5869714042654115
152600.0,4.368524051266319
152650.0,4.76924755055975
152700.0,4.125091585010557
152750.0,4.690564814153105
152800.0,4.352240224379838
152850.0,4.70282138049119
152900.0,4.227112845771473
152950.0,4.524186970379792
153000.0,3.716302460303109
153050.0,3.566889932888718
153100.0,3.9458710495716467
153150.0,3.1405369594740233
153200.0,4.787617372514783
153250.0,4.149996951552042
153300.0,4.022858431859569
153350.0,2.9073189183256134
153400.0,4.492312312129479
153450.0,4.300533963075263
153500.0,3.5997926470074835
153550.0,3.825006757747948
153600.0,3.953845951583593
153650.0,3.225910816832116
153700.0,3.6774183161297875
153750.0,4.503720068112234
153800.0,3.414764654002641
153850.0,3.9399250371965113
153900.0,4.184328963107185
153950.0,3.636837047455497
154000.0,3.35895823814046
154050.0,2.7363653637752523
154100.0,3.7809799187693933
154150.0,3.857590800497122
154200.0,4.250373282883402
154250.0,3.5371433499401204
154300.0,3.556468761724749
154350.0,2.921023403225326
154400.0,3.9490838646177555
154450.0,4.360594954892666
154500.0,3.2683915977870233
154550.0,2.6383325246737583
154600.0,3.5320919030691034
154650.0,3.3068739714824003
154700.0,3.134498254760651
154750.0,3.6860008004946403
154800.0,3.4695669135927303
154850.0,4.407854846815772
154900.0,5.649528630134729
154950.0,4.049023984878542
155000.0,4.845400870071888
155050.0,3.4849097823968256
155100.0,4.167084723498352
155150.0,3.99320637950804
155200.0,3.715237544849779
155250.0,4.301637830870356
155300.0,4.282299399505376
155350.0,3.645985784577859
155400.0,3.626942600206081
155450.0,3.8199728348652258
155500.0,3.7156019271009533
155550.0,4.087520489847458
155600.0,4.250373480330752
155650.0,4.476257283316184
155700.0,3.737631443330703
155750.0,3.4465159281354203
155800.0,3.404393556790784
155850.0,4.57395741074302
155900.0,3.5059050323500625
155950.0,3.4006728953807657
156000.0,2.176003359121143
156050.0,3.5128028494824712
156100.0,3.5232072216376027
156150.0,3.3547891478387286
156200.0,3.2272116685838492
156250.0,3.750795272123689
156300.0,3.216798442247851
156350.0,3.9349812446412136
156400.0,3.9260930683103616
156450.0,3.604050190712728
156500.0,2.997547836625505
156550.0,2.3202781747281462
156600.0,3.906927194039261
156650.0,3.7566447493684736
156700.0,2.8543778605168177
156750.0,1.9919051301149557
156800.0,2.437598493105669
156850.0,4.079546520239404
156900.0,4.474685406250322
156950.0,4.195292971615905
157000.0,3.6862187156780504
157050.0,3.439665539034353
157100.0,3.0212055275990943
157150.0,4.677672640188974
157200.0,3.886925716461022
157250.0,3.2725496428044263
157300.0,3.2999814369407194
157350.0,3.3502378687918224
157400.0,2.7418363685319864
157450.0,2.078797109954563
157500.0,4.149418283161747
157550.0,2.720311469595111
157600.0,2.6600874142240047
157650.0,2.160807832901866
157700.0,1.840021588584842
157750.0,2.3301714435444905
157800.0,3.1403981173913706
157850.0,2.9074036221593094
157900.0,3.1489998838616735
157950.0,2.8145677273322462
158000.0,2.4695290855641487
158050.0,2.841174516805229
158100.0,3.043450179547045
158150.0,4.213700920280737
158200.0,4.307547882048836
158250.0,3.4974406645142193
158300.0,2.210290033984988
158350.0,2.94225963146198
158400.0,3.510469100775649
158450.0,3.838981444064075
158500.0,3.6140538671445803
158550.0,3.031431682501842
158600.0,3.7775279185345694
158650.0,3.4816959216879777
158700.0,3.941231457117458
158750.0,4.640661104400671
158800.0,3.1098210872715635
158850.0,3.2432371512528952
158900.0,3.906784985635783
158950.0,3.6082659619242348
159000.0,3.5735126727465394
159050.0,3.2590931114314636
159100.0,3.682063552468609
159150.0,3.588462503338644
159200.0,2.539191233519072
159250.0,2.2037479366544592
159300.0,4.530467070700374
159350.0,4.40630475849843
159400.0,4.232560732250991
159450.0,3.961271625918562
159500.0,2.9630021881857256
159550.0,2.835222696376921
159600.0,2.8703479898809867
159650.0,3.0581684849663024
159700.0,3.3852729594979554
159750.0,3.7252771294460505
159800.0,3.4593897141334633
159850.0,4.499332569048837
159900.0,3.672736152759289
159950.0,3.1574944290303324
160000.0,3.7800240494757005
160050.0,3.8479830897073435
160100.0,4.1758362426227995
160150.0,3.440772176621309
160200.0,4.011444757335799
160250.0,3.822508868251757
160300.0,3.300637516749929
160350.0,2.93499831036428
160400.0,3.842537507648466
160450.0,2.9170870153782458
160500.0,2.892817368573678
160550.0,3.041396618818073
160600.0,2.6603189360418846
160650.0,2.9097420998309063
160700.0,2.899464051812214
160750.0,3.278080053148106
160800.0,4.318525294688285
160850.0,3.7079764222515834
160900.0,2.971431403173966
160950.0,2.4462823499838158
161000.0,2.4272980494757457
161050.0,3.0085356233072718
161100.0,3.7560827262369525
161150.0,4.32603608915299
161200.0,3.7916451817454053
161250.0,3.1089522600546764
161300.0,4.3485262810153795
161350.0,3.470861200330562
161400.0,3.3356561462002174
161450.0,4.021755434955222
161500.0,3.2848245289973024
161550.0,2.7816715051047822
161600.0,3.849701447249052
161650.0,3.586488953717803
161700.0,4.4728606298876175
161750.0,3.7668285331989897
161800.0,3.4428624433172157
161850.0,3.843054613094286
161900.0,3.2451325625517513
161950.0,4.055783995308405
162000.0,3.572968588149481
162050.0,3.273089095238034
162100.0,3.7894838111459874
162150.0,3.438169990195586
162200.0,3.6970917558503604
162250.0,3.9297581892889695
162300.0,2.753288034002402
162350.0,3.061909017544483
162400.0,4.047837931412331
162450.0,3.383913329478164
162500.0,3.9609326853772355
162550.0,3.7799614015294623
162600.0,3.5572276063592123
162650.0,3.7303338858152695
162700.0,3.9772745970405015
162750.0,4.031786369281975
162800.0,4.445963724408078
162850.0,3.5782098678241017
162900.0,3.9324279848413286
162950.0,3.6054516090146227
163000.0,3.276674712889498
163050.0,4.2785250120488545
163100.0,4.672365067255664
163150.0,4.359391560931237
163200.0,4.163580506816565
163250.0,3.2751314973828736
163300.0,3.501341045577503
163350.0,5.021082701326087
163400.0,3.2760469518005415
163450.0,4.123879077998043
163500.0,3.8808362099098765
163550.0,4.012888454951428
163600.0,3.785549251562722
163650.0,3.6403563679230877
163700.0,4.486278395801237
163750.0,3.459867028568648
163800.0,3.279660649778369
163850.0,3.4923203641548493
163900.0,3.9290454417742873
163950.0,4.388129981566672
164000.0,3.0798690639263215
164050.0,3.9255447841623257
164100.0,3.3501214240599007
164150.0,4.172322622362466
164200.0,4.320402636310916
164250.0,4.433472079142167
164300.0,4.0266246664204965
164350.0,4.227870689129634
164400.0,5.208252300802609
164450.0,4.300289285202501
164500.0,3.7577911645871915
164550.0,4.7523453798003334
164600.0,3.719322094014503
164650.0,3.9681750875446467
164700.0,3.1081507463515945
164750.0,4.235749975683175
164800.0,3.4338455156964884
164850.0,3.06191058432872
164900.0,3.643199470717215
164950.0,3.8461114788534383
165000.0,3.3916654802079518
165050.0,3.564519081583368
165100.0,3.8173568648807756
165150.0,3.4949410468781834
165200.0,4.668208994213796
165250.0,3.8034063250548185
165300.0,4.017485359512715
165350.0,3.05735260977391
165400.0,3.8013698734904438
165450.0,3.580767180009435
165500.0,3.8034058023113264
165550.0,4.880035002540444
165600.0,3.256055749178657
165650.0,4.331397978400682
165700.0,3.651315952477939
165750.0,3.250077024517607
165800.0,4.18585782792814
165850.0,3.7127988781604038
165900.0,4.436281675570277
165950.0,3.5498309298817707
166000.0,4.105127699770299
166050.0,4.719935625252524
166100.0,4.1075890353235
166150.0,4.942892764924115
166200.0,3.79776139144409
166250.0,3.8788914105500836
166300.0,4.609779303644833
166350.0,4.626813754036068
166400.0,4.125944247475258
166450.0,4.385954481789091
166500.0,3.323582397239732
166550.0,4.461008055142717
166600.0,3.274581898335694
166650.0,4.1539867398682
166700.0,3.7052524590820943
166750.0,2.979213321977328
166800.0,4.300254532135522
166850.0,4.227185620082486
166900.0,3.414173705198457
166950.0,3.9451846792436336
167000.0,4.336656602110051
167050.0,4.2624514443792165
167100.0,3.4456624397139795
167150.0,2.530018813479779
167200.0,3.558493226750148
167250.0,3.995459951345474
167300.0,3.4639094965469375
167350.0,3.8462702072101917
167400.0,3.514684426262913
167450.0,3.0504065045801307
167500.0,4.2129325138455656
167550.0,4.048384064228676
167600.0,3.4175742959939366
167650.0,4.137984871751235
167700.0,3.62197163079662
167750.0,4.424722883097678
167800.0,3.7307615596011745
167850.0,4.162330862100757
167900.0,3.467766428245111
167950.0,3.6289560545582082
168000.0,3.6987967354374733
168050.0,3.3098203074430224
168100.0,3.7080183995879543
168150.0,4.783617440075176
168200.0,3.4122717682829684
168250.0,3.3023889455695685
168300.0,3.5053789168542298
168350.0,3.816204085214903
168400.0,3.3580171760831
168450.0,4.266296427957851
168500.0,3.984932960707197
168550.0,4.798560382808457
168600.0,3.8711634560303443
168650.0,4.6970291169689595
168700.0,3.642250618656516
168750.0,2.8112090005776857
168800.0,4.604812033730709
168850.0,3.5122888550308553
168900.0,4.505406734553983
168950.0,3.711682720406835
169000.0,1.6554439905712535
169050.0,4.242765700700859
169100.0,3.021651730583545
169150.0,3.5238851806468303
169200.0,4.027541686683102
169250.0,3.116085276628165
169300.0,2.501995247504154
169350.0,4.12747847571984
169400.0,3.4918626443748337
169450.0,2.656798395833349
169500.0,3.17395878866076
169550.0,4.339735381330131
169600.0,4.614953894755328
169650.0,2.7262402578662437
169700.0,2.69266832823572
169750.0,3.134656958789888
169800.0,3.262038438211472
169850.0,3.3856626061020902
169900.0,3.7614981625058785
169950.0,1.900466106077018
170000.0,1.7404010222911275
170050.0,3.4731370211779873
170100.0,3.995431440259935
170150.0,4.043699138056994
170200.0,1.9557318415754514
170250.0,3.678172411933994
170300.0,3.050995299493475
170350.0,3.84480109962266
170400.0,2.497073056505553
170450.0,3.166902236966752
170500.0,2.828443130524337
170550.0,2.497217614877097
170600.0,2.7831644832847218
170650.0,2.947046679970133
170700.0,2.137703954066191
170750.0,2.8763508502751947
170800.0,4.219583581926698
170850.0,1.9801490650530944
170900.0,0.8925215176341208
170950.0,3.440622229971317
171000.0,3.9521389117238432
171050.0,3.1896385141129864
171100.0,3.629265041303005
171150.0,4.271429373506448
171200.0,4.262521944680003
171250.0,4.061239576110517
171300.0,4.076199268822281
171350.0,4.382725762987519
171400.0,4.433295719953444
171450.0,2.569566593665996
171500.0,4.304008370742698
171550.0,4.033310584222553
171600.0,2.98095164727894
171650.0,2.5228494235514467
171700.0,0.28443166186538926
171750.0,0.690146950836641
171800.0,0.9926695510325488
171850.0,1.414670502283586
171900.0,0.6001621383529453
171950.0,2.406361185423663
172000.0,1.9287810212750647
172050.0,3.482794956449146
172100.0,3.8065568932453813
172150.0,3.098979001654296
172200.0,2.6911666541158383
172250.0,4.021866934058496
172300.0,4.369529857355859
172350.0,2.1384765692833123
172400.0,4.343098804607763
172450.0,4.571147477482204
172500.0,3.6232268646376133
172550.0,4.0101362712320885
172600.0,4.892534761224359
172650.0,4.488709105755341
172700.0,2.124754848569714
172750.0,3.4710478444506605
172800.0,2.968413687780268
172850.0,4.841931486696516
172900.0,3.3807227135174083
172950.0,3.205633478516076
173000.0,3.0295408196904314
173050.0,3.934590172183913
173100.0,3.467448599833782
173150.0,3.162970892912034
173200.0,3.3069919473366274
173250.0,4.114471173528036
173300.0,0.8347409368600143
173350.0,0.5696456718293471
173400.0,3.820024678417551
173450.0,3.30001022615421
173500.0,3.637042851093708
173550.0,2.5614405512895315
173600.0,3.1228658122607187
173650.0,4.355149415497305
173700.0,3.158447087826333
173750.0,3.0975607892423236
173800.0,3.9602133051979034
173850.0,3.734174663258339
173900.0,4.15453888061803
173950.0,3.815834392530219
174000.0,3.248212631541031
174050.0,3.394715027572122
174100.0,2.51041646170022
174150.0,3.51028479526604
174200.0,3.23075994002985
174250.0,2.908244045110821
174300.0,2.859701838927296
174350.0,3.293235397997601
174400.0,1.5950814291590998
174450.0,3.7297457201844786
174500.0,3.6173314563696337
174550.0,4.0569704751278115
174600.0,3.9183289278643265
174650.0,3.9267563084848702
174700.0,4.627278019276626
174750.0,4.095961246412625
174800.0,4.599019651686353
174850.0,3.5819839235788606
174900.0,3.4613747545871183
174950.0,3.091808875531343
175000.0,3.4929321764431585
175050.0,3.638943150281282
175100.0,4.111259917787844
175150.0,4.113329012812038
175200.0,4.170897406383275
175250.0,2.4993578472243025
175300.0,2.18572527966649
175350.0,3.3549626764784124
175400.0,4.293726314030799
175450.0,4.035950805883575
175500.0,4.414271020726592
175550.0,4.325573670554578
175600.0,4.023434045817858
175650.0,4.312337949149026
175700.0,4.713161855347655
175750.0,3.7304955120139485
175800.0,3.6368796847799305
175850.0,4.267845908720278
175900.0,3.337467648927479
175950.0,4.718453551587865
176000.0,4.164912080608012
176050.0,4.6010214840755745
176100.0,5.014747970199427
176150.0,5.095577415266438
176200.0,3.911085287829754
176250.0,4.250185638327219
176300.0,4.334454952770067
176350.0,4.996247811473903
176400.0,4.22787394741727
176450.0,3.99285466042531
176500.0,4.135917683888347
176550.0,3.986236898760994
176600.0,4.843684583417369
176650.0,3.566020905645986
176700.0,4.403519405813256
176750.0,3.791710934522071
176800.0,3.0124056290545265
176850.0,3.542030597783981
176900.0,3.0871963423378004
176950.0,3.7604616332285676
177000.0,3.791316362528438
177050.0,4.170254051470184
177100.0,3.2800913565425454
177150.0,3.539351482583662
177200.0,4.106262785225315
177250.0,3.7962196241924557
177300.0,3.773037457769794
177350.0,4.096901566738307
177400.0,4.6405598947211475
177450.0,4.291075329233042
177500.0,3.838617353274536
177550.0,4.0670625817446915
177600.0,3.4799136052441324
177650.0,3.7405576908302516
177700.0,3.506580561273989
177750.0,4.153131188200482
177800.0,4.6947732404712506
177850.0,4.261559598669751
177900.0,4.016577079654738
177950.0,4.326903973751367
178000.0,3.9225736262259323
178050.0,4.053060466552844
178100.0,4.073488379830039
178150.0,3.4988703089317967
178200.0,4.116914538218733
178250.0,3.6757696042947905
178300.0,3.617414915912504
178350.0,4.139888930008553
178400.0,4.758664806861503
178450.0,3.8949949644031148
178500.0,3.57468474933945
178550.0,3.1689277948796777
178600.0,3.903253538998371
178650.0,4.2697659695060315
178700.0,4.352674165121959
178750.0,3.5581054545496773
178800.0,4.196476761025081
178850.0,4.060112490300784
178900.0,4.716717180686949
178950.0,4.206210821235135
179000.0,3.714052856793021
179050.0,4.2631202811178595
179100.0,4.351667877008051
179150.0,2.686668402183519
179200.0,3.2829409719304015
179250.0,3.2701478436030835
179300.0,3.443396721473314
179350.0,3.8231648301975816
179400.0,3.235582172539139
179450.0,3.464010493365362
179500.0,3.194399715387487
179550.0,3.4577146473228457
179600.0,3.4777284570518656
179650.0,4.830329480674354
179700.0,3.5892861156488816
179750.0,3.60491016080501
179800.0,4.622435417824057
179850.0,3.8833342908216597
179900.0,4.282671591940109
179950.0,3.3811696059313627
180000.0,3.179020922150108
180050.0,3.635230622464395
180100.0,4.028891974783655
180150.0,3.4372247590486644
180200.0,3.876145806608547
180250.0,4.785192452670512
180300.0,4.059677938459978
180350.0,3.9997608418537927
180400.0,4.620214752231159
180450.0,3.9653242350494162
180500.0,3.373509770735834
180550.0,3.526555050517002
180600.0,4.047722389944398
180650.0,4.381425671858155
180700.0,4.529404341589921
180750.0,4.1864539636302105
180800.0,4.27430640161066
180850.0,4.608872714292614
180900.0,4.013738393991999
180950.0,4.083977719986773
181000.0,4.1612112372739976
181050.0,3.2807609856969857
181100.0,3.432051871798431
181150.0,3.9336114921735517
181200.0,3.4798824422013266
181250.0,3.1616434792295136
181300.0,3.261898022771882
181350.0,3.1857819349260645
181400.0,3.2492916131047074
181450.0,1.967074510267849
181500.0,4.395326856110969
181550.0,3.58399132833535
181600.0,3.639998896677578
181650.0,3.6143854592365523
181700.0,3.7637337412240646
181750.0,3.5562488509533465
181800.0,3.8374986703484137
181850.0,3.741524411994245
181900.0,3.954136453488905
181950.0,3.7158254564336093
182000.0,4.157089452792297
182050.0,4.655600759911236
182100.0,4.308259755159435
182150.0,3.9037062620024257
182200.0,4.186224902433832
182250.0,3.759254073971097
182300.0,4.271055045657243
182350.0,4.621190274976298
182400.0,4.053221538869994
182450.0,3.378920864317218
182500.0,3.4789208613475258
182550.0,4.154171061363084
182600.0,3.7250900663219757
182650.0,4.373156992882259
182700.0,4.274821520911884
182750.0,4.032204566918191
182800.0,3.110852134716452
182850.0,4.1890461260644996
182900.0,3.996408717280689
182950.0,3.3698819755015643
183000.0,4.07177812842632
183050.0,3.4640002346613614
183100.0,3.8971383125313706
183150.0,3.6228987751930535
183200.0,4.9274147033294
183250.0,3.4351708177888494
183300.0,3.5628750076770173
183350.0,3.6542168413043496
183400.0,3.9955331882485585
183450.0,4.400123337492015
183500.0,4.220768879274924
183550.0,4.347229503010563
183600.0,4.299150557963554
183650.0,3.72103387719999
183700.0,3.0346786791565763
183750.0,4.549988003558944
183800.0,3.5362848742297195
183850.0,4.738141433172528
183900.0,3.7934248756253566
183950.0,3.8492292216274664
184000.0,3.816550110844743
184050.0,4.509345700664368
184100.0,4.019255028775188
184150.0,3.7814026562385643
184200.0,4.148502505085626
184250.0,3.7017058379712866
184300.0,3.7522671686672457
184350.0,3.905210775834533
184400.0,3.937665219283186
184450.0,3.8909382674632056
184500.0,5.045452422926691
184550.0,4.455041356780546
184600.0,3.5704299582399175
184650.0,3.663415286741482
184700.0,3.572924801214771
184750.0,3.464863631747154
184800.0,2.8800340576305694
184850.0,3.4479086037255513
184900.0,3.837773419015411
184950.0,3.886451191326219
185000.0,4.406049232533192
185050.0,4.942730958798596
185100.0,4.266932773005248
185150.0,4.025836492400852
185200.0,3.568651727134582
185250.0,4.812315314541584
185300.0,3.8386025778916055
185350.0,3.946720105104672
185400.0,3.7983930426491233
185450.0,3.9342227595737778
185500.0,3.5266113762560196
185550.0,4.197584687154503
185600.0,4.534820338418469
185650.0,3.7337503669883514
185700.0,3.6333743487762553
185750.0,3.2378055167383915
185800.0,4.04683803750619
185850.0,4.103094757692589
185900.0,4.823993161795094
185950.0,3.6719031797572876
186000.0,4.096791148854063
186050.0,3.7441908569636464
186100.0,3.933341378761484
186150.0,4.415077049820608
186200.0,3.326289000802543
186250.0,4.679569818015144
186300.0,3.7236925433314467
186350.0,3.4422939902126575
186400.0,3.6931952733254416
186450.0,4.124680512236561
186500.0,3.6087350196171077
186550.0,4.175570740939884
186600.0,4.260737809956622
186650.0,3.3073249162845264
186700.0,3.9674430649876116
186750.0,3.900087280083325
186800.0,4.196494441505525
186850.0,4.968135874983485
186900.0,4.680918259485646
186950.0,4.544193783001478
187000.0,3.725867612019836
187050.0,3.9806287742313526
187100.0,4.4132208092043
187150.0,3.827440435841848
187200.0,4.154572972875061
187250.0,4.225691516154601
187300.0,3.5694357123148706
187350.0,4.600574425703063
187400.0,4.161932540753052
187450.0,3.781267084156503
187500.0,4.025985301103045
187550.0,4.395783596210495
187600.0,3.8241429440658643
187650.0,3.986222233408053
187700.0,4.5569302341841835
187750.0,3.0724047717655454
187800.0,3.734634904089028
187850.0,3.849815906435551
187900.0,3.765764199327573
187950.0,3.761980471409035
188000.0,3.7230889500536537
188050.0,3.6919771850982896
188100.0,3.955169233521229
188150.0,3.203714658953255
188200.0,3.3436640185046667
188250.0,3.8163937267951415
188300.0,4.66865958211958
188350.0,2.229996045715916
188400.0,3.889640868412688
188450.0,3.291973821008977
188500.0,3.617194176906639
188550.0,3.98822079219498
188600.0,1.9310562208517965
188650.0,2.94919719053297
188700.0,2.6001717836428084
188750.0,3.9226153279097797
188800.0,3.7959150792784717
188850.0,3.598624447286122
188900.0,4.034326051687133
188950.0,3.342719939366942
189000.0,4.143212985449872
189050.0,4.219816351058534
189100.0,4.323296049649586
189150.0,3.5479662672038166
189200.0,3.359727387953652
189250.0,4.10430036709104
189300.0,4.837103910102732
189350.0,2.551096202920058
189400.0,2.6039565174331045
189450.0,2.497475299889496
189500.0,3.1297250118716287
189550.0,4.156305096854372
189600.0,3.768104410576993
189650.0,3.081000976409465
189700.0,1.4649511367097325
189750.0,2.8340919157132034
189800.0,2.484954489094891
189850.0,2.714473202015696
189900.0,3.841185237439893
189950.0,3.5913454659647535
190000.0,2.19191523793592
190050.0,2.472018915329187
190100.0,2.819999155897037
190150.0,4.513899645045236
190200.0,2.657474063671307
190250.0,3.865342837745008
190300.0,3.4582195097685435
190350.0,2.383061893336278
190400.0,4.047951799688184
190450.0,1.9586928240006711
190500.0,3.5324031938124527
190550.0,3.946879969800701
190600.0,3.9601112616004994
190650.0,3.3516286670361586
190700.0,3.704495474669335
190750.0,3.223013022871625
190800.0,4.099879282967957
190850.0,3.9207901594283436
190900.0,1.6210141499758173
190950.0,3.7259893840784044
191000.0,4.039541229035954
191050.0,3.7269134076330754
191100.0,4.137183145337621
191150.0,2.198768813602145
191200.0,3.681152232201088
191250.0,3.119247145181094
191300.0,4.150192842346638
191350.0,4.093289230396978
191400.0,3.7068685982523752
191450.0,3.396260987209764
191500.0,3.1140168511281283
191550.0,2.819749169530059
191600.0,3.8523062800062733
191650.0,3.2074140258639994
191700.0,3.1920345742051888
191750.0,2.132223019794518
191800.0,4.113042281091124
191850.0,2.085855294498579
191900.0,2.574604893273718
191950.0,3.962587727538306
192000.0,3.3440829866700232
192050.0,2.883621612199012
192100.0,4.4086951431231105
192150.0,4.5230604286143725
192200.0,3.126322591220377
192250.0,3.9447412190892988
192300.0,3.85145299231374
192350.0,3.5620327026158236
192400.0,3.9257855235564145
192450.0,3.5952188446980298
192500.0,4.279731650808971
192550.0,4.698795533729218
192600.0,5.083954071834962
192650.0,3.966266723179079
192700.0,3.6478739012803123
192750.0,4.055339706253131
192800.0,4.395931325238205
192850.0,3.600453898325224
192900.0,4.2124691631895415
192950.0,4.486536715262505
193000.0,3.350196306086758
193050.0,4.0617851147657555
193100.0,4.162762992000888
193150.0,4.0214548782486395
193200.0,4.478858512824746
193250.0,4.759946016601153
193300.0,3.7336427621267623
193350.0,3.5241725830357886
193400.0,3.5798594075335055
193450.0,3.6913674489550385
193500.0,3.6183679309624543
193550.0,3.980214149047731
193600.0,3.598065506718404
193650.0,3.9451980657177512
193700.0,4.017238972986523
193750.0,4.036667272525439
193800.0,4.092403642741044
193850.0,3.667983461432383
193900.0,4.153949820955582
193950.0,3.366019387547421
194000.0,3.9569320030156674
194050.0,3.95178117251702
194100.0,4.062585158363085
194150.0,3.9494921390159643
194200.0,4.161861367116028
194250.0,3.682039079484183
194300.0,3.589228240989828
194350.0,3.439886789459163
194400.0,3.187380979710808
194450.0,4.228321724049627
194500.0,4.573631623627601
194550.0,3.151695470440451
194600.0,4.490045011504173
194650.0,4.097779909807015
194700.0,3.4678182861582862
194750.0,4.481495571165805
194800.0,3.8204005925163886
194850.0,3.901460514962856
194900.0,3.617579439739796
194950.0,2.852033166440159
195000.0,3.3045995980539637
195050.0,3.3798481951190573
195100.0,3.121248993910382
195150.0,3.5285264170169537
195200.0,2.8991394302591873
195250.0,3.3239410393766082
195300.0,3.3953188469865694
195350.0,3.2163489712725415
195400.0,3.609668085368739
195450.0,3.050015390839169
195500.0,3.703588169465961
195550.0,3.8984231220036434
195600.0,3.2898909117691146
195650.0,3.695861569775614
195700.0,3.5323348452887395
195750.0,4.326236014273017
195800.0,4.302570882834829
195850.0,4.722550591056907
195900.0,3.7499950834210503
195950.0,3.360473488651414
196000.0,2.983186342455232
196050.0,3.7397700274775114
196100.0,3.8097751549121353
196150.0,4.760132737435337
196200.0,4.153144714172171
196250.0,4.3661178010595245
196300.0,3.150570102997205
196350.0,3.692776848316542
196400.0,3.2407523277873507
196450.0,3.7510794442553657
196500.0,3.7157735273499464
196550.0,5.024131332394079
196600.0,4.868303614007375
196650.0,4.323169410284793
196700.0,4.6269759691729995
196750.0,3.8945313651956996
196800.0,4.430902945510431
196850.0,4.008493316019404
196900.0,3.8852297846802735
196950.0,3.9360489738716677
197000.0,2.713409632457593
197050.0,3.571296636799072
197100.0,3.215553898536812
197150.0,2.7453194998984896
197200.0,2.8464154382700912
197250.0,2.6923207682957835
197300.0,2.0623744235591888
197350.0,2.9040774410713386
197400.0,2.9055278551948813
197450.0,3.7728728307473243
197500.0,3.2976672760471737
197550.0,3.1940713235495126
197600.0,2.9710896809511818
197650.0,3.6966060046195652
197700.0,3.3356991855398093
197750.0,2.3052966514903317
197800.0,3.4566007045639577
197850.0,1.7384162140439179
197900.0,2.131100232724973
197950.0,3.6699400599155725
198000.0,2.494270693926688
198050.0,2.6167561328298956
198100.0,1.826306803189669
198150.0,2.335657811436015
198200.0,1.5537678164734539
198250.0,3.098930868561904
198300.0,1.741665348820214
198350.0,1.778677862967004
198400.0,1.7901100465879056
198450.0,2.8025340923683846
198500.0,2.0881584384487004
198550.0,2.1563150310077246
198600.0,2.6227853782333206
198650.0,0.8237052532840615
198700.0,1.954353669786522
198750.0,2.5880654245244146
198800.0,1.6351479820968815
198850.0,1.9393246456481572
198900.0,3.6829580753718623
198950.0,2.285540348330353
199000.0,1.4227801849199324
199050.0,3.3004504544890354
199100.0,1.633738167452475
199150.0,2.4257173112102817
199200.0,2.2370060817398603
199250.0,1.8087875866482488
199300.0,1.4993664413226842
199350.0,0.6913040443648767
199400.0,1.7193300122383146
199450.0,2.9946264323784715
199500.0,1.3632286925935249
199550.0,1.7058131273158716
199600.0,2.4946771288220337
199650.0,1.6586150272567015
199700.0,1.4713941282179055
199750.0,1.532220549009418
199800.0,0.8947610495863821
199850.0,1.3577540353587496
199900.0,2.4102705193486695
199950.0,1.4770898301957018
200000.0,1.6411556517277814
200050.0,1.234096752167588
200100.0,0.576371705307883
200150.0,0.4562906928036743
200200.0,1.24366387182345
200250.0,1.3277412451176793
200300.0,1.7087162155792643
200350.0,2.139278522699813
200400.0,1.031116823797323
200450.0,1.6763386720516769
200500.0,2.6391476798561166
200550.0,1.0238660854345312
200600.0,1.394916136493037
200650.0,0.7073859133214299
200700.0,1.6466916350898309
200750.0,1.9423934919190662
200800.0,1.8759529560803938
200850.0,1.2278831875249774
200900.0,1.073080303025617
200950.0,0.9705116087012133
201000.0,1.1555072625147995
201050.0,1.5068817399375558
201100.0,2.1755473933255516
201150.0,1.6261616303367428
201200.0,2.942188115088504
201250.0,1.3881624406251984
201300.0,1.7848509876512075
201350.0,1.6635485479528627
201400.0,2.153530525809092
201450.0,1.6747829503892018
201500.0,2.4171295456627875
201550.0,1.6753784854382685
201600.0,3.082173672844061
201650.0,2.088636665123586
201700.0,2.8347998778214696
201750.0,2.4736996835764007
201800.0,1.566685388563949
201850.0,2.7109227355765637
201900.0,2.812913932760004
201950.0,2.3332798655727145
202000.0,1.394595521112758
202050.0,1.0791144392766086
202100.0,1.2882893029355664
202150.0,3.217510872496587
202200.0,3.2291932157225753
202250.0,3.918788613355952
202300.0,2.2335149343169665
202350.0,1.734615284598026
202400.0,3.6231192016075475
202450.0,3.699035269263034
202500.0,3.378474411534115
202550.0,2.923112923969697
202600.0,3.2514308824364693
202650.0,3.746545719447019
202700.0,3.112007852038478
202750.0,3.6121686500790893
202800.0,3.4009691095924244
202850.0,2.937633440080417
202900.0,3.1902944781745615
202950.0,3.6003762633501473
203000.0,3.7084361635752434
203050.0,2.7119736773856893
203100.0,3.7544186223640885
203150.0,3.26485993019753
203200.0,3.5758232093078157
203250.0,3.3539332883715094
203300.0,3.6122524760187624
203350.0,4.52796577775558
203400.0,3.9069383491235095
203450.0,4.472292330993122
203500.0,4.684808234954735
203550.0,4.7124621897833405
203600.0,4.1665679845129056
203650.0,4.093761403030834
203700.0,2.7811128054967953
203750.0,3.9236047079811724
203800.0,4.11432650982431
203850.0,3.705790467162878
203900.0,4.33734913817694
203950.0,4.206886590046021
204000.0,4.291522241238821
204050.0,4.870090445555364
204100.0,3.8814582133462174
204150.0,3.6544469195292506
204200.0,2.791379899910625
204250.0,4.328244020179995
204300.0,3.9176870396642265
204350.0,3.8272323209889616
204400.0,3.1459949446738276
204450.0,4.145659199428665
204500.0,4.1555516374651305
204550.0,4.095193578597349
204600.0,4.740081482523519
204650.0,4.4097837226438426
204700.0,3.9886063668345115
204750.0,4.097728959604422
204800.0,3.399454336935498
204850.0,3.804390643097983
204900.0,3.511394044795826
204950.0,4.449277903748435
205000.0,4.341589706318441
205050.0,3.9571824120472145
205100.0,3.8351686383425085
205150.0,3.802498017259974
205200.0,3.10748869890349
205250.0,3.579533890379049
205300.0,3.37014670757626
205350.0,3.504765398172086
205400.0,3.5424255837119034
205450.0,4.279496458150683
205500.0,4.279308924276289
205550.0,3.243604541145871
205600.0,3.426732957351646
205650.0,3.4724607544841772
205700.0,3.208564279887253
205750.0,3.594368301094566
205800.0,3.7274781926618274
205850.0,3.041857903589318
205900.0,3.261987816845412
205950.0,4.5371689184397574
206000.0,3.0705476716062825
206050.0,4.23478083560431
206100.0,3.0905951490405603
206150.0,1.6249596702962632
206200.0,1.5971508932979508
206250.0,1.5197680908853373
206300.0,2.7811675856831
206350.0,1.3662730703145187
206400.0,1.4210897170552306
206450.0,0.6147363807996004
206500.0,2.079278737258013
206550.0,1.2767966682567091
206600.0,1.7200867786298775
206650.0,1.5332661292848093
206700.0,1.7939330110765253
206750.0,0.6027466936259664
206800.0,0.8011872484640902
206850.0,2.6466182225200403
206900.0,1.2913178530202682
206950.0,0.7420897222056512
207000.0,1.2313027109475114
207050.0,1.8952791605328279
207100.0,1.8953357191836018
207150.0,1.7567566655484614
207200.0,1.2491637901333144
207250.0,2.2879881077742596
207300.0,0.9341303684701598
207350.0,2.298565704282018
207400.0,1.3661956435757785
207450.0,2.0992621435339998
207500.0,2.2189683342010116
207550.0,2.704863748282725
207600.0,2.183065932278778
207650.0,0.9782640379671241
207700.0,2.131147466352725
207750.0,2.1351142927804916
207800.0,0.9396229365348099
207850.0,1.2610256707264205
207900.0,1.308661530433605
207950.0,1.5448645029269275
208000.0,1.437808808968351
208050.0,0.8956545860194133
208100.0,1.4549536366734455
208150.0,1.8178292712131563
208200.0,1.8029708505556787
208250.0,1.3454371097357904
208300.0,0.8307164512877463
208350.0,0.4257974409651835
208400.0,2.1729675323787534
208450.0,0.4365789202645953
208500.0,0.7175629421768714
208550.0,1.6397555136568533
208600.0,2.002123322040587
208650.0,2.3207715060587413
208700.0,1.25043828987219
208750.0,2.0316977826806344
208800.0,1.3573861843421906
208850.0,1.9626010576243669
208900.0,1.2306876727420288
208950.0,0.3494271085796356
209000.0,2.2175658358120423
209050.0,1.4730626563482532
209100.0,2.011886935479363
209150.0,1.7465657866580588
209200.0,1.6183006170763499
209250.0,2.015189581728049
209300.0,2.2520424303407784
209350.0,1.1044003975244792
209400.0,1.544474763451745
209450.0,2.13847881406796
209500.0,1.6678143279739
209550.0,2.3252736445417406
209600.0,2.474952571535658
209650.0,2.9233519996871427
209700.0,1.382966840133354
209750.0,1.3826435752803101
209800.0,2.6450882831713174
209850.0,1.2915498705596415
209900.0,1.7332589754722207
209950.0,3.6886520413131962
210000.0,1.8233481151529827
210050.0,1.777550446439872
210100.0,1.8462351589394512
210150.0,0.4404500636727969
210200.0,1.4156989290262698
210250.0,1.4589410196948538
210300.0,1.5036630089484866
210350.0,1.6902968287232307
210400.0,1.1069778982389533
210450.0,1.6538996968320383
210500.0,2.038576320453819
210550.0,2.746286933107143
210600.0,1.806043464654223
210650.0,1.390715259982019
210700.0,1.2408072323667587
210750.0,0.581889136933342
210800.0,0.26999925404809483
210850.0,1.3443207409103173
210900.0,1.9900228512581692
210950.0,2.077952312351922
211000.0,2.8437094970526213
211050.0,2.25499613422112
211100.0,1.5860935980071689
211150.0,1.1992113370284987
211200.0,0.5323466651099219
211250.0,2.356222513623912
211300.0,1.255185809124293
211350.0,1.1496956105674465
211400.0,1.4774951347389573
211450.0,2.244636268977082
211500.0,1.225930634428972
211550.0,1.2342550587166718
211600.0,1.5976827865056265
211650.0,2.0555758083067768
211700.0,1.4350614942701314
211750.0,0.94461479612065
211800.0,1.8229101728918986
211850.0,2.6468049863501473
211900.0,1.6200631645108405
211950.0,1.8106897428830904
212000.0,2.4148078927440904
212050.0,1.314609798681922
212100.0,1.1061198074610137
212150.0,1.0023009508418865
212200.0,2.018561629554114
212250.0,1.005285209313123
212300.0,0.9891872051962083
212350.0,1.0707438997295902
212400.0,1.4960605250938255
212450.0,2.213078340462721
212500.0,1.6740985733697606
212550.0,1.050763847442033
212600.0,0.3385203309464391
212650.0,0.3813139954942164
212700.0,1.6224956156274664
212750.0,2.076633406494326
212800.0,0.7584175661499695
212850.0,1.8057935691732574
212900.0,1.6370980868285685
212950.0,2.1601194271075643
213000.0,1.735651741861582
213050.0,1.161465390111847
213100.0,1.0670009731391252
213150.0,0.6929665348481685
213200.0,1.5616983949669019
213250.0,2.5615014876518307
213300.0,2.7200173427947174
213350.0,2.409086243187932
213400.0,2.190913081628096
213450.0,1.5893697667649063
213500.0,1.5892138244655194
213550.0,2.1801619730296813
213600.0,2.6374211541318453
213650.0,1.42299172536166
213700.0,1.6396011435208893
213750.0,1.3766979861183972
213800.0,1.5040644732253121
213850.0,1.6118926482772833
213900.0,0.9417547785946655
213950.0,1.1164680006690721
214000.0,2.027042153786966
214050.0,1.4520667538831125
214100.0,0.7311616345401335
214150.0,2.2061034429812505
214200.0,2.0116884683824496
214250.0,2.546154287166109
214300.0,2.1306110956144693
214350.0,1.6787518242431663
214400.0,1.276637058431707
214450.0,2.4963354783243665
214500.0,1.3346876109066526
214550.0,0.9900498857565799
214600.0,1.7781741089229888
214650.0,1.1438098409070867
214700.0,2.408027121895623
214750.0,2.231189675939106
214800.0,2.7529048312325313
214850.0,2.099616667145872
214900.0,2.506570636587953
214950.0,2.7680133446217874
215000.0,1.1639157415911563
215050.0,1.5679903150015286
215100.0,0.8833487275026004
215150.0,2.2021360583780925
215200.0,1.3519614273211713
215250.0,1.6697874114403815
215300.0,0.6326181800656506
215350.0,0.8170645409845886
215400.0,1.1595683156433136
215450.0,1.9434503409952495
215500.0,1.0542269914947446
215550.0,1.7280586260363335
215600.0,2.8729416587255105
215650.0,1.796495269832722
215700.0,2.846927643844055
215750.0,2.8704506098386213
215800.0,2.226318398768069
215850.0,1.0114374277219425
215900.0,1.770283245123779
215950.0,1.142759710476037
216000.0,2.6380489081235288
216050.0,2.2181520946998994
216100.0,2.5854568738854566
216150.0,2.13025668751403
216200.0,2.1421913969972435
216250.0,3.8985739650797933
216300.0,3.0377628748297245
216350.0,2.745430182994355
216400.0,1.235068537872602
216450.0,1.8486201931921933
216500.0,2.0675813117035022
216550.0,2.852292803533517
216600.0,1.74439267846027
216650.0,2.036193743474325
216700.0,0.9766732140507353
216750.0,1.851839116009778
216800.0,1.7177260870665267
216850.0,2.290436083325127
216900.0,1.707952822604798
216950.0,2.734336115804479
217000.0,1.9708594067530618
217050.0,2.453773253569539
217100.0,2.6471469973100805
217150.0,2.3776021845203545
217200.0,1.9088486449781552
217250.0,2.895668071292832
217300.0,2.187345810698092
217350.0,2.1490716947542863
217400.0,3.075646600988986
217450.0,1.8689275250817612
217500.0,3.3715672049538354
217550.0,2.3584933750985617
217600.0,3.3755598430780767
217650.0,3.2056974731052406
217700.0,2.8152614579142266
217750.0,1.8874298883080975
217800.0,1.7515991777748157
217850.0,2.3483791589338665
217900.0,1.9175483031150522
217950.0,1.6799441510147382
218000.0,0.7789756034293507
218050.0,1.1401728743438018
218100.0,2.050825223494297
218150.0,2.355123006601205
218200.0,1.0325261516981652
218250.0,1.659788459263473
218300.0,2.8210795074600843
218350.0,2.509045889024575
218400.0,3.2902878488718246
218450.0,2.2440336374461816
218500.0,3.6243706788160974
218550.0,2.0020734727598546
218600.0,2.5253307912978227
218650.0,2.0386530741763487
218700.0,1.8190409680315116
218750.0,2.2456613992888936
218800.0,2.1689189373357283
218850.0,2.2507289929658283
218900.0,2.0854948749212294
218950.0,2.726020126483199
219000.0,1.610403841920374
219050.0,1.5541522957994567
219100.0,1.731439793523691
219150.0,2.594166676339664
219200.0,1.5579808759416909
219250.0,2.757422416201732
219300.0,2.3933424225758175
219350.0,2.4879672584567603
219400.0,2.4203286910943946
219450.0,1.4876149550347324
219500.0,1.197034364143949
219550.0,1.4897628964343679
219600.0,2.2427375387067965
219650.0,1.7438430457388638
219700.0,1.4752607543221354
219750.0,1.4690483760272421
219800.0,2.939026827480217
219850.0,1.9248347786706252
219900.0,0.9990437612696307
219950.0,0.9527355025263607
220000.0,0.8975549061727965
220050.0,0.8682720871215562
220100.0,2.160599799769015
220150.0,1.2491597859842598
220200.0,2.4026866269543703
220250.0,2.091150636931504
220300.0,1.7664914935229854
220350.0,2.9257642668918957
220400.0,2.6091334246839293
220450.0,1.8207915854687133
220500.0,4.363977782645146
220550.0,2.976438424253251
220600.0,2.4576612790312993
220650.0,1.2819889744505721
220700.0,2.8992057933476554
220750.0,3.237652387295716
220800.0,2.2760895855140015
220850.0,2.184555830519433
220900.0,2.17128601923267
220950.0,2.393929650165277
221000.0,2.784490674222833
221050.0,2.3593823830626035
221100.0,2.184425573899555
221150.0,1.5299042715545588
221200.0,1.1632283937547285
221250.0,1.1997887972336092
221300.0,0.6160323520563199
221350.0,1.553349907480659
221400.0,1.0010013205862713
221450.0,2.5268727180186032
221500.0,1.8591631403460689
221550.0,1.8282488055729538
221600.0,2.6474325411745374
221650.0,0.7151203187961218
221700.0,1.4299597674670212
221750.0,0.9894442915810668
221800.0,0.4243793686504361
221850.0,1.0882079443544945
221900.0,2.790159498464616
221950.0,2.7032363213206896
222000.0,0.8932532611539815
222050.0,1.2003713020706674
222100.0,0.8410068672128976
222150.0,2.345757856754357
222200.0,0.9520989193994268
222250.0,2.3347950645005717
222300.0,1.3883422791539295
222350.0,1.0100460336688688
222400.0,0.4981002545210091
222450.0,1.0488069626677017
222500.0,2.465296924970434
222550.0,2.6945464326907542
222600.0,2.7147912989551153
222650.0,2.3709892764280927
222700.0,3.9982972091306612
222750.0,3.0942167439178023
222800.0,2.4431066865819018
222850.0,2.6943608374346484
222900.0,2.1386190083426313
222950.0,2.6770489253077567
223000.0,1.582240781849787
223050.0,1.2978811150514986
223100.0,1.0694394463549572
223150.0,1.0314062322556468
223200.0,1.4104224104049468
223250.0,2.071854401504302
223300.0,2.7940796233832503
223350.0,2.445194492839484
223400.0,2.6444254606378292
223450.0,3.734283270649961
223500.0,2.4620709629407256
223550.0,0.58343783476814
223600.0,0.28089705513201335
223650.0,1.3103431892764692
223700.0,1.905594179905085
223750.0,2.847820356000656
223800.0,1.6264655744634293
223850.0,0.3801375532257786
223900.0,0.8286701367721215
223950.0,1.6613807699249503
224000.0,1.518716249959543
224050.0,0.6667082359166701
224100.0,0.6133570166553001
224150.0,3.1639973860051094
224200.0,0.9146025581512041
224250.0,1.900867361360688
224300.0,1.7825821259255286
224350.0,2.935064900346787
224400.0,2.3958449553266847
224450.0,1.033873922731677
224500.0,2.272730132522289
224550.0,2.86930002695608
224600.0,0.7731069330189566
224650.0,0.9702565276910703
224700.0,1.8368678261291937
224750.0,0.5173950443018553
224800.0,1.0905938181176678
224850.0,0.833664438425784
224900.0,1.1381571025035844
224950.0,1.4555416889643158
225000.0,1.8492431494760002
225050.0,1.5828448178170773
225100.0,1.7844070894611104
225150.0,1.9477421433050888
225200.0,1.801774204282175
225250.0,2.1304012468703935
225300.0,4.051282501234936
225350.0,3.0417902594010933
225400.0,3.245991329430016
225450.0,2.572740324937931
225500.0,2.923096026627023
225550.0,2.083717753278187
225600.0,2.911940625355113
225650.0,2.3874246597012747
225700.0,0.740536024470724
225750.0,2.6606363846150347
225800.0,3.1898242823150955
225850.0,2.6291051187831003
225900.0,0.9565008989834431
225950.0,2.6852172650061172
226000.0,1.3971769775137168
226050.0,1.2506376669464492
226100.0,2.835008756977417
226150.0,2.7295047168273623
226200.0,2.6586643106570476
226250.0,2.3980566981981823
226300.0,3.084945339912885
226350.0,1.6651096204848257
226400.0,2.205398494503277
226450.0,2.7551029381330854
226500.0,2.124923674531313
226550.0,2.5390898123585885
226600.0,2.676953819272157
226650.0,3.8478779044696076
226700.0,1.2290246250420607
226750.0,1.398782370639084
226800.0,2.189541457436227
226850.0,2.04618912352412
226900.0,1.6852570488877359
226950.0,1.969972191636291
227000.0,2.1530930247885856
227050.0,2.326240910634026
227100.0,2.9191229378412653
227150.0,2.0091999074781772
227200.0,2.4394676891219444
227250.0,2.0974732083817895
227300.0,2.445792821114333
227350.0,2.4833229537174435
227400.0,3.51888851694579
227450.0,0.9792280870854817
227500.0,3.765443573013835
227550.0,3.9486064057636074
227600.0,2.543009041066882
227650.0,2.820172191806088
227700.0,3.7652880015714922
227750.0,3.3311411637267687
227800.0,3.6488364476764508
227850.0,3.7632704613737795
227900.0,3.4611544884728214
227950.0,3.972632817809945
228000.0,3.160078247648277
228050.0,3.8136845499881624
228100.0,3.988498600306247
228150.0,3.9057659950174477
228200.0,3.352285213092385
228250.0,3.1846623110900523
228300.0,3.8988821914155585
228350.0,3.9277720900440434
228400.0,3.7874880455592326
228450.0,3.809474692591373
228500.0,4.69860431742713
228550.0,3.5527753180215633
228600.0,4.1765529857226245
228650.0,3.7636818354223585
228700.0,3.9001765761993656
228750.0,3.695874370524707
228800.0,4.326957415280835
228850.0,3.7402396940284337
228900.0,4.502866612515438
228950.0,4.209082595289883
229000.0,4.817892026133421
229050.0,4.969804956000431
229100.0,4.46355191832352
229150.0,4.003171562557164
229200.0,4.459204165359441
229250.0,4.350125065551572
229300.0,4.681171026851674
229350.0,5.35066093740854
229400.0,5.202229282534385
229450.0,4.310289508277154
229500.0,4.7158998464452315
229550.0,4.3941078643311835
229600.0,3.771656462529055
229650.0,4.948512696900821
229700.0,3.7535839473707653
229750.0,2.9934581872751944
229800.0,3.255655350351619
229850.0,3.9951560223713884
229900.0,4.72381151218519
229950.0,3.6113870748835604
230000.0,3.4795974446030953
230050.0,3.869445009880598
230100.0,4.305134486851514
230150.0,4.630205555388198
230200.0,4.951278160227816
230250.0,4.139889122036626
230300.0,3.38684042548015
230350.0,3.424775964695553
230400.0,4.032369292591317
230450.0,3.420728942642045
230500.0,3.0213554978186217
230550.0,2.3226267460017698
230600.0,3.6048436225912663
230650.0,4.050576904653548
230700.0,3.2360608840334386
230750.0,3.736451654808043
230800.0,4.348032389814452
230850.0,4.177581440052342
230900.0,3.8059296816418517
230950.0,3.8594046431050275
231000.0,3.650872204812177
231050.0,3.846502705417452
231100.0,3.2404621858984988
231150.0,4.01996287542659
231200.0,4.3757715607326935
231250.0,3.515124068479867
231300.0,4.03982654992563
231350.0,4.597977837960194
231400.0,4.943385495107751
231450.0,4.357854217124537
231500.0,3.9479840112084634
231550.0,4.3263006943344635
231600.0,4.4243882668292365
231650.0,5.214871702291091
231700.0,4.928305208404941
231750.0,4.904052182392288
231800.0,4.6812587238641425
231850.0,4.197353746098217
231900.0,3.7710843032183767
231950.0,4.142005400798592
232000.0,4.509555313957835
232050.0,4.916431549934786
232100.0,4.064651476569541
232150.0,3.6902725946157466
232200.0,4.581364770971459
232250.0,4.63665455575411
232300.0,3.4448925286176273
232350.0,4.208824376309443
232400.0,3.1811634670437954
232450.0,3.396058759814842
232500.0,4.164838124740776
232550.0,4.242703851090949
232600.0,4.521346709230812
232650.0,4.001775752917871
232700.0,3.9636944793734754
232750.0,4.09262449864117
232800.0,4.086795770207132
232850.0,3.9034070904935048
232900.0,4.289741850872613
232950.0,4.391168908845602
233000.0,3.348025524784448
233050.0,4.159071098205143
233100.0,4.402032673268527
233150.0,4.192588501499066
233200.0,3.39461161890931
233250.0,4.764200342899078
233300.0,4.144292553217894
233350.0,4.206825349317407
233400.0,4.599269741312623
233450.0,4.6134557988551235
233500.0,4.025442923683468
233550.0,3.436393018675529
233600.0,3.939213230180354
233650.0,3.1241124994668517
233700.0,4.779183391589916
233750.0,4.157163534767507
233800.0,4.214747616418741
233850.0,3.5405197197442413
233900.0,3.6171509439022107
233950.0,2.7050285837097925
234000.0,4.33188930885511
234050.0,3.875601338253105
234100.0,3.8688594854694474
234150.0,3.9731212532130025
234200.0,4.388007411734714
234250.0,4.241943445878072
234300.0,4.338019789983857
234350.0,4.039320646521341
234400.0,4.329446617166153
234450.0,3.3380954483876946
234500.0,3.52805732764313
234550.0,3.7106446294823767
234600.0,4.256723144048826
234650.0,4.1358674197030725
234700.0,3.966116589874239
234750.0,3.356259430546925
234800.0,4.4715311910611
234850.0,4.554400660661803
234900.0,4.321816936861915
234950.0,4.2663082854073275
235000.0,3.6769540172200292
235050.0,4.137498078960278
235100.0,4.328902818200987
235150.0,4.634053540435517
235200.0,3.6961587636029463
235250.0,3.359449789323317
235300.0,3.620345230082677
235350.0,4.232138860521377
235400.0,3.722470552168858
235450.0,4.479074255462017
235500.0,4.505482451998425
235550.0,4.307793442998671
235600.0,5.048216205062777
235650.0,4.543751857084387
235700.0,5.159464997050911
235750.0,3.484522847997434
235800.0,4.703835263543778
235850.0,4.132577351830268
235900.0,4.499019866678641
235950.0,4.150913174829098
236000.0,3.0322588899756315
236050.0,3.1146866172073535
236100.0,3.9882166972636113
236150.0,3.1776209851346136
236200.0,4.149277301414192
236250.0,3.6047728980488234
236300.0,4.193921532754641
236350.0,4.435333138986261
236400.0,3.352041751231147
236450.0,4.041840164796983
236500.0,4.92577465677003
236550.0,3.7538393594478308
236600.0,3.6088451396002075
236650.0,3.080616284928071
236700.0,2.9530668769137467
236750.0,3.8832563751423645
236800.0,3.412827410859928
236850.0,3.97498640411233
236900.0,2.4713321840023954
236950.0,2.9663760780043265
237000.0,3.104524779883857
237050.0,2.6340254212998166
237100.0,3.7556505548467256
237150.0,2.8637894906293107
237200.0,3.052783772296262
237250.0,3.415637368730347
237300.0,3.386815151455052
237350.0,3.926776772098141
237400.0,4.772316473764972
237450.0,3.087940583585361
237500.0,4.653192893225992
237550.0,3.39684952708117
237600.0,3.9759407122271417
237650.0,3.293799750111992
237700.0,3.2062408168807663
237750.0,3.73448746153241
237800.0,3.3890062825871596
237850.0,4.585204983027847
237900.0,3.990852822012923
237950.0,3.213546430984145
238000.0,4.277324813745345
238050.0,3.900949896920505
238100.0,3.589174589942815
238150.0,3.997812153437354
238200.0,3.869085579812428
238250.0,3.1479041601043827
238300.0,3.261177245472694
238350.0,3.6835427857248764
238400.0,3.2969493155731393
238450.0,4.308594705491811
238500.0,3.8571606153656552
238550.0,3.313395699498237
238600.0,3.008816026798301
238650.0,2.7851190280736557
238700.0,3.9298337416890146
238750.0,5.072827665484792
238800.0,4.316769208087505
238850.0,3.6920692633798713
238900.0,3.8645577501202735
238950.0,3.728000392475331
239000.0,4.184780223916808
239050.0,3.797443784562256
239100.0,3.213690540625277
239150.0,3.0425953317204946
239200.0,3.923886974968918
239250.0,3.8251515867843144
239300.0,3.263812906985484
239350.0,3.1696793379049173
239400.0,4.066693745843564
239450.0,3.3661360969151706
239500.0,4.130723079904682
239550.0,2.524556526750237
239600.0,4.223419431209253
239650.0,3.282981840221261
239700.0,3.3464140015811084
239750.0,3.155849054537662
239800.0,3.377425461743957
239850.0,3.14922371929852
239900.0,3.5347693542622043
239950.0,4.223016445816828
240000.0,4.008853801434487
240050.0,3.6679413836871912
240100.0,3.115054167016792
240150.0,4.326708531192822
240200.0,3.5910153271398393
240250.0,3.137911164240948
240300.0,3.459091711616626
240350.0,3.8601691668540274
240400.0,4.181781565090132
240450.0,3.9118906274669
240500.0,4.284856144066707
240550.0,3.3382315247082053
240600.0,4.10823370855577
240650.0,3.3844061060361277
240700.0,3.1383745707452424
240750.0,3.963748256908354
240800.0,4.456026232481898
240850.0,3.536254122945365
240900.0,4.241577859625793
240950.0,4.378525062510799
241000.0,4.620410298219684
241050.0,4.409226126735072
241100.0,4.154335182153561
241150.0,4.271308023911422
241200.0,3.697791471628173
241250.0,4.127429539469761
241300.0,3.4837442700960115
241350.0,3.8502440092386916
241400.0,3.317435558307185
241450.0,4.7742320786007575
241500.0,3.974620461441667
241550.0,3.9238903709623556
241600.0,3.4202653699429044
241650.0,4.374995698242272
241700.0,3.7582550041655756
241750.0,3.2082532961167565
241800.0,3.6299541203597467
241850.0,4.048778864122939
241900.0,4.418381951833142
241950.0,3.8164530343594274
242000.0,4.133861548688011
242050.0,4.171162306357972
242100.0,3.544813007113459
242150.0,4.132347841690779
242200.0,4.720485532328502
242250.0,3.9399877151101848
242300.0,4.093605245534124
242350.0,4.983059095684897
242400.0,4.183503970575292
242450.0,4.55418676158173
242500.0,4.626422992597222
242550.0,3.752503252227658
242600.0,3.5984579835847565
242650.0,4.447592193696653
242700.0,4.1867628858756865
242750.0,4.0473697890703795
242800.0,4.207909102429204
242850.0,4.163854030020191
242900.0,3.789221266810197
242950.0,3.6135841883166164
243000.0,4.220011227853303
243050.0,3.697755092986562
243100.0,3.8104606666343184
243150.0,4.093969801545663
243200.0,3.9718270451926174
243250.0,3.2733148582345364
243300.0,3.644497769143766
243350.0,3.3383092203014337
243400.0,3.8453845399592863
243450.0,3.691801845950565
243500.0,3.786634748576212
243550.0,4.707185877259329
243600.0,3.62995867366951
243650.0,3.9510348518797036
243700.0,3.9961098308902674
243750.0,4.409274337478146
243800.0,4.30633150038932
243850.0,3.8984870742283815
243900.0,3.113115985265801
243950.0,3.9897466887978483
244000.0,3.6819824762568283
244050.0,4.190275628033543
244100.0,3.803288478028451
244150.0,4.329168498702559
244200.0,4.174323723212668
244250.0,3.302393490780546
244300.0,4.463281466407941
244350.0,3.7164700854880093
244400.0,4.073647449163196
244450.0,3.5126750218821705
244500.0,3.1666495861528206
244550.0,4.102350253965349
244600.0,3.4725753971549085
244650.0,3.68664812144587
244700.0,3.7186138753656346
244750.0,2.536548573995919
244800.0,3.0120570821646964
244850.0,3.986841907883295
244900.0,1.557461340662679
244950.0,2.698255260615587
245000.0,3.6677605983812263
245050.0,3.405449367010647
245100.0,4.148258891522772
245150.0,4.4473813603465215
245200.0,4.225410302097761
245250.0,4.211813129339556
245300.0,3.781397436278454
245350.0,3.6045631184224938
245400.0,4.360953293976372
245450.0,4.13015349502821
245500.0,3.735840884823865
245550.0,4.540581168399624
245600.0,3.81404203134067
245650.0,3.788797357432057
245700.0,3.824801496556579
245750.0,3.5223410593970375
245800.0,4.2649868920924625
245850.0,3.5410870407921196
245900.0,4.218538552290016
245950.0,5.489590704554416
246000.0,3.478001285847763
246050.0,4.203140289529945
246100.0,3.8050491357984115
246150.0,3.7934938608947797
246200.0,4.892033613663755
246250.0,4.550405578985865
246300.0,4.295054476552554
246350.0,5.422450599291177
246400.0,4.026806725688236
246450.0,2.7938675061827363
246500.0,3.047637182816636
246550.0,4.653751686622683
246600.0,4.54528096387235
246650.0,4.945825314671382
246700.0,4.239904465233924
246750.0,3.829633286257223
246800.0,3.1661497638967924
246850.0,4.381743082335095
246900.0,4.636011482167575
246950.0,3.989095815452101
247000.0,3.224563125240457
247050.0,3.971410571288416
247100.0,3.430377597322583
247150.0,3.4259703985902736
247200.0,3.5309459890620722
247250.0,3.539615980110637
247300.0,4.214296815261718
247350.0,4.1812527957578896
247400.0,4.131948121521752
247450.0,3.5363967984788887
247500.0,3.9449977972432566
247550.0,4.218733743098675
247600.0,4.283489430556631
247650.0,3.724417402141775
247700.0,3.413877631048751
247750.0,4.100997866273111
247800.0,3.9820955171455656
247850.0,4.166639260492396
247900.0,4.62395503794156
247950.0,3.369214469305154
248000.0,4.449191304652894
248050.0,4.183705999389071
248100.0,2.858755183319701
248150.0,4.478102435765132
248200.0,3.0826280018839265
248250.0,3.4570666814939273
248300.0,3.8669254590852256
248350.0,4.366745870170703
248400.0,4.186909030494759
248450.0,3.588046300044593
248500.0,2.770808669945134
248550.0,4.111896010367153
248600.0,4.020368439226047
248650.0,2.729923302559364
248700.0,4.066007269092204
248750.0,3.718450233705993
248800.0,4.125263231792851
248850.0,4.014251419920114
248900.0,4.099109650865362
248950.0,4.901467716798203
249000.0,4.462585321206226
249050.0,4.041311362048931
249100.0,3.83455257944776
249150.0,3.9846448694613605
249200.0,3.526313149732742
249250.0,3.7695739978963934
249300.0,3.6022936224115165
249350.0,3.6651059161176054
249400.0,4.443745789520551
249450.0,4.886890854597544
249500.0,4.140152210633351
249550.0,3.413454435808546
249600.0,4.255936918824201
249650.0,2.377939516472883
249700.0,3.3530108517393495
249750.0,4.101084941695398
249800.0,3.780662590770839
249850.0,4.1698315091977705
249900.0,3.9619570541251683
249950.0,3.9466694526052586
250000.0,3.3537151545028077
250050.0,3.0757248187101474
250100.0,4.016841391875376
250150.0,4.3491935820883665
250200.0,2.5900803153739522
250250.0,2.819394483016545
250300.0,3.3065357715630035
250350.0,3.4629882459504664
250400.0,3.4850660018544044
250450.0,4.58752815325415
250500.0,3.84330651262144
250550.0,3.5453338900598323
250600.0,3.1291698517654347
250650.0,4.129051724765541
250700.0,4.0677478627088375
250750.0,3.435416667161868
250800.0,4.181411355962809
250850.0,4.104154706157514
250900.0,4.153204344029029
250950.0,4.440327292402673
251000.0,4.854902992105486
251050.0,3.1129418494476204
251100.0,4.135564140391224
251150.0,4.4648523902232675
251200.0,3.665009663620401
251250.0,4.566464248261625
251300.0,4.44278775444285
251350.0,4.7550923877818025
251400.0,4.058789042393661
251450.0,4.1045062665240755
251500.0,4.00073754186991
251550.0,3.9571358694090097
251600.0,3.8126221676132133
251650.0,3.94607246741763
251700.0,3.952684233089417
251750.0,4.381644174998967
251800.0,3.504763342779943
251850.0,4.159961163268092
251900.0,3.968486745777698
251950.0,4.005117414378264
252000.0,3.448203915773164
252050.0,3.3613371713304105
252100.0,3.783502125027408
252150.0,4.532569542513473
252200.0,4.312041072232801
252250.0,4.15196447292056
252300.0,3.977902013007781
252350.0,3.8463716320042667
252400.0,4.15792836692486
252450.0,4.166781798542972
252500.0,4.403565147783863
252550.0,4.695665339411573
252600.0,3.717011783568777
252650.0,3.576448621788747
252700.0,4.930208994868166
252750.0,4.298071257489576
252800.0,3.655692745997449
252850.0,4.224431918809642
252900.0,5.403060270013078
252950.0,4.5853979539189
253000.0,3.942142141259009
253050.0,3.777207079676481
253100.0,3.9177680216418564
253150.0,4.1617773924699915
253200.0,3.7958646582897635
253250.0,3.6392688557731625
253300.0,3.4791087949697976
253350.0,4.098095695578857
253400.0,4.604409797618036
253450.0,4.15492450595082
253500.0,3.6343222597878597
253550.0,4.045909325774634
253600.0,3.1619294329036522
253650.0,3.6641726208700445
253700.0,4.165405942045166
253750.0,3.874443383584451
253800.0,4.522498139595364
253850.0,3.4677192919037627
253900.0,3.392728736942381
253950.0,3.469828728840284
254000.0,3.21779311522239
254050.0,3.8781151395426243
254100.0,5.6259813239068714
254150.0,4.407198418544011
254200.0,3.262592627603644
254250.0,3.868963113517713
254300.0,3.6507074313348262
254350.0,4.602323217776429
254400.0,3.8133810137299355
254450.0,4.027339948323494
254500.0,3.6162397811907154
254550.0,3.980062082088185
254600.0,3.6495723584655164
254650.0,3.3787726626455314
254700.0,4.109512248927717
254750.0,3.582819477328644
254800.0,4.593778501588405
254850.0,3.785948496086156
254900.0,3.7065302134440876
254950.0,3.9784807593141527
255000.0,4.0488391487892255
255050.0,3.6294624287938166
255100.0,4.888290834570327
255150.0,4.309384455440294
255200.0,3.9976220547104035
255250.0,3.250764667409441
255300.0,3.964958229182102
255350.0,4.263483377008695
255400.0,4.105374635432258
255450.0,4.508279143760475
255500.0,4.5373428356202465
255550.0,4.388814050114771
255600.0,4.267737741580695
255650.0,4.674150692093389
255700.0,3.570948723151723
255750.0,4.597497548640972
255800.0,3.2455008958705895
255850.0,3.1788010444772343
255900.0,3.9815678898326077
255950.0,3.320552275355444
256000.0,4.601313039720102
256050.0,3.9424215905262203
256100.0,4.246348017344004
256150.0,3.6313052997497537
256200.0,3.742523916166838
256250.0,4.715347729318863
256300.0,4.637942523582924
256350.0,3.887077872468387
256400.0,3.4116816408766986
256450.0,4.848400732266895
256500.0,4.986828881415823
256550.0,5.038756241603412
256600.0,3.9143318754004555
256650.0,4.494727540724908
256700.0,4.354744315455201
256750.0,5.124422321495937
256800.0,4.361351436138312
256850.0,4.981502752653916
256900.0,4.638479013756253
256950.0,3.9911127184330857
257000.0,5.468207186511711
257050.0,4.831977397133745
257100.0,5.178155796989439
257150.0,4.630044535677161
257200.0,4.409589685571105
257250.0,3.99671234596922
257300.0,4.727060000935865
257350.0,4.2070540617906635
257400.0,3.8547235554538526
257450.0,4.740316373029446
257500.0,3.892480939113833
257550.0,4.404964395785785
257600.0,3.8360880149651684
257650.0,4.18441945925535
257700.0,2.8611361587709254
257750.0,2.7418381955724396
257800.0,2.3406625230392786
257850.0,4.487345947683208
257900.0,3.4434108343119276
257950.0,3.132840289292232
258000.0,3.3211162846036566
258050.0,3.3923400193555837
258100.0,3.334948999568649
258150.0,2.4034549532475538
258200.0,2.1142134402823154
258250.0,3.3457993537416026
258300.0,3.4238819613132856
258350.0,1.8786406565840998
258400.0,2.311101881520554
258450.0,1.984138973107762
258500.0,3.2406307765010385
258550.0,4.070844188376107
258600.0,2.9209070359455986
258650.0,3.360545951454127
258700.0,4.3176252086105205
258750.0,2.56861582073158
258800.0,2.851997077334159
258850.0,2.0110431647862685
258900.0,1.9152765075507148
258950.0,1.9551969229044044
259000.0,3.2547808248480186
259050.0,5.0898414722075405
259100.0,3.617868957058173
259150.0,3.414494369858402
259200.0,4.134130796071958
259250.0,4.174025755002128
259300.0,3.9711186640819696
259350.0,4.353506560531123
259400.0,3.083275183166365
259450.0,4.704446280611248
259500.0,3.7962336963247254
259550.0,4.625473990905056
259600.0,4.359505209541416
259650.0,4.670451421383766
259700.0,2.6809870516435583
259750.0,3.5236904574202557
259800.0,5.10500793008241
259850.0,3.97820082210887
259900.0,4.170428079278284
259950.0,4.716724588926915
260000.0,4.954656265302205
260050.0,3.8743495555733327
260100.0,3.6896997448543916
260150.0,4.624952990156883
260200.0,3.7376570330163124
260250.0,4.761229311778602
260300.0,3.755755496972153
260350.0,5.023364561949055
260400.0,4.973658933307973
260450.0,3.9778641771546344
260500.0,3.8807221831882193
260550.0,3.7377807915935164
260600.0,4.0667793870763544
260650.0,4.154091954721724
260700.0,4.574044043219032
260750.0,5.076149133030259
260800.0,4.544239164658315
260850.0,4.061069156832463
260900.0,3.8057973347654457
260950.0,4.233887380035481
261000.0,4.080318290788852
261050.0,4.095590434942414
261100.0,4.256581259408676
261150.0,3.1434516945411377
261200.0,3.737725668534185
261250.0,3.878698779312593
261300.0,4.570140760332917
261350.0,4.698008535330243
261400.0,4.48229722525649
261450.0,5.8388766906762
261500.0,5.659779214227024
261550.0,5.1397589841526585
261600.0,4.624939216838237
261650.0,4.857375965119135
261700.0,4.86300964101256
261750.0,5.129171030987656
261800.0,5.06119273667224
261850.0,4.333011693045304
261900.0,3.796276381888266
261950.0,3.696080434379487
262000.0,3.3902924898192377
262050.0,4.129661316736766
262100.0,3.050458685237049
262150.0,3.756180856386007
262200.0,3.957633947350073
262250.0,4.234016152854815
262300.0,4.314267558751841
262350.0,4.160987788450162
262400.0,3.8232018562317536
262450.0,3.8252457112701888
262500.0,3.8521942643187734
262550.0,4.133912028833436
262600.0,3.747146505897347
262650.0,4.424814997195338
262700.0,3.8535947189238513
262750.0,4.128107159401973
262800.0,4.343680178738537
262850.0,3.5109790768955422
262900.0,3.4448066566394506
262950.0,3.865797977953466
263000.0,4.270115055080333
263050.0,4.200819785994107
263100.0,4.296008099344861
263150.0,4.100072084496267
263200.0,4.889698600615544
263250.0,3.211059589855946
263300.0,3.9278229178722692
263350.0,3.4747223566718173
263400.0,3.8719226104813846
263450.0,4.602811156060519
263500.0,3.4957405285999994
263550.0,3.8908748249080727
263600.0,4.528395854888466
263650.0,2.459224106546014
263700.0,4.661039801902192
263750.0,1.7993884332064192
263800.0,3.5778617964931994
263850.0,2.4464869109758816
263900.0,2.924974642659513
263950.0,3.4582809905604064
264000.0,3.1361402987679172
264050.0,3.2926082297361523
264100.0,4.422374561486973
264150.0,4.21890720338124
264200.0,4.101438049824977
264250.0,4.066310525115969
264300.0,3.7573078045993955
264350.0,3.7225384822839622
264400.0,4.784119824945337
264450.0,4.300012812399663
264500.0,4.244299794963647
264550.0,4.301439603903942
264600.0,3.881044812666324
264650.0,4.340735296734144
264700.0,4.127409720959794
264750.0,4.131898541355686
264800.0,4.238324157689587
264850.0,4.393731737341861
264900.0,4.2208623704693835
264950.0,5.077497227123816
265000.0,4.750754960951344
265050.0,3.557342620181924
265100.0,3.944576994022698
265150.0,4.183705999389071
265200.0,2.977077802041112
265250.0,4.2878062987104455
265300.0,3.724702290156557
265350.0,4.634351683609495
265400.0,5.640888124708025
265450.0,3.743608612195567
265500.0,3.4500257775323786
265550.0,3.512747618509031
265600.0,4.128739749491453
265650.0,3.7959700065254216
265700.0,3.3829846092419884
265750.0,3.3552777675982295
265800.0,4.512302600889016
265850.0,3.7887827421747726
265900.0,4.170680812085302
265950.0,4.090228300930622
266000.0,3.6197788613581614
266050.0,3.036754956216022
266100.0,4.158554413593366
266150.0,3.9585232645752453
266200.0,3.76718851869132
266250.0,4.025479555742545
266300.0,3.523878161542182
266350.0,3.856975629257277
266400.0,3.7595063019365598
266450.0,3.157686631101893
266500.0,3.4227129775396112
266550.0,2.8520323564115917
266600.0,3.308126402666934
266650.0,3.9774504844924983
266700.0,3.5370761965256308
266750.0,3.708390472552001
266800.0,3.635136957124791
266850.0,3.630809558740901
266900.0,3.832958774570056
266950.0,4.250245867271688
267000.0,3.519926271534521
267050.0,3.7822870716774215
267100.0,3.9913391802943416
267150.0,4.258507921993766
267200.0,3.4883933685115966
267250.0,3.0845576711463307
267300.0,2.8092869276732144
267350.0,3.5492390799833733
267400.0,3.3765052678076284
267450.0,3.8972162732898976
267500.0,4.17646886732389
267550.0,3.6317755967283993
267600.0,3.685317811348187
267650.0,3.377419290327763
267700.0,4.128887888001678
267750.0,4.367914181990854
267800.0,3.9316255444845964
267850.0,3.508334426651199
267900.0,3.3228919465848104
267950.0,3.3410480426535942
268000.0,2.5131188652186407
268050.0,3.0264802458043243
268100.0,3.5887192518427304
268150.0,3.908056080130406
268200.0,3.3671902842271524
268250.0,3.0666036909043184
268300.0,2.952722990580999
268350.0,4.2185965626071775
268400.0,3.643307535888676
268450.0,3.2670903112062804
268500.0,4.022356509066775
268550.0,2.3941127062174514
268600.0,3.1016102887179238
268650.0,1.9045439174822294
268700.0,4.0892296100562735
268750.0,3.6160019457228896
268800.0,3.1840363409781722
268850.0,4.73592393701176
268900.0,4.2680641649736915
268950.0,4.271134459620768
269000.0,3.505835665837752
269050.0,3.7686052198065316
269100.0,3.2572494750160987
269150.0,2.6952344197286817
269200.0,3.9654220479644793
269250.0,3.4884514358722876
269300.0,3.9843413904086113
269350.0,3.4750801461410252
269400.0,3.92063711594315
269450.0,4.558124758973237
269500.0,4.750125412420614
269550.0,2.772088975635323
269600.0,3.3354741293968533
269650.0,3.3655434206862807
269700.0,2.744394785274131
269750.0,3.9755968245188593
269800.0,3.388968917998383
269850.0,3.1818366215971468
269900.0,3.7464652953824387
269950.0,3.68457098194052
270000.0,4.092147357832966
270050.0,4.021255978675561
270100.0,3.595786621455159
270150.0,3.7687367872336717
270200.0,3.7681031661784408
270250.0,3.5430055577170423
270300.0,2.4370630110921434
270350.0,2.153759081227802
270400.0,2.4155736219093447
270450.0,2.999829664357335
270500.0,1.4087252727010735
270550.0,2.0973511176809776
270600.0,1.5859972404662368
270650.0,1.8657154893403785
270700.0,3.6263857252601452
270750.0,3.032670809094141
270800.0,1.9808337350216234
270850.0,2.776092093358018
270900.0,3.3612324302743244
270950.0,4.118664444310648
271000.0,4.0090391123737765
271050.0,3.40407142962475
271100.0,2.9874543259510857
271150.0,3.5401930162722284
271200.0,4.096213756474991
271250.0,3.977109150174432
271300.0,3.3680126540308906
271350.0,4.145366185195754
271400.0,3.78684671762442
271450.0,4.395404696534126
271500.0,4.815508512942002
271550.0,3.702889467063811
271600.0,3.331274327406026
271650.0,4.308749517671613
271700.0,4.118797217048661
271750.0,3.0650425774551713
271800.0,3.1191143926022553
271850.0,3.907337008136635
271900.0,1.6808005941304267
271950.0,4.211313926824534
272000.0,2.7191726643687426
272050.0,1.8352095764477092
272100.0,2.003044671943725
272150.0,3.6445263820492433
272200.0,4.085752944939984
272250.0,3.301041239301899
272300.0,3.6458854485243712
272350.0,3.078927643610343
272400.0,3.598415899378038
272450.0,4.0655345558732
272500.0,2.7981387017303616
272550.0,2.8299257588222257
272600.0,3.348626030041761
272650.0,2.8214131909067874
272700.0,4.072797870273008
272750.0,4.183133368913041
272800.0,3.834240214497601
272850.0,4.994206615594908
272900.0,4.7292557215926285
272950.0,4.801466829930941
273000.0,4.540166579567355
273050.0,4.185999573775284
273100.0,4.555698075471625
273150.0,3.597024746931063
273200.0,4.837444244145299
273250.0,4.949048723464714
273300.0,4.683172252201117
273350.0,3.963746655483987
273400.0,3.531083197468942
273450.0,3.6811519200700653
273500.0,4.013424305019745
273550.0,4.016378101879977
273600.0,3.9165001329035136
273650.0,4.390967228380351
273700.0,3.8293817181518643
273750.0,4.022982564546442
273800.0,3.202405051048299
273850.0,3.159251922718503
273900.0,3.934260195220355
273950.0,3.4757128680053797
274000.0,3.1881795423013104
274050.0,4.2888456830613935
274100.0,4.026608190137679
274150.0,3.6773982711283013
274200.0,3.9550208151728685
274250.0,4.142487432710067
274300.0,4.298521734880086
274350.0,1.9978687359575185
274400.0,1.367219423742855
274450.0,4.8980996908669905
274500.0,1.8186239024641992
274550.0,3.9066215413164453
274600.0,3.66443691367455
274650.0,4.367264445809773
274700.0,3.8643614429270996
274750.0,3.394934370843634
274800.0,3.7364147982312215
274850.0,3.4013400890340457
274900.0,3.921655630304376
274950.0,3.5014981822468703
275000.0,3.3457703834371504
275050.0,1.3889907466197267
275100.0,2.143028970636499
275150.0,2.82096910153265
275200.0,0.4989966250976514
275250.0,0.25475175332984884
275300.0,0.23727642258813897
275350.0,1.4609901592739254
275400.0,1.1280912391193667
275450.0,1.704868127658224
275500.0,2.403281694453374
275550.0,1.444812896137028
275600.0,3.1320863111844255
275650.0,3.716032669896081
275700.0,3.6389419732531727
275750.0,4.186358469498103
275800.0,4.304844215050033
275850.0,3.6421527122584916
275900.0,3.5251930458843868
275950.0,3.4580060693077868
276000.0,4.317242224620199
276050.0,3.133335958549385
276100.0,3.3728578153499527
276150.0,2.8027996072616164
276200.0,3.04044195978252
276250.0,3.8120211865549476
276300.0,3.9210435957376855
276350.0,4.44650472019329
276400.0,3.467766510089117
276450.0,3.1822811553115486
276500.0,3.6802563789520577
276550.0,4.077225917866821
276600.0,3.8148500313556553
276650.0,4.402158602684522
276700.0,4.139575025707224
276750.0,4.171162306357972
276800.0,3.950869536683619
276850.0,3.17190741690259
276900.0,3.8175505133576024
276950.0,4.259056918210369
277000.0,3.42958067886808
277050.0,4.059085892627212
277100.0,4.007628444394639
277150.0,4.024090401365944
277200.0,4.669028515949434
277250.0,4.186083656668478
277300.0,3.763256085947878
277350.0,4.157855990390025
277400.0,3.3717338597817026
277450.0,3.7411214091822242
277500.0,4.038821202906132
277550.0,4.368853881831943
277600.0,4.247160419724104
277650.0,4.674110335454909
277700.0,4.611687632576277
277750.0,3.445819443910893
277800.0,3.5734559961442254
277850.0,3.648972847836919
277900.0,4.23733156987303
277950.0,4.254985398877405
278000.0,5.052927476561865
278050.0,3.940785318718466
278100.0,3.6745349362471615
278150.0,3.6903932625501477
278200.0,4.278750157625928
278250.0,4.487951376658025
278300.0,4.5148858030005785
278350.0,4.872517569267207
278400.0,3.9347161088111005
278450.0,5.070414349181043
278500.0,4.167927410178727
278550.0,3.11038636092402
278600.0,3.0888342505908617
278650.0,3.6732796565333032
278700.0,3.390773711016192
278750.0,2.9261039124527395
278800.0,3.599342455263392
278850.0,4.055217655613558
278900.0,3.745998408592846
278950.0,3.6962956854713465
279000.0,4.383853877581188
279050.0,3.9513406576967403
279100.0,3.87859547274663
279150.0,4.200341266396824
279200.0,3.211366622313434
279250.0,2.5463864130692553
279300.0,2.277144833457246
279350.0,3.9771973634464226
279400.0,4.085205342656492
279450.0,3.6804964572492715
279500.0,4.902465915436066
279550.0,3.904382626311004
279600.0,3.618469107633025
279650.0,3.9715622717877967
279700.0,4.200343561566519
279750.0,4.078466736538856
279800.0,4.049702421587096
279850.0,3.274582118275329
279900.0,3.2960266625528485
279950.0,4.589212219854927
280000.0,4.4342407825653485
280050.0,4.171497721853714
280100.0,4.3973850678083215
280150.0,3.405701978922991
280200.0,4.081284889904342
280250.0,2.989281007710392
280300.0,3.9707686134285334
280350.0,3.710918858097031
280400.0,3.6505437150279807
280450.0,4.189578854471611
280500.0,4.272165202445531
280550.0,4.519842575171399
280600.0,3.6946556449152967
280650.0,3.762673554434612
280700.0,3.867000721897015
280750.0,3.330970871449045
280800.0,2.795154967678971
280850.0,3.8484539726693825
280900.0,3.537655281678838
280950.0,3.512216576056788
281000.0,3.46388001500228
281050.0,3.257526962631766
281100.0,2.008128387438788
281150.0,2.764973851336887
281200.0,2.411154155512543
281250.0,4.056473034203209
281300.0,3.9457568666063434
281350.0,4.255172004857925
281400.0,3.7583744666580303
281450.0,3.3980424923113004
281500.0,1.9342389138397302
281550.0,2.677402396686343
281600.0,2.0639000109171417
281650.0,2.943110676088102
281700.0,2.984861160193549
281750.0,0.7256014561702597
281800.0,2.349699694338068
281850.0,2.415053310402764
281900.0,2.716997287728445
281950.0,3.821318518890653
282000.0,3.6481726156921623
282050.0,1.479490343958088
282100.0,1.857415823800639
282150.0,2.0632209122782554
282200.0,3.078906502261417
282250.0,1.866489291535254
282300.0,1.9839607635460972
282350.0,2.8947840792995265
282400.0,1.6846946118138215
282450.0,2.593488017418511
282500.0,2.319177656775367
282550.0,3.8926317215964756
282600.0,1.061602099347773
282650.0,1.467138086563321
282700.0,1.6250825578163526
282750.0,2.1311928001725615
282800.0,3.30484147839105
282850.0,3.8500640463520184
282900.0,2.496196116104163
282950.0,2.9323156118387796
283000.0,2.566804801033107
283050.0,3.910035127060003
283100.0,1.8049626548973607
283150.0,1.2963795952372437
283200.0,2.5094007109561405
283250.0,3.1984159106030488
283300.0,3.292487492642606
283350.0,3.3148136350055633
283400.0,3.605394635874229
283450.0,4.137872015238789
283500.0,2.5186488292458034
283550.0,2.427569746281835
283600.0,2.564428516996648
283650.0,4.111944144027705
283700.0,2.2525726367677437
283750.0,1.540227582890272
283800.0,2.7821156532355173
283850.0,2.722846305127441
283900.0,1.466591633241459
283950.0,2.5547221847562405
284000.0,2.2962981750748295
284050.0,0.8443293909357463
284100.0,0.8331224816895116
284150.0,2.54699960992458
284200.0,2.454564706785312
284250.0,1.4142130833154447
284300.0,2.2969079079320114
284350.0,2.879617512525359
284400.0,2.253945845632119
284450.0,3.4509992086842374
284500.0,1.4101728466072385
284550.0,1.3288297176925001
284600.0,4.2116071120918095
284650.0,3.203716798420043
284700.0,0.7811529978993704
284750.0,2.773010741817796
284800.0,3.1896384830197286
284850.0,3.884247734459593
284900.0,3.527629278836874
284950.0,4.745035610250386
285000.0,4.460280576016643
285050.0,4.235822688412772
285100.0,4.5822498868889046
285150.0,3.172518836677648
285200.0,4.30480943247006
285250.0,4.708545522118549
285300.0,3.634196560104444
285350.0,3.8097493234926416
285400.0,3.5626642870081398
285450.0,4.920253794263004
285500.0,2.9927389765005645
285550.0,3.4997418571120815
285600.0,4.321327323456887
285650.0,4.260350620727049
285700.0,4.776202903183052
285750.0,3.764952727451062
285800.0,3.7777354429521073
285850.0,3.279417470519901
285900.0,3.022898068405054
285950.0,3.704241516890932
286000.0,2.434543210529251
286050.0,4.065366066831812
286100.0,3.5288655147699006
286150.0,2.477799647872948
286200.0,3.3960094869121327
286250.0,2.3546695200506016
286300.0,3.344936695730925
286350.0,2.472002279489135
286400.0,3.4682963544169083
286450.0,3.115908899350984
286500.0,3.348596191072427
286550.0,3.6877768318386424
286600.0,3.207837053822343
286650.0,3.3610111014090958
286700.0,3.803692595238185
286750.0,3.790999504493958
286800.0,3.314107645337232
286850.0,3.179842441906912
286900.0,2.9255578363078087
286950.0,1.5690094708504738
287000.0,0.7869520353146847
287050.0,1.8559059320569713
287100.0,2.1471122858966614
287150.0,2.704770893548509
287200.0,3.4586408836551636
287250.0,2.9679780899241064
287300.0,2.5958587989460833
287350.0,3.71465837101736
287400.0,3.9322865209413997
287450.0,4.504450382491187
287500.0,3.933522563285493
287550.0,3.903076909671725
287600.0,2.88521744832758
287650.0,3.2395638556192505
287700.0,3.6129732394078142
287750.0,4.262686159966207
287800.0,4.684535349931219
287850.0,3.9436279657184112
287900.0,3.5912219670610663
287950.0,3.889922084470498
288000.0,3.3086988130887884
288050.0,3.0427776641928457
288100.0,3.351136062434914
288150.0,4.129055559921222
288200.0,3.9381943115387803
288250.0,3.487088176961471
288300.0,4.39714354163225
288350.0,4.295638470521047
288400.0,3.7212338351862675
288450.0,3.2289485611327557
288500.0,3.8787211074319474
288550.0,3.1681358435075246
288600.0,3.5930602620246184
288650.0,3.4258555409924183
288700.0,3.2893777331873912
288750.0,3.899654764011988
288800.0,3.3964818466076556
288850.0,4.1370113218423334
288900.0,3.606742870169121
288950.0,2.923642089732633
289000.0,3.2125548627768508
289050.0,3.3493432761531436
289100.0,4.272165202445531
289150.0,3.974832953636816
289200.0,3.556526019230695
289250.0,3.5161778788380706
289300.0,3.949140248668529
289350.0,3.616901971386952
289400.0,4.136432349626131
289450.0,3.2530862205834983
289500.0,3.97227944493439
289550.0,3.4388931818213164
289600.0,3.7715901153657185
289650.0,4.23629334933039
289700.0,4.057620246882334
289750.0,3.748236541339484
289800.0,3.538670881083044
289850.0,3.7420464405386356
289900.0,4.5503180605214375
289950.0,4.027220128363043
290000.0,3.905518509252735
290050.0,4.036492830585045
290100.0,3.8444232340444566
290150.0,4.530353479132618
290200.0,2.9784846822243454
290250.0,4.165198157316838
290300.0,3.9673676295768776
290350.0,3.640016495812436
290400.0,4.098998122460353
290450.0,3.3811975152287426
290500.0,3.7357860831829512
290550.0,4.785662862853463
290600.0,3.972012274197718
290650.0,3.8662782327524017
290700.0,4.323366351528542
290750.0,4.69312050799561
290800.0,4.98273881140494
290850.0,4.340266070321948
290900.0,4.141592892477378
290950.0,3.8580921518218974
291000.0,3.97283337854978
291050.0,4.220437030310566
291100.0,4.425784437062243
291150.0,4.310936365220941
291200.0,4.356249521178854
291250.0,4.581354024709527
291300.0,4.093677497048602
291350.0,3.941186780010075
291400.0,4.494048598176188
291450.0,4.06936966460193
291500.0,4.591035117322837
291550.0,4.399761583287739
291600.0,3.5105843816739175
291650.0,4.14329593321866
291700.0,3.643844138239384
291750.0,4.468175051451744
291800.0,3.6825802970278803
291850.0,3.5921699226832944
291900.0,4.210308530109155
291950.0,5.65661534235678
292000.0,4.341198598008278
292050.0,4.052331813218943
292100.0,4.035106078767902
292150.0,3.7050478488663505
292200.0,4.171402356478786
292250.0,3.2602000539077185
292300.0,4.245583127145566
292350.0,3.9877038101275506
292400.0,3.749131847750896
292450.0,4.476827436124927
292500.0,4.343857752853184
292550.0,3.4078442029859457
292600.0,4.562739745481697
292650.0,4.6462235424903
292700.0,3.778408935586974
292750.0,5.087170244108647
292800.0,3.501855747566147
292850.0,4.068734219709732
292900.0,3.5073358133283126
292950.0,4.3743431245192275
293000.0,4.321641155326327
293050.0,3.688293059748217
293100.0,4.200881217795217
293150.0,4.8293462404884675
293200.0,4.539051590729325
293250.0,3.976909514114658
293300.0,4.134682991764352
293350.0,4.144630834990969
293400.0,4.188661729601121
293450.0,3.7378477135652455
293500.0,4.512957153497653
293550.0,3.6111211803545396
293600.0,4.701682887297357
293650.0,5.4145040663672885
293700.0,4.397270851607454
293750.0,4.277674917262949
293800.0,3.8220128692947557
293850.0,4.574900776106997
293900.0,4.66418503359637
293950.0,4.619013857935139
294000.0,4.102204609713508
294050.0,4.389736605240671
294100.0,3.8622665376204877
294150.0,4.17731828953052
294200.0,4.049763992026836
294250.0,4.965577426309357
294300.0,4.9662022931101095
294350.0,4.391555957383638
294400.0,4.273170211306408
294450.0,4.257522252508447
294500.0,4.463417350962233
294550.0,5.281525973108497
294600.0,4.542047443595051
294650.0,4.593831550218975
294700.0,4.387549179458083
294750.0,4.187924961677955
294800.0,3.605702687850866
294850.0,3.3122312842466277
294900.0,4.500420719065437
294950.0,3.9010259028224996
295000.0,5.199556288938863
295050.0,4.380740642554385
295100.0,4.911994302209696
295150.0,4.2589777233041755
295200.0,4.484798137499999
295250.0,3.642867577307718
295300.0,4.238940918207531
295350.0,3.977497969080902
295400.0,4.885212894670466
295450.0,3.723329883968761
295500.0,4.185508584098554
295550.0,3.4589336264687605
295600.0,3.287154288916355
295650.0,3.584425247066445
295700.0,3.8776912360241886
295750.0,4.797457955850861
295800.0,3.596120612481785
295850.0,4.020616912956613
295900.0,3.594025986348782
295950.0,4.2694601081266805
296000.0,4.296343033127024
296050.0,4.702562688630116
296100.0,5.157526193578661
296150.0,4.401656278471316
296200.0,3.6199708720388957
296250.0,4.476838957842253
296300.0,3.524397063510202
296350.0,4.039085810880077
296400.0,3.833297215392088
296450.0,4.6157304926714975
296500.0,3.751582703936364
296550.0,3.6007494133718163
296600.0,3.8656532006093447
296650.0,3.7492691056131684
296700.0,4.652051759310051
296750.0,3.58219163141655
296800.0,4.005722276802065
296850.0,3.8580327372397596
296900.0,4.670524963022341
296950.0,5.171257370248353
297000.0,4.086184833950886
297050.0,4.274890996961234
297100.0,4.26085485272087
297150.0,3.464737460497186
297200.0,3.543696115565983
297250.0,4.313802567737315
297300.0,4.027617641561046
297350.0,4.0030220875962925
297400.0,4.8556462463798296
297450.0,4.510143717911865
297500.0,4.5889084652182905
297550.0,4.226973140288388
297600.0,5.231795497222923
297650.0,5.228828708646741
297700.0,3.8824851424545033
297750.0,4.8856043599715155
297800.0,4.448034675629787
297850.0,4.869014042052326
297900.0,4.556608932862695
297950.0,4.690522777648974
298000.0,4.537960837763713
298050.0,3.8615799863335103
298100.0,3.766309231394086
298150.0,4.058976895188979
298200.0,4.066863843881743
298250.0,4.561336556365151
298300.0,3.5193876249727056
298350.0,3.4520418581092738
298400.0,3.491145684923585
298450.0,3.4080750464000347
298500.0,3.7090935743731563
298550.0,4.293026849300933
298600.0,4.216632189784991
298650.0,3.7019707890283136
298700.0,4.476695243727076
298750.0,4.828355070121395
298800.0,4.833229221951214
298850.0,5.31079077427077
298900.0,3.7234491990692367
298950.0,4.057166299598784
299000.0,4.0964494473090705
299050.0,4.6092402122113665
299100.0,3.439827209394312
299150.0,4.212363403645489
299200.0,4.307853510472967
299250.0,3.0655650010484923
299300.0,4.159098374522284
299350.0,3.7838823340893053
299400.0,4.385359433624755
299450.0,4.516162561947731
299500.0,4.2283915859448955
299550.0,4.710392832320388
299600.0,5.762761212900641
299650.0,4.654469783103592
299700.0,4.462155390755092
299750.0,3.5020721357191817
299800.0,4.4557603622618975
299850.0,3.8106936803102243
299900.0,4.235021632837631
299950.0,4.24754985742397
300000.0,4.2142739956105855
300050.0,4.649141040184621
300100.0,4.439876795942224
300150.0,4.288694023052826
300200.0,4.208480416103414
300250.0,4.836330513993757
300300.0,4.355445590259093
300350.0,4.386499724613409
300400.0,3.656035274314774
300450.0,3.427808281347894
300500.0,3.9392128858203517
300550.0,4.614887029354682
300600.0,5.0512387136954136
300650.0,5.400380044352234
300700.0,5.041171505427318
300750.0,5.167388621009535
300800.0,5.226481582777565
300850.0,5.11673808499225
300900.0,5.199285491861814
300950.0,4.514540646868815
301000.0,4.619727404923187
301050.0,4.4090024073291465
301100.0,4.4858325164328665
301150.0,4.629168609396183
301200.0,4.652940030864374
301250.0,3.7480792875817217
301300.0,3.549393905697624
301350.0,4.69826672804251
301400.0,4.570142065800114
301450.0,4.570394930815449
301500.0,5.166776922880241
301550.0,5.317603012691254
301600.0,4.740168775945953
301650.0,4.819056557413095
301700.0,5.177457112533345
301750.0,4.490010790230965
301800.0,3.1312780931036364
301850.0,5.305422636665684
301900.0,4.5585300170946805
301950.0,4.837913409252013
302000.0,4.930863424526957
302050.0,3.648860833479469
302100.0,5.1123948662376755
302150.0,4.968953646267042
302200.0,4.669335511536519
302250.0,3.9246996356739037
302300.0,4.260054986807007
302350.0,4.566104412208631
302400.0,3.992814719949605
302450.0,3.603290204672697
302500.0,4.651236518119155
302550.0,3.5967495676564227
302600.0,3.6635096027290204
302650.0,3.1317396045126213
302700.0,3.761313542154613
302750.0,3.3999250242166195
302800.0,3.8584172319455687
302850.0,4.360525121654976
302900.0,4.389134623189973
302950.0,4.7600072434355
303000.0,3.9814659240758
303050.0,4.982027327516056
303100.0,3.8423297712877185
303150.0,4.775469082307292
303200.0,4.405565517120724
303250.0,4.359150320083312
303300.0,4.725314182393348
303350.0,4.496666193332188
303400.0,3.7977630889770158
303450.0,3.7181294847422115
303500.0,4.238139415112589
303550.0,5.258754787931534
303600.0,4.822510507909388
303650.0,4.030956157535236
303700.0,4.269090562949267
303750.0,4.561959817929098
303800.0,4.436066771396255
303850.0,4.482654677376541
303900.0,4.965977320375359
303950.0,4.070835558255781
304000.0,4.41624207527073
304050.0,4.3413593740450445
304100.0,4.301460432226686
304150.0,4.52360355440857
304200.0,4.652320982510409
304250.0,4.315482133827416
304300.0,4.682627437591407
304350.0,4.468476285736424
304400.0,4.038440147140138
304450.0,5.150858248708394
304500.0,3.726836374979211
304550.0,4.006495937664223
304600.0,4.1182164474160405
304650.0,4.158100870266831
304700.0,4.768698627161488
304750.0,5.037993392221677
304800.0,3.8140399325809318
304850.0,3.995244903128204
304900.0,3.5731206578225105
304950.0,3.355975807516285
305000.0,4.528552489771527
305050.0,4.509344544754442
305100.0,4.788829583069498
305150.0,2.6428923022140403
305200.0,3.787913549227539
305250.0,3.813215731121386
305300.0,4.143536766587367
305350.0,4.200225279808857
305400.0,4.289312081838285
305450.0,3.979194406231043
305500.0,4.347700385840886
305550.0,4.225742007496224
305600.0,3.92951634699805
305650.0,3.6708681768791744
305700.0,3.46913567411881
305750.0,2.736074249912621
305800.0,3.5930623025803032
305850.0,2.8596846234576936
305900.0,3.759908901902595
305950.0,4.26714038122547
306000.0,4.253230704224446
306050.0,4.566497854153895
306100.0,4.507480354294459
306150.0,4.263591179671679
306200.0,4.726711296729444
306250.0,4.83862365794369
306300.0,4.368591204422144
306350.0,3.7411487634770615
306400.0,4.879035589884689
306450.0,4.961913194225078
306500.0,4.190105141943295
306550.0,4.186547177636118
306600.0,4.660063131011956
306650.0,4.263683909024697
306700.0,4.220483030548183
306750.0,3.4053021980000384
306800.0,4.370687083128018
306850.0,4.208691374302947
306900.0,5.062748159548894
306950.0,4.498767944203455
307000.0,4.297730944933082
307050.0,3.9925045010080993
307100.0,3.6726014873103616
307150.0,3.423769603393586
307200.0,3.616403875369546
307250.0,3.840691216565938
307300.0,3.198655659587376
307350.0,3.3484637777712454
307400.0,4.172218013900992
307450.0,3.462887872780163
307500.0,4.084281832488644
307550.0,2.8672482080224255
307600.0,3.6834902718627984
307650.0,4.414761051961394
307700.0,4.009003348225144
307750.0,3.604496606820709
307800.0,4.183562032664612
307850.0,4.106613840000645
307900.0,4.324915183590261
307950.0,4.4189794696587725
308000.0,4.282907656961235
308050.0,4.752862206895681
308100.0,4.193913086408914
308150.0,3.922992881411336
308200.0,4.653653195238967
308250.0,4.130881809189422
308300.0,4.039170617055825
308350.0,3.478133398164747
308400.0,4.388506117188123
308450.0,4.074651061676475
308500.0,4.8733577167918405
308550.0,3.735474927504953
308600.0,4.323181371165633
308650.0,4.373807826202263
308700.0,4.864741332344331
308750.0,4.101390190207388
308800.0,4.499707543599422
308850.0,4.5458642750141145
308900.0,4.278095326022393
308950.0,4.336425863896772
309000.0,4.505818506669273
309050.0,3.6158095183408627
309100.0,4.550977820665034
309150.0,3.751079035432153
309200.0,4.67607437795732
309250.0,4.017334131362778
309300.0,3.8679409012076365
309350.0,3.7007836678013333
309400.0,3.657351301070985
309450.0,4.844336400367795
309500.0,3.288278593867045
309550.0,3.344814922877981
309600.0,4.514266837957536
309650.0,4.263920094843792
309700.0,4.309919573753756
309750.0,3.5446435191219243
309800.0,4.36436693073329
309850.0,2.823932226349355
309900.0,4.108355665374599
309950.0,3.7265907325895338
310000.0,3.4731810073515623
310050.0,3.866081928461159
310100.0,3.6617052981283242
310150.0,4.4903118733825735
310200.0,4.352227129945561
310250.0,4.3457127914259015
310300.0,4.497355918763602
310350.0,4.359734163843638
310400.0,3.13984019073329
310450.0,3.154262951645419
310500.0,3.947328923530687
310550.0,3.208753446689693
310600.0,3.9413454986376584
310650.0,4.143572502654444
310700.0,4.300999113182713
310750.0,4.273932737750449
310800.0,3.9723170881405423
310850.0,3.6029307138815403
310900.0,4.280224387093992
310950.0,4.34844929769025
311000.0,3.375928167372955
311050.0,3.7744908144358917
311100.0,3.7482936453951474
311150.0,4.172396110951274
311200.0,3.726672230844064
311250.0,4.370699206531627
311300.0,3.9231855216735303
311350.0,4.481353041148909
311400.0,3.655816691911848
311450.0,3.7227143018344435
311500.0,4.1771510524432625
311550.0,3.966078887434379
311600.0,3.7445803447145845
311650.0,3.4048458038744367
311700.0,3.5987507534588223
311750.0,3.5697917097486944
311800.0,4.201500660515916
311850.0,3.4496509965939004
311900.0,4.349388659787747
311950.0,4.198139351829324
312000.0,4.366427818194794
312050.0,4.040668451133798
312100.0,4.54899884823516
312150.0,3.6182980755010097
312200.0,4.035914541459446
312250.0,4.89702808858059
312300.0,4.723693145065831
312350.0,4.692695064565958
312400.0,4.439481995761787
312450.0,4.166821345111963
312500.0,4.80420337627311
312550.0,4.507473113310005
312600.0,4.606235969020681
312650.0,4.161273761658152
312700.0,3.706655920642717
312750.0,3.499569925542566
312800.0,3.8998079348513204
312850.0,4.144935262841141
312900.0,4.073338895965528
312950.0,4.081428595248859
313000.0,4.23198565544807
313050.0,4.156598611952981
313100.0,4.330012020951032
313150.0,4.54327952639829
313200.0,4.2608213716372525
313250.0,4.080649335469465
313300.0,4.621652884470903
313350.0,3.961791300363069
313400.0,3.466335272087867
313450.0,4.1392989773101965
313500.0,4.235160139317776
313550.0,4.381265406954801
313600.0,3.976064739308453
313650.0,4.981769093118487
313700.0,4.730302557596501
313750.0,3.5797483131981043
313800.0,3.796591107496621
313850.0,4.084478853906131
313900.0,4.213786418875754
313950.0,3.4249813000298848
314000.0,4.217700247000253
314050.0,4.738216403233828
314100.0,4.210627689642907
314150.0,3.982833625344762
314200.0,4.2551378543823954
314250.0,4.195686122363634
314300.0,3.889508382925425
314350.0,4.046839962747662
314400.0,3.768578179798447
314450.0,4.0249469347004885
314500.0,3.719744491418231
314550.0,4.436595320344932
314600.0,4.3425878268410765
314650.0,4.131994028200896
314700.0,4.3378362586672505
314750.0,3.950392438106744
314800.0,3.4228215015181673
314850.0,3.5384165559857896
314900.0,4.018468718515065
314950.0,3.8672731934980247
315000.0,4.183167116144754
315050.0,4.639449578890271
315100.0,3.880862292009358
315150.0,3.3905276618762894
315200.0,4.518893894129796
315250.0,3.597068489498754
315300.0,4.399430851628784
315350.0,3.9894458498793877
315400.0,4.060317201301757
315450.0,4.374150463002166
315500.0,4.849286897131052
315550.0,4.9018564427265
315600.0,3.316531889923227
315650.0,3.507108694970233
315700.0,4.070221233685542
315750.0,4.028943664085343
315800.0,4.844823973682414
315850.0,4.787922412857511
315900.0,4.844964653022541
315950.0,4.937243743356087
316000.0,4.028369858979076
316050.0,4.298766535369195
316100.0,4.471543965820128
316150.0,4.263447138203786
316200.0,4.13324033407543
316250.0,4.478058332249494
316300.0,6.14258149518135
316350.0,5.290830339192753
316400.0,4.720525272050151
316450.0,5.8781351570757385
316500.0,4.737392400403739
316550.0,5.032118103730718
316600.0,4.897682645006043
316650.0,3.830797375578344
316700.0,4.870995254495292
316750.0,3.7212625231549534
316800.0,4.194735483193999
316850.0,4.155007491674026
316900.0,3.6032747234880826
316950.0,3.8694058339220447
317000.0,3.826680493970736
317050.0,4.268364216793101
317100.0,4.067246337186371
317150.0,4.720371955508503
317200.0,4.284120733621588
317250.0,4.841702500719867
317300.0,3.6979033671530446
317350.0,3.640452817066021
317400.0,4.685948137323897
317450.0,4.964631951744685
317500.0,4.800249710583644
317550.0,4.5414854276502306
317600.0,4.186274273296386
317650.0,3.9211974864557617
317700.0,3.9051734055486884
317750.0,4.197805720110938
317800.0,4.289812699081726
317850.0,5.008231077720886
317900.0,4.050481799445994
317950.0,4.201155895488564
318000.0,3.9756609016819904
318050.0,4.509244212498865
318100.0,4.529737804649894
318150.0,4.26355551118552
318200.0,4.378684271113427
318250.0,3.3650853610755687
318300.0,4.583329235248104
318350.0,3.763651521503418
318400.0,3.3011199867861007
318450.0,3.7561775902875376
318500.0,3.89258256240403
318550.0,4.24081396171458
318600.0,4.479408962568824
318650.0,4.51037887233793
318700.0,4.44882936180374
318750.0,3.663162042047837
318800.0,4.224099042367579
318850.0,4.701370134674283
318900.0,4.79664394133837
318950.0,5.037080864299326
319000.0,5.843029699510194
319050.0,4.14522177808479
319100.0,4.479326575621064
319150.0,4.333912531798104
319200.0,5.43531992008586
319250.0,3.500084251044273
319300.0,4.435693631297187
319350.0,4.513026244190476
319400.0,4.374174564642291
319450.0,3.982475825339066
319500.0,4.01632949081135
319550.0,3.8260399116694046
319600.0,4.37302907300265
319650.0,3.770581700305294
319700.0,4.781506604380183
319750.0,4.122497620776874
319800.0,3.9593515689898573
319850.0,4.045505534910009
319900.0,4.424489011756287
319950.0,3.4890228809943533
320000.0,4.121770407647324
320050.0,3.789643556047566
320100.0,4.018023387763133
320150.0,4.797109988268562
320200.0,3.5814790549549023
320250.0,4.480233293318422
320300.0,3.9492916582681734
320350.0,4.435005557503397
320400.0,4.036159096106048
320450.0,4.198883764984601
320500.0,4.015542107235372
320550.0,3.9825330404665165
320600.0,3.9878391064788365
320650.0,4.140313070505576
320700.0,4.329099219454706
320750.0,4.703794517339709
320800.0,4.727454053314788
320850.0,4.095911826692157
320900.0,3.4965275324507563
320950.0,3.6310069626966306
321000.0,3.234160282637658
321050.0,4.074076851034034
321100.0,4.257474461216405
321150.0,3.6726676114308763
321200.0,4.329815550091325
321250.0,4.088249134727675
321300.0,3.915341009927052
321350.0,4.391697295596865
321400.0,4.106794452873213
321450.0,4.735852054684465
321500.0,4.076705589913385
321550.0,3.996237277100787
321600.0,4.251423919181513
321650.0,3.1750758691629604
321700.0,3.115141869224609
321750.0,3.2981468564623344
321800.0,3.926334710290207
321850.0,4.524718985416115
321900.0,4.1887235637375975
321950.0,3.9463642475777228
322000.0,4.348847310601323
322050.0,4.627794923293218
322100.0,3.6787634741711184
322150.0,3.8059930888476585
322200.0,3.6918959554538864
322250.0,3.4151085094948175
322300.0,3.808699380751381
322350.0,3.8803823204106687
322400.0,3.377822254321168
322450.0,3.5742849046196663
322500.0,3.604896049120926
322550.0,3.7581910006236985
322600.0,4.0705507933995095
322650.0,3.987855957599728
322700.0,3.757354478898261
322750.0,3.7391544736758653
322800.0,3.8045864675568613
322850.0,3.171843883103381
322900.0,4.457900701582701
322950.0,4.21261181456323
323000.0,4.576239800901523
323050.0,3.8695818108878073
323100.0,4.249306227483058
323150.0,5.14791458780207
323200.0,4.059679113405543
323250.0,4.272984481676748
323300.0,4.259235391190402
323350.0,4.131500474040728
323400.0,4.648532937578178
323450.0,4.841405157611557
323500.0,3.8775980961519885
323550.0,4.151842093996241
323600.0,4.494563740408762
323650.0,4.198676738282041
323700.0,4.5637684071411275
323750.0,3.678055769615056
323800.0,4.359939139059211
323850.0,4.215506600813333
323900.0,3.7030935491995423
323950.0,4.048628130616938
324000.0,4.4430283389768634
324050.0,3.5957902280184895
324100.0,4.441327440624061
324150.0,3.9648195438787637
324200.0,3.5645452530920974
324250.0,2.965754192600483
324300.0,3.4060239729379416
324350.0,3.7648529834611404
324400.0,3.3817901064892717
324450.0,4.202974460742967
324500.0,3.8847642867838053
324550.0,3.556314968709314
324600.0,4.180263541283702
324650.0,4.2041642273600655
324700.0,3.1858735563073295
324750.0,3.357169673575175
324800.0,3.4614563530794036
324850.0,3.761025501577763
324900.0,3.0223986653043373
324950.0,3.3617363489642265
325000.0,3.596469172541849
325050.0,3.531582999028776
325100.0,3.7288877527630335
325150.0,3.5013440373358735
325200.0,3.0091365784987394
325250.0,3.1817721677125568
325300.0,3.1454242656708593
325350.0,3.534646136802892
325400.0,3.9878555787951506
325450.0,3.782645362540748
325500.0,3.541185644706474
325550.0,3.759277922105858
325600.0,4.17125951393839
325650.0,3.4016923399681116
325700.0,3.7166391125240867
325750.0,3.4099074709745887
325800.0,3.314813527291105
325850.0,4.013487455468141
325900.0,2.8999665793767324
325950.0,3.3950110002468006
326000.0,4.017796556490774
326050.0,3.6006366590736674
326100.0,2.5108781909045015
326150.0,3.3967317405657522
326200.0,3.5296603675409264
326250.0,3.298526306785482
326300.0,3.5294345625476162
326350.0,3.6115636627155765
326400.0,3.079361705290376
326450.0,3.2565171210662363
326500.0,3.64729667322177
326550.0,4.051390752804852
326600.0,3.2303870143492484
326650.0,3.4924738911042676
326700.0,2.9496635715920503
326750.0,2.896980572702074
326800.0,3.4338642389412795
326850.0,3.7781205872928583
326900.0,3.595802425556937
326950.0,3.6709640592148065
327000.0,3.461471939558674
327050.0,3.5525307403700035
327100.0,2.6126994827316246
327150.0,3.8624979074252184
327200.0,4.4265323340122755
327250.0,3.81125789873082
327300.0,3.7653818353843045
327350.0,3.129104314504796
327400.0,3.867737848706386
327450.0,4.3946880513723405
327500.0,3.5867681721043927
327550.0,3.3622162303701986
327600.0,3.8312500605444093
327650.0,4.19063222554094
327700.0,3.8195525825113816
327750.0,3.8382572443437457
327800.0,3.191751705417172
327850.0,3.5809885921272935
327900.0,4.619576119473167
327950.0,3.8697159671329544
328000.0,2.8913113516899562
328050.0,3.831775185367405
328100.0,3.6409994865938167
328150.0,3.6617103278492498
328200.0,4.387108901287015
328250.0,3.574016248538106
328300.0,4.559945918654457
328350.0,2.955404508378661
328400.0,3.6951564304601443
328450.0,3.0658449506197134
328500.0,4.23138249272459
328550.0,4.282671708799894
328600.0,3.142546455330868
328650.0,3.4102624504780876
328700.0,3.8059286348329064
328750.0,3.747491151322597
328800.0,4.6034103708283105
328850.0,3.4335532754138147
328900.0,3.5420193131675197
328950.0,3.827114502314184
329000.0,3.4268642716945243
329050.0,3.9845830690171073
329100.0,3.7472952460961024
329150.0,3.635672679511229
329200.0,3.48038652488503
329250.0,3.3838750875187564
329300.0,3.0479795238602567
329350.0,3.602861155422889
329400.0,2.7666767228052693
329450.0,4.323184732333752
329500.0,3.97560128862394
329550.0,3.2730540348248733
329600.0,3.7003381927218877
329650.0,3.9107127004090514
329700.0,3.458121317814037
329750.0,3.0019480796614357
329800.0,3.670395645311573
329850.0,3.8226958403941587
329900.0,3.0184932855858206
329950.0,2.704808536885522
330000.0,3.0704257866200613
330050.0,4.328068491566124
330100.0,2.5586926328708137
330150.0,3.1696984296376782
330200.0,4.255934811390919
330250.0,4.659718476009833
330300.0,3.773142015802883
330350.0,4.099241531190838
330400.0,3.623654707696213
330450.0,3.5937431424039334
330500.0,3.3950723218487817
330550.0,3.3786924435655217
330600.0,3.7201198132022886
330650.0,3.6141069993998567
330700.0,3.7165518286671504
330750.0,4.163818607281257
330800.0,3.755978192597864
330850.0,3.275604309706748
330900.0,4.031947204582004
330950.0,3.7847419947211103
331000.0,4.063127106423301
331050.0,2.9438757385530065
331100.0,3.9752893659768342
331150.0,3.7173191353460333
331200.0,3.675840283721985
331250.0,3.341089349238185
331300.0,3.9440325224904345
331350.0,3.931219967101136
331400.0,3.5864453863190997
331450.0,3.815180472612312
331500.0,3.683177109757191
331550.0,3.877875727761212
331600.0,4.199533612470136
331650.0,3.4940641219340267
331700.0,4.245254958624661
331750.0,4.2600100364088105
331800.0,4.131767633601767
331850.0,3.6736322947580238
331900.0,3.4940635708120906
331950.0,3.4664083682015265
332000.0,3.6639178455462473
332050.0,3.135182995979968
332100.0,4.177136888237442
332150.0,2.8744743299185074
332200.0,3.3294737781029196
332250.0,3.018227386165284
332300.0,3.1070239364582144
332350.0,4.1312704645522516
332400.0,3.011578556450194
332450.0,3.4481561628672446
332500.0,3.6192819344752736
332550.0,3.1104631360048325
332600.0,3.422888914077096
332650.0,4.371029154322853
332700.0,3.481421540286169
332750.0,3.9264844639953367
332800.0,3.408809721270342
332850.0,3.7009449196614987
332900.0,3.310802550970451
332950.0,3.181084197819098
333000.0,3.1176579316914004
333050.0,3.5727444338134604
333100.0,4.152466483448395
333150.0,4.187291691123261
333200.0,3.3185206681759953
333250.0,2.71891347165427
333300.0,3.643857723052466
333350.0,3.7641197863714297
333400.0,3.8959425273365165
333450.0,3.5798025202555506
333500.0,3.5332410117527577
333550.0,2.9505745574652082
333600.0,3.52199655438145
333650.0,3.6478742572491196
333700.0,3.3616369242835478
333750.0,3.634235282124995
333800.0,3.286214119770705
333850.0,3.0092001562658304
333900.0,4.466463833166763
333950.0,3.793427018773378
334000.0,3.113502442742672
334050.0,3.2960290555209975
334100.0,3.7752492718816817
334150.0,3.4029075612819817
334200.0,4.305679499827735
334250.0,4.432717215808863
334300.0,4.00959919627398
334350.0,3.3278634928859394
334400.0,4.003038091094581
334450.0,4.396305743819495
334500.0,3.7515579153214604
334550.0,3.925072259908877
334600.0,3.8018261787908805
334650.0,4.079142089853383
334700.0,4.378950294579449
334750.0,4.334282103059632
334800.0,4.019316052761325
334850.0,3.2439640360613122
334900.0,3.181726511950128
334950.0,2.7661506816384454
335000.0,3.0662997687595808
335050.0,3.486858869790558
335100.0,4.082901359867778
335150.0,3.540282582363277
335200.0,3.2059578046163257
335250.0,2.861066496145451
335300.0,3.634680208310275
335350.0,3.4047420140771814
335400.0,3.5001119532637937
335450.0,3.959656303986612
335500.0,4.362036539115011
335550.0,5.412263082276938
335600.0,3.83263320044946
335650.0,3.767340216543059
335700.0,3.2563328867971397
335750.0,3.854813017313643
335800.0,4.090794070514942
335850.0,4.417247781167001
335900.0,3.716835246376676
335950.0,3.670907437355395
336000.0,3.6248322071050865
336050.0,4.112287868978489
336100.0,3.9294505954955437
336150.0,3.0417238999390386
336200.0,4.209097249067786
336250.0,4.956502407887333
336300.0,3.7877974281544717
336350.0,3.565573233683393
336400.0,2.757278241461165
336450.0,4.164060988071518
336500.0,3.1156711023234256
336550.0,3.5085421677293134
336600.0,3.1320719150787006
336650.0,3.884196925681227
336700.0,3.603286166053857
336750.0,3.53164241718476
336800.0,4.230564880895729
336850.0,4.246942681927499
336900.0,4.585595579248476
336950.0,4.165127415717769
337000.0,3.692299791415094
337050.0,3.6216312345563
337100.0,3.6994470436784574
337150.0,3.3720133242122134
337200.0,3.9342235527242413
337250.0,3.528707509078239
337300.0,3.8282352658776975
337350.0,3.873809723008151
337400.0,3.6917836162200164
337450.0,3.8869138915366426
337500.0,4.326972834295939
337550.0,4.041198496425256
337600.0,4.362954767263755
337650.0,3.8130033623314583
337700.0,4.020059763151458
337750.0,4.076343647183956
337800.0,5.032585177438111
337850.0,3.9121602241819198
337900.0,4.011244003374507
337950.0,3.699252351437903
338000.0,2.9443308672805095
338050.0,3.03522497610136
338100.0,2.810441328808173
338150.0,3.54666894062382
338200.0,3.5692255713578347
338250.0,3.8332335787460803
338300.0,3.7603282517384673
338350.0,4.00432138168187
338400.0,3.903667079646511
338450.0,3.8596991316082203
338500.0,4.337660832224098
338550.0,3.8013916527176543
338600.0,4.144076645076927
338650.0,3.203886797276306
338700.0,4.07530102101855
338750.0,3.6264842862235662
338800.0,3.1660998051357523
338850.0,3.288801111854029
338900.0,3.046208796864881
338950.0,4.148999678687944
339000.0,3.3761970171862115
339050.0,3.090194974514025
339100.0,3.4112460815874575
339150.0,3.8924818736564615
339200.0,3.28618561970181
339250.0,3.498015572519539
339300.0,3.8747100060045163
339350.0,3.7505852660224166
339400.0,3.3538179319209327
339450.0,3.286590742384842
339500.0,3.1377368240128156
339550.0,3.3771133235392927
339600.0,3.992003150558828
339650.0,3.8966407005796246
339700.0,4.205390278128045
339750.0,3.804352535148414
339800.0,3.9588130863763484
339850.0,3.114062513726669
339900.0,3.7851547258015987
339950.0,4.0076063730055544
340000.0,4.1231178356497
340050.0,3.2825266192186056
340100.0,3.3562010628649777
340150.0,3.9185465075963686
340200.0,4.084433003441408
340250.0,2.9375355871816726
340300.0,4.1236176764726045
340350.0,4.25716886907143
340400.0,3.4548913040447053
340450.0,3.602734115802195
340500.0,2.8476270451432275
340550.0,4.357120081086818
340600.0,4.035071220289617
340650.0,2.700700956560952
340700.0,2.840896216814319
340750.0,3.478750204840704
340800.0,3.4075466918059587
340850.0,3.437222744056786
340900.0,4.07801575749055
340950.0,4.340170142361072
341000.0,3.650121974632442
341050.0,4.3624991003898765
341100.0,4.190403680776818
341150.0,3.9337015284411185
341200.0,3.006558375415514
341250.0,4.70128801075071
341300.0,4.3859422342581444
341350.0,4.375477953805621
341400.0,4.668070674229789
341450.0,4.100414068759621
341500.0,5.026430842659527
341550.0,3.9998725340592527
341600.0,3.933763134467182
341650.0,4.247941198759352
341700.0,3.75094438385574
341750.0,3.3970545237470544
341800.0,3.9194514642076848
341850.0,4.070835749422476
341900.0,2.990331507140199
341950.0,4.083758563225742
342000.0,3.2095608995082823
342050.0,3.968839544391068
342100.0,4.259823946830968
342150.0,3.4326383874287485
342200.0,2.9562607014006725
342250.0,3.1986537237626234
342300.0,3.968397365686301
342350.0,3.657841241947458
342400.0,3.592127562184251
342450.0,3.2818586772710048
342500.0,3.441784999734949
342550.0,4.356843740363737
342600.0,2.5895730486430564
342650.0,3.179651040666541
342700.0,3.3979432632746343
342750.0,3.5229969492319806
342800.0,3.5882140228362758
342850.0,4.424217178327514
342900.0,3.7434966888165087
342950.0,3.878737345659844
343000.0,3.3257324527229155
343050.0,3.809208695558063
343100.0,3.7002990061617846
343150.0,4.011294302646644
343200.0,4.409466076838669
343250.0,4.158868037055116
343300.0,4.96250653460196
343350.0,3.8947274872999946
343400.0,3.947469058268402
343450.0,3.7463977473787304
343500.0,4.2858020376460235
343550.0,3.934386529473273
343600.0,4.048010726859103
343650.0,3.7254491380143415
343700.0,4.03075433529777
343750.0,3.2589226081023193
343800.0,3.072361467935171
343850.0,3.5829170128180055
343900.0,2.6634170824032406
343950.0,3.5204831199298483
344000.0,3.489198235614699
344050.0,3.622385619834422
344100.0,3.5681525280436244
344150.0,4.634422876014736
344200.0,3.3121111159754655
344250.0,3.1396330620294215
344300.0,4.043773963447226
344350.0,4.265460793405626
344400.0,4.184065990800528
344450.0,4.02195137716237
344500.0,3.8235835418008874
344550.0,3.739726467641717
344600.0,4.300474977392522
344650.0,3.735788784669055
344700.0,4.510285980229087
344750.0,3.124061813764956
344800.0,2.919808096659807
344850.0,4.154937796194123
344900.0,4.070393862029473
344950.0,3.686743783360596
345000.0,4.30150159513158
345050.0,3.4312774557117374
345100.0,3.495211456412876
345150.0,3.7122098078039407
345200.0,3.229335156685087
345250.0,3.4117704374286486
345300.0,4.3467444918029186
345350.0,3.7694686543568348
345400.0,3.496137817464886
345450.0,3.2138013113838753
345500.0,3.9207778252420384
345550.0,3.5118890405625667
345600.0,4.177187874789207
345650.0,3.72791853767749
345700.0,3.7880854136517463
345750.0,4.157136261904938
345800.0,3.197592059161462
345850.0,3.5252885416372917
345900.0,3.9671025381542617
345950.0,3.4342522166265295
346000.0,3.6290780809924317
346050.0,3.6303251599059236
346100.0,3.3905317230478538
346150.0,2.7035683140029207
346200.0,4.2572412392777546
346250.0,4.007952520628354
346300.0,3.9560188140641417
346350.0,3.20633861849598
346400.0,3.4780726232258123
346450.0,2.568537852646492
346500.0,4.021019981006373
346550.0,3.4746093209862745
346600.0,3.1584023548602636
346650.0,3.136687274127462
346700.0,0.6702238477614727
346750.0,0.9141672683032015
346800.0,2.57450363501637
346850.0,1.4774958545672183
346900.0,3.566213042415761
346950.0,3.8278071663342508
347000.0,4.163902868731185
347050.0,4.922215967854194
347100.0,3.6666740410029743
347150.0,4.381073401276408
347200.0,3.5577638392388744
347250.0,2.9710932600528874
347300.0,4.532700198298679
347350.0,3.995320396516856
347400.0,3.6884093845283585
347450.0,4.34950164185456
347500.0,3.5565931203126824
347550.0,3.8770707031170595
347600.0,3.4444386965986236
347650.0,1.6989958124279165
347700.0,2.874472290969549
347750.0,2.757332747534199
347800.0,2.780121666426043
347850.0,2.3101913412566817
347900.0,3.321366281770446
347950.0,3.89013599697839
348000.0,2.688489466294612
348050.0,4.61462591736543
348100.0,4.370022510324544
348150.0,4.050973218994603
348200.0,3.3679186049250966
348250.0,3.7614195870989504
348300.0,1.951918346015566
348350.0,2.9345679973509573
348400.0,2.883433296135875
348450.0,3.9708039710692558
348500.0,3.9297066242703154
348550.0,3.2238787482454296
348600.0,4.156510428578379
348650.0,3.9536417522950673
348700.0,4.007406088146769
348750.0,4.058445224065554
348800.0,3.6835133242864444
348850.0,3.957030667343309
348900.0,4.739924383406989
348950.0,4.32843831362675
349000.0,3.643349653547443
349050.0,3.9040222827445668
349100.0,4.055461794604569
349150.0,3.908118558166048
349200.0,4.489686550422956
349250.0,4.069715608976214
349300.0,4.040615662982698
349350.0,4.348399319859999
349400.0,5.050512635759554
349450.0,4.316952075573852
349500.0,4.620669627032385
349550.0,3.0888306197015103
349600.0,2.8415820972364645
349650.0,1.9329971033469735
349700.0,2.054793651467238
349750.0,1.8959396182825476
349800.0,2.0623718162780884
349850.0,2.6155120529171723
349900.0,1.9904968760991093
349950.0,1.4325112408857126
350000.0,1.9063595111367024
350050.0,3.887693818100555
350100.0,3.429443427214742
350150.0,1.6132218464885548
350200.0,2.1989964044488506
350250.0,2.6938430256103345
350300.0,1.6094995201824334
350350.0,1.3330771336196188
350400.0,2.42637093590706
350450.0,3.446329932333128
350500.0,3.464947613744652
350550.0,1.459448209000397
350600.0,4.318956848230167
350650.0,1.8721896190685854
350700.0,2.3510376691981745
350750.0,1.8080660618219486
350800.0,4.4195692665512905
350850.0,3.1875966849276134
350900.0,3.7145769168444023
350950.0,1.6567742334530633
351000.0,2.9739001206387345
351050.0,3.1027047044766936
351100.0,3.9668737583369382
351150.0,3.095444667351167
351200.0,4.4759466915295505
351250.0,3.46286970259827
351300.0,3.914088786797685
351350.0,4.47282798967585
351400.0,4.026549352576039
351450.0,4.195339603980025
351500.0,4.120704829844349
351550.0,4.3946460755877785
351600.0,3.765156113028042
351650.0,4.1065057741236926
351700.0,3.829741198213067
351750.0,3.9042138748096695
351800.0,4.434511983313968
351850.0,3.5236020757434834
351900.0,4.206730316174246
351950.0,4.2833620759682045
352000.0,4.5527242783982205
352050.0,2.8119343848630884
352100.0,3.6553219813379694
352150.0,3.303524356204147
352200.0,3.728242773383874
352250.0,4.126944320866041
352300.0,4.245807457505129
352350.0,3.921400515606575
352400.0,4.627062533333736
352450.0,4.044574855346832
352500.0,3.2194828589676336
352550.0,3.26782635881292
352600.0,3.168483155101696
352650.0,3.301041865183932
352700.0,3.0470607069828923
352750.0,3.332953441132673
352800.0,3.4122554946905708
352850.0,3.6109358219763767
352900.0,4.105615471853396
352950.0,3.8364321314274923
353000.0,4.429963277148272
353050.0,3.5452923975642636
353100.0,4.561487570277148
353150.0,3.049586291666328
353200.0,4.354365387855831
353250.0,3.9352227898586145
353300.0,3.7100652581011384
353350.0,3.7127629979612786
353400.0,4.01049665348559
353450.0,3.8809932719421076
353500.0,4.352710337988265
353550.0,4.253294118825178
353600.0,3.843186480147965
353650.0,4.948353358266576
353700.0,4.572023679723897
353750.0,4.315200882325456
353800.0,3.6496179053595283
353850.0,4.276047493013981
353900.0,4.249246635535204
353950.0,3.8947272251994507
354000.0,3.818113004363629
354050.0,4.1967343606480805
354100.0,4.332916396486021
354150.0,3.550743509158827
354200.0,3.947682558931596
354250.0,3.1706739047522037
354300.0,3.935451064285847
354350.0,4.200212160476908
354400.0,3.731231279235486
354450.0,4.471261518348042
354500.0,3.872052415036902
354550.0,4.6907237950798555
354600.0,3.9705158004304053
354650.0,4.771265062566297
354700.0,4.591829230803661
354750.0,4.06795992360819
354800.0,4.527748106675948
354850.0,4.8832567807260565
354900.0,4.155863022401603
354950.0,4.356993345134059
355000.0,4.677969053678547
355050.0,4.060109345041776
355100.0,3.4427610552422463
355150.0,3.986904229792608
355200.0,4.282429841421617
355250.0,4.089445097576041
355300.0,3.862561108948242
355350.0,4.064488267964751
355400.0,3.56243136027452
355450.0,4.246265838568834
355500.0,4.583480052886094
355550.0,4.4002922838450464
355600.0,4.8191459988238385
355650.0,4.699583185098691
355700.0,4.242509495152991
355750.0,3.6586280761334633
355800.0,3.8666003101443343
355850.0,4.385532426687877
355900.0,5.468500536726071
355950.0,4.760805941405375
356000.0,4.22693487774699
356050.0,4.113038948157476
356100.0,4.435728006403165
356150.0,4.273288659647883
356200.0,5.123961744884045
356250.0,5.073398398855473
356300.0,4.495983794681966
356350.0,4.009037011403521
356400.0,4.459277593845351
356450.0,3.9433589609666857
356500.0,3.9681963496413086
356550.0,4.13309655030433
356600.0,4.568028317756577
356650.0,2.9242927288309426
356700.0,4.253819730527921
356750.0,4.433609656500098
356800.0,4.021005984407093
356850.0,3.999449815683381
356900.0,4.446594858767033
356950.0,2.622420774708187
357000.0,3.2696445148238973
357050.0,4.0841728428267
357100.0,2.4289477113064923
357150.0,3.667368504535521
357200.0,2.9388037198015056
357250.0,4.025954926938245
357300.0,4.938125652609279
357350.0,3.5215430189625927
357400.0,2.561288975223272
357450.0,3.0609289327611613
357500.0,4.127682726569243
357550.0,3.0667212696494532
357600.0,4.910455503139241
357650.0,3.079817731842301
357700.0,3.639901392515728
357750.0,3.2935354337092857
357800.0,2.4553972091579435
357850.0,2.4434561413036215
357900.0,2.2782639456066915
357950.0,3.8260402374949347
358000.0,4.155404267001899
358050.0,3.1449767740526196
358100.0,2.620321912719083
358150.0,2.897545963483589
358200.0,4.404599962206062
358250.0,2.8888385611572134
358300.0,2.708465221532589
358350.0,3.9964356674215735
358400.0,4.121174441601223
358450.0,4.485864234766198
358500.0,4.028944513956942
358550.0,4.060675814152915
358600.0,3.827345016208256
358650.0,3.4110693790199216
358700.0,3.4535877429667607
358750.0,2.2078506609468813
358800.0,1.753251608240735
358850.0,2.8950960238937067
358900.0,3.5725994812276607
358950.0,4.201734998291563
359000.0,1.9734464011620272
359050.0,3.3551900936618524
359100.0,3.3958318441298383
359150.0,2.9151440289477177
359200.0,3.5938105327824696
359250.0,3.9428240907160186
359300.0,3.5574920907379366
359350.0,3.6239463219828445
359400.0,4.106689168778422
359450.0,2.82412378547132
359500.0,3.5431613793166936
359550.0,3.1236160954289653
359600.0,3.566775715481165
359650.0,4.046244763085726
359700.0,2.4102660530138795
359750.0,1.2134230966887485
359800.0,2.352632148113036
359850.0,3.3836171829148545
359900.0,3.51859078852834
359950.0,2.326235438765674
360000.0,3.0445991720899404
360050.0,3.8072671423602458
360100.0,3.8015906423972243
360150.0,4.2527276270602
360200.0,4.472367368880655
360250.0,4.132735590099628
360300.0,4.106735427668536
360350.0,3.776729844439991
360400.0,4.598618821816202
360450.0,4.212198063298456
360500.0,3.508758313126887
360550.0,3.954619778232032
360600.0,4.242695658305472
360650.0,3.630269647262096
360700.0,3.756231032955791
360750.0,3.5234241195588503
360800.0,4.487683084052781
360850.0,3.9759010700542454
360900.0,3.061122424152167
360950.0,4.203830903928744
361000.0,3.3801876291484962
361050.0,3.1456284809411166
361100.0,4.220438893715649
361150.0,4.284703020916932
361200.0,3.8637940394520762
361250.0,5.002936299073614
361300.0,5.616220579160629
361350.0,4.695475047233831
361400.0,4.071828329717897
361450.0,3.9671897319802882
361500.0,4.719679890141057
361550.0,4.635867479911892
361600.0,4.450579516452009
361650.0,4.581320999740609
361700.0,4.045281891875783
361750.0,4.495429140177154
361800.0,4.460795495978776
361850.0,4.615632724229125
361900.0,4.2495736243516005
361950.0,4.355158490215635
362000.0,3.7539928689820257
362050.0,3.4519710662164536
362100.0,4.0307461712800725
362150.0,3.551110359304
362200.0,4.471432035997008
362250.0,4.280862640010972
362300.0,4.431566430768051
362350.0,4.606626063243353
362400.0,3.4120061643705157
362450.0,4.310569235968029
362500.0,3.7762408695720473
362550.0,3.7670429185918746
362600.0,4.284726876064692
362650.0,3.380310841101846
362700.0,3.498600364069059
362750.0,3.7331629509433024
362800.0,4.229015718844497
362850.0,3.1480946235659406
362900.0,4.3479839418451185
362950.0,4.165417928806353
363000.0,3.9134366854852924
363050.0,3.9543007519252034
363100.0,3.4958517981080823
363150.0,3.314379075301961
363200.0,3.882547293902775
363250.0,3.430947533344534
363300.0,3.2867274956502497
363350.0,3.215664936318654
363400.0,3.265836192337923
363450.0,3.6594201747093535
363500.0,3.4500391365901812
363550.0,3.1206690750717048
363600.0,3.5010563979350207
363650.0,3.1591253625169227
363700.0,3.6529561827856947
363750.0,4.148505530724979
363800.0,3.633332266667859
363850.0,3.5634928680879483
363900.0,3.1445660935614757
363950.0,4.546924055391515
364000.0,3.503441275242973
364050.0,3.8865303640767754
364100.0,3.8211213532194037
364150.0,2.9917195823781055
364200.0,3.3587326816067664
364250.0,3.603802574534728
364300.0,3.509388983165755
364350.0,3.136651275740752
364400.0,2.923313574682093
364450.0,2.1332110290472364
364500.0,3.781344243570919
364550.0,3.8275033611196823
364600.0,4.185665161436274
364650.0,3.4979712962074836
364700.0,3.683829857231084
364750.0,4.166554965382183
364800.0,3.4141437838997413
364850.0,2.988406822324987
364900.0,3.183143163091082
364950.0,3.3218048796874275
365000.0,4.193049630871835
365050.0,3.7984862723792316
365100.0,3.8669110917666
365150.0,3.870643997040413
365200.0,3.7270592395337734
365250.0,4.1210922619256465
365300.0,3.014264045839699
365350.0,3.5961904264827274
365400.0,4.225175843327876
365450.0,3.1159090443084527
365500.0,4.038427797464393
365550.0,3.143071001208906
365600.0,4.1355284347477115
365650.0,3.638036069821602
365700.0,4.418122802774865
365750.0,4.203057465624923
365800.0,4.6155487990688755
365850.0,4.134743436999613
365900.0,3.639973650408516
365950.0,4.06124055147358
366000.0,4.233426898516553
366050.0,3.614000566918688
366100.0,4.012219747959379
366150.0,5.072088713463307
366200.0,3.869480738542058
366250.0,3.9646059511534335
366300.0,4.142918426986848
366350.0,4.197771692534932
366400.0,4.013102053529937
366450.0,4.59278828023037
366500.0,4.517200446277818
366550.0,3.4790775856796707
366600.0,4.131693654678212
366650.0,3.522556321704278
366700.0,4.038118381259648
366750.0,4.344961421260241
366800.0,3.7532663155290344
366850.0,3.1789572238058947
366900.0,3.880690577297316
366950.0,4.688250911209541
367000.0,3.850168470784612
367050.0,3.355308730456282
367100.0,4.424626307689475
367150.0,4.035343305502544
367200.0,4.057313954717132
367250.0,4.138281994821137
367300.0,3.888368319866946
367350.0,4.666487772721456
367400.0,4.503119730898438
367450.0,3.604690285767387
367500.0,4.006096258537496
367550.0,3.3801476553599588
367600.0,3.6234498693540105
367650.0,4.072848444132249
367700.0,3.994706136620431
367750.0,4.47404637547204
367800.0,3.6253241141852284
367850.0,4.02581604072103
367900.0,3.2384568022039835
367950.0,4.095690128366162
368000.0,4.268874773697902
368050.0,4.256535194737887
368100.0,4.909183340119658
368150.0,3.8776275176993105
368200.0,3.6175399366862124
368250.0,3.8520240837339834
368300.0,4.934833962725314
368350.0,3.520654582804936
368400.0,3.694914713334158
368450.0,4.018966259492686
368500.0,3.239813593461323
368550.0,4.458664304244278
368600.0,3.9331515174731324
368650.0,2.7470863965401233
368700.0,3.9516202221848866
368750.0,4.355332305179721
368800.0,3.89196340675971
368850.0,3.4375240189176535
368900.0,3.7369893249921735
368950.0,4.37539345259474
369000.0,4.556961976319217
369050.0,4.5080488435980435
369100.0,3.861422707650811
369150.0,3.8962655417163394
369200.0,3.931065154422252
369250.0,4.134887443219257
369300.0,4.132659237030465
369350.0,5.246913582510664
369400.0,4.439073951996718
369450.0,4.602975778105441
369500.0,3.666521257009684
369550.0,2.904219677861232
369600.0,4.567514988502521
369650.0,3.8422515991395327
369700.0,3.6210748794384213
369750.0,3.9982639730265466
369800.0,3.7027304572148667
369850.0,4.495650360959862
369900.0,3.5390069394120935
369950.0,3.696501480237365
370000.0,3.9317407153194615
370050.0,3.8030262579794596
370100.0,4.736867477994722
370150.0,3.7906457959769617
370200.0,2.8536602338759978
370250.0,4.077742237635883
370300.0,3.778964757295115
370350.0,4.394923872742253
370400.0,4.0391311836852
370450.0,3.847087671349227
370500.0,3.9974723413223114
370550.0,4.2013535939680136
370600.0,4.029205516189401
370650.0,3.8460862112443244
370700.0,4.49911962010666
370750.0,4.242734052760278
370800.0,3.803340908077188
370850.0,4.332689773979606
370900.0,2.9177549071383257
370950.0,3.9429267380480977
371000.0,3.9822372386264324
371050.0,4.233167592647561
371100.0,3.5760431183350394
371150.0,3.6616634970282727
371200.0,3.5963554575394916
371250.0,3.571256896521573
371300.0,3.7573717971934895
371350.0,2.6783182851762164
371400.0,4.208881538406654
371450.0,4.681888119242579
371500.0,3.485811678315202
371550.0,4.483979582280725
371600.0,3.7091371512780498
371650.0,3.061516410729461
371700.0,3.686260398524761
371750.0,2.9929358072213965
371800.0,4.214862773653228
371850.0,4.679432129277
371900.0,3.760078239034485
371950.0,4.016105531197475
372000.0,4.492317644857805
372050.0,4.4525127926925325
372100.0,5.100204828676536
372150.0,3.8969460773654347
372200.0,3.5364544055621656
372250.0,4.938953755898928
372300.0,4.487706278447184
372350.0,3.8249442102706293
372400.0,3.7473601206128615
372450.0,3.4346929856673554
372500.0,4.101839029745184
372550.0,3.5451500641125695
372600.0,4.263672033182762
372650.0,3.6294469120958897
372700.0,5.316172269953039
372750.0,4.720855795336273
372800.0,4.307827824603178
372850.0,4.357909934571482
372900.0,4.10098802078268
372950.0,2.4148485977439744
373000.0,3.33142176888894
373050.0,2.1788973394249305
373100.0,2.2673959323400563
373150.0,3.9001109298227234
373200.0,2.0998315187730228
373250.0,2.702032413317147
373300.0,1.5961512605130257
373350.0,3.4401895612786997
373400.0,3.7189364338298425
373450.0,4.2628035902311545
373500.0,3.7897903839399554
373550.0,3.7758467387325605
373600.0,3.9037002541762678
373650.0,3.3959088024106197
373700.0,4.7179313280571895
373750.0,3.3636600369255825
373800.0,2.7731553982920594
373850.0,3.7197442522661053
373900.0,3.7824067909475003
373950.0,3.782138048646204
374000.0,3.7128304933335436
374050.0,4.569340988158641
374100.0,3.4889232498189746
374150.0,3.385514611668731
374200.0,3.7465448641692305
374250.0,5.5137890856149
374300.0,3.969252732529454
374350.0,4.398669802301485
374400.0,5.239176112045372
374450.0,4.323701668500709
374500.0,4.185751179105569
374550.0,3.9710671946435414
374600.0,3.8910899222585043
374650.0,2.4965178447011875
374700.0,3.2671238476819817
374750.0,4.503709279221599
374800.0,4.892126661119447
374850.0,4.417036734073661
374900.0,4.041840543824469
374950.0,3.3420071807943588
375000.0,3.7003384050846853
375050.0,4.457462980297953
375100.0,3.1590501985178605
375150.0,4.3909681829725296
375200.0,3.6191281738863457
375250.0,3.870679584544663
375300.0,3.7216666846171376
375350.0,4.645751250490594
375400.0,5.007803251444259
375450.0,4.695196620417247
375500.0,5.052559384657304
375550.0,4.846625683355251
375600.0,4.67343472768722
375650.0,4.231710577420292
375700.0,5.176766333736277
375750.0,4.955258812483189
375800.0,4.971369937471556
375850.0,4.716579028680372
375900.0,4.319780867988242
375950.0,2.337947369038034
376000.0,3.810697143133691
376050.0,4.2587639289661725
376100.0,4.055253999142774
376150.0,2.7883674045254
376200.0,4.012624883978302
376250.0,4.193578214626397
376300.0,3.298086975933475
376350.0,2.8817645336557685
376400.0,3.609457025674721
376450.0,3.8495299986280602
376500.0,3.8719226104813846
376550.0,4.07768460752373
376600.0,2.8826488303665796
376650.0,2.56916177342598
376700.0,1.9594361081895784
376750.0,2.2258701760835082
376800.0,2.6184331154329645
376850.0,1.3974956434745966
376900.0,2.8690390335811626
376950.0,3.5516339387208244
377000.0,2.955145652009555
377050.0,2.847502095242296
377100.0,4.2052084248164565
377150.0,4.278760533769161
377200.0,3.3372574635383114
377250.0,3.406781254719441
377300.0,3.778605117575506
377350.0,3.679837302055849
377400.0,2.2486603298073313
377450.0,3.6923985794220524
377500.0,3.4696651730375536
377550.0,3.976644423734716
377600.0,2.6309262258408848
377650.0,2.630342052539002
377700.0,3.1995951219986685
377750.0,4.672310496858855
377800.0,3.774667033690496
377850.0,3.1677863339556165
377900.0,3.973724282595012
377950.0,3.744500442414094
378000.0,3.735705653764443
378050.0,2.7821877714864933
378100.0,3.188777479342332
378150.0,3.5185364042949843
378200.0,2.600479453851598
378250.0,3.0385875005452383
378300.0,3.2994823711166927
378350.0,2.626419754759157
378400.0,2.4401213987952564
378450.0,2.5745258488835323
378500.0,0.9060878205560419
378550.0,1.731874832612628
378600.0,3.0764058532125937
378650.0,2.9340224605629635
378700.0,4.200879800113894
378750.0,4.211532289282092
378800.0,3.803601597638526
378850.0,4.1454570338861805
378900.0,4.656760643080336
378950.0,4.282451957974294
379000.0,3.7193281994544045
379050.0,3.4478075499197085
379100.0,1.7269883727848427
379150.0,3.679794554574727
379200.0,3.8966885801767708
379250.0,4.281373586837533
379300.0,3.2348364273116434
379350.0,3.378843510529611
379400.0,3.3776304148418976
379450.0,2.838696501417705
379500.0,2.235127006867247
379550.0,2.864715086401041
379600.0,3.069749709879666
379650.0,1.7592579265694213
379700.0,3.635779353030073
379750.0,2.8193951357156846
379800.0,1.8227702861649322
379850.0,2.8676091258150125
379900.0,3.7088432791463743
379950.0,1.0763324815028241
380000.0,2.416627890793177
380050.0,1.3784390984637784
380100.0,3.5636313444872165
380150.0,0.9849328946838734
380200.0,1.5526743148763824
380250.0,1.6378325342294509
380300.0,2.8942661642746117
380350.0,3.500311420211665
380400.0,3.580987319345375
380450.0,2.4524445351568547
380500.0,3.368393541266955
380550.0,3.2448403284814518
380600.0,3.5982347623774276
380650.0,3.344499961075779
380700.0,3.949948459725105
380750.0,3.168639177482807
380800.0,3.49200382364663
380850.0,2.5628265750396406
380900.0,2.9684990878803155
380950.0,3.5112669616055907
381000.0,3.5006402407782033
381050.0,3.864531830816106
381100.0,2.968331938084768
381150.0,1.6924813197193387
381200.0,3.4619181146414775
381250.0,2.3931133183339206
381300.0,1.0301896685566865
381350.0,3.590291369417763
381400.0,3.40279029432247
381450.0,4.976044647189753
381500.0,3.440313712614869
381550.0,3.486055761863953
381600.0,4.0164896317316785
381650.0,3.7106732862388103
381700.0,3.31429777369335
381750.0,3.3409411807222664
381800.0,3.2209459367855127
381850.0,3.400189645307644
381900.0,3.3977798021103895
381950.0,4.009810216516857
382000.0,4.4052342066604195
382050.0,4.247632570316427
382100.0,4.18287856574295
382150.0,2.9847066482805746
382200.0,4.50516478852269
382250.0,4.891897972311696
382300.0,3.298392996023315
382350.0,3.491292342366244
382400.0,3.1764320880476844
382450.0,2.8128621365243154
382500.0,3.8207193410367304
382550.0,3.517542473620416
382600.0,3.872687625169558
382650.0,4.069069228913232
382700.0,3.7920660659162224
382750.0,3.8922854733518815
382800.0,3.6016084655118386
382850.0,2.457172621134608
382900.0,2.4093592951554266
382950.0,3.138627524289204
383000.0,2.868395842856661
383050.0,3.7980799548477497
383100.0,3.7347302871823596
383150.0,2.9845921678399967
383200.0,3.0823482063400283
383250.0,3.2300471535677335
383300.0,2.9508295404613407
383350.0,3.5470260335789643
383400.0,4.002045596636162
383450.0,3.141733599722407
383500.0,3.8685597226139974
383550.0,3.56114979596363
383600.0,3.1205450222647397
383650.0,3.582959445584024
383700.0,4.398610839377694
383750.0,4.380931731460466
383800.0,4.110486317472053
383850.0,3.7516406664868582
383900.0,3.663196402421445
383950.0,3.041495097582004
384000.0,3.650178686921503
384050.0,3.556317464986327
384100.0,3.489425818751318
384150.0,3.8050107043991774
384200.0,2.773101421104578
384250.0,3.482183649138184
384300.0,3.763054676221075
384350.0,2.8383972518608642
384400.0,3.4981829546795487
384450.0,3.3230852843297507
384500.0,3.7793642443979762
384550.0,3.650666938782569
384600.0,4.120894792297727
384650.0,4.642671254193413
384700.0,3.531728363967575
384750.0,3.3359245004901705
384800.0,3.4835182579912423
384850.0,2.95399834970567
384900.0,3.8809515849999707
384950.0,4.559065300363349
385000.0,2.9017394922170223
385050.0,2.430658447477719
385100.0,3.6578657153929406
385150.0,3.8127385747629576
385200.0,3.7544238473181486
385250.0,4.731184295726949
385300.0,3.848921500015585
385350.0,3.4532445481826697
385400.0,3.181726934451012
385450.0,4.566891619041145
385500.0,4.197083198980712
385550.0,3.592556874813414
385600.0,3.4958351344706577
385650.0,3.732639236868598
385700.0,4.011157684649413
385750.0,3.5330708887314515
385800.0,3.3116459901159754
385850.0,2.5965536040939923
385900.0,3.5716814999653432
385950.0,4.05251536607283
386000.0,3.5211619219417614
386050.0,3.706867591399565
386100.0,3.2477967643732324
386150.0,3.2939209306026105
386200.0,3.552310054891937
386250.0,3.2566554993657384
386300.0,3.4129273709200447
386350.0,3.5999009131504516
386400.0,3.6600640021456687
386450.0,4.18448221009532
386500.0,3.4854090901791386
386550.0,2.2226345163173384
386600.0,1.0123730359119956
386650.0,1.097723504947131
386700.0,3.9905984262508403
386750.0,2.5474664142739707
386800.0,1.1204876601146354
386850.0,1.6733764924576615
386900.0,0.10439949904256146
386950.0,1.7566132106844468
387000.0,2.2130936931089495
387050.0,4.068312004649235
387100.0,3.9678920328658065
387150.0,2.7903553605868265
387200.0,2.3771586330176713
387250.0,3.0999819699663225
387300.0,3.6653255901960065
387350.0,3.2966946938639974
387400.0,4.0804395558566
387450.0,4.412977867295456
387500.0,4.651858133177533
387550.0,4.249893976304462
387600.0,4.083583924207968
387650.0,4.836382543702754
387700.0,4.491469415094553
387750.0,4.509485515341896
387800.0,3.8582485534329685
387850.0,4.224348711186824
387900.0,4.2262249995273065
387950.0,3.673007897876977
388000.0,5.221319961283358
388050.0,4.650352078802489
388100.0,5.376473620727401
388150.0,3.930151775433781
388200.0,4.836835776455068
388250.0,3.9495934184953234
388300.0,3.205044773884641
388350.0,3.804966789836153
388400.0,4.4527076754164066
388450.0,4.056218647184262
388500.0,3.9001169369124655
388550.0,5.15228608644164
388600.0,4.610471778947313
388650.0,4.5758500193612806
388700.0,5.544103117114989
388750.0,4.7949330527506575
388800.0,4.592578735674319
388850.0,5.592160900549949
388900.0,4.019189324321537
388950.0,4.5999211538467835
389000.0,5.0186667294208815
389050.0,5.26012549479124
389100.0,4.796645319090787
389150.0,4.078956406213059
389200.0,5.054443833486275
389250.0,3.995532773511288
389300.0,3.8863437884495458
389350.0,4.725452536897791
389400.0,5.250682437104882
389450.0,5.063553219201182
389500.0,4.927069429102288
389550.0,4.165200598605572
389600.0,5.186231495828387
389650.0,2.9008404596512545
389700.0,3.8316946622084562
389750.0,4.172455539918016
389800.0,3.039751641020195
389850.0,2.961514908562585
389900.0,3.8085518515362367
389950.0,4.1215146782246554
390000.0,5.647422468073158
390050.0,3.7406273557461085
390100.0,3.189367947524024
390150.0,3.520592776155859
390200.0,3.2762754758509436
390250.0,3.179636993802493
390300.0,2.917820553469941
390350.0,2.342135647151503
390400.0,4.167753080252076
390450.0,4.575257455727311
390500.0,3.9011008648573364
390550.0,2.9602337260438154
390600.0,2.3623718343259617
390650.0,2.236000276191859
390700.0,2.1500202266777233
390750.0,3.1564195929293204
390800.0,2.109263733328349
390850.0,3.9961094299571096
390900.0,2.697031923263669
390950.0,3.6125583060626085
391000.0,2.2434109698278264
391050.0,2.2449920368744003
391100.0,3.520184625640807
391150.0,3.4116256865988177
391200.0,1.9106568362537355
391250.0,2.7252515226713614
391300.0,4.194399066573768
391350.0,5.264406177331031
391400.0,3.347444545524839
391450.0,4.100303134414837
391500.0,3.300301070844228
391550.0,3.9377260925363102
391600.0,4.6620820066256865
391650.0,5.861159310089987
391700.0,4.610701567584519
391750.0,4.37051659680082
391800.0,4.272293709767644
391850.0,3.559138214733816
391900.0,3.638637314066416
391950.0,2.294599683511818
392000.0,4.710722455706593
392050.0,5.124148888754909
392100.0,4.22380086244695
392150.0,4.617769379251082
392200.0,3.9754624867623654
392250.0,5.212618054415378
392300.0,3.923072570676002
392350.0,4.4230616292416505
392400.0,4.67815835500712
392450.0,3.970161450469954
392500.0,3.977975579686742
392550.0,3.5041258240164095
392600.0,3.6965066619868354
392650.0,3.450130578265143
392700.0,3.7664035684529584
392750.0,4.1003517312661835
392800.0,4.17406257530704
392850.0,4.3639963572344795
392900.0,5.072854805203407
392950.0,2.9193127698744235
393000.0,5.203169791769233
393050.0,4.671388377408107
393100.0,4.159540901895261
393150.0,3.75225249327163
393200.0,3.850465844842245
393250.0,3.647178255237893
393300.0,4.216463038622582
393350.0,4.852401057575838
393400.0,3.202717456448793
393450.0,3.041392412036193
393500.0,3.444382547053924
393550.0,2.0811742255882084
393600.0,2.6866123500095505
393650.0,2.9507628247931748
393700.0,4.154440747025476
393750.0,4.108732410251488
393800.0,3.2783549114336044
393850.0,5.95813915850143
393900.0,4.913022124445011
393950.0,6.274927677546702
394000.0,6.239717437512401
394050.0,3.4084280808654386
394100.0,3.612730041996186
394150.0,3.7374460690313187
394200.0,3.680910374780563
394250.0,3.711291600298558
394300.0,3.671688728662416
394350.0,3.874608075806322
394400.0,4.777145434867991
394450.0,3.5575985165880923
394500.0,3.866844997461212
394550.0,4.125651826536056
394600.0,3.943259981259102
394650.0,5.396386841150566
394700.0,4.276459549378282
394750.0,4.506294718485277
394800.0,4.165358623256711
394850.0,4.345273806392832
394900.0,4.312771167319742
394950.0,4.2127929216200055
395000.0,4.229111644990021
395050.0,3.5278429758214083
395100.0,4.645309548305715
395150.0,3.7995390771103903
395200.0,3.6855541426480665
395250.0,3.750224711698852
395300.0,3.2043277634200344
395350.0,3.4296328476579414
395400.0,4.294425107347919
395450.0,4.17646680272358
395500.0,4.336978001915557
395550.0,4.673446037329665
395600.0,5.3223412133430275
395650.0,4.152856446555686
395700.0,4.112165849188598
395750.0,4.019390745161466
395800.0,3.529305462254651
395850.0,4.392106811090305
395900.0,4.168573401336717
395950.0,3.982380511454048
396000.0,3.9208182154406868
396050.0,2.484289993387057
396100.0,2.003517795566505
396150.0,2.927673669321444
396200.0,3.4322835584278475
396250.0,0.7879697201756991
396300.0,2.446976971954441
396350.0,2.254904056383469
396400.0,3.3301198751084407
396450.0,1.6978491867618115
396500.0,3.8641265620527268
396550.0,3.0954279836353935
396600.0,3.5445153081264955
396650.0,3.658672151099181
396700.0,4.192873781278366
396750.0,3.359183229447584
396800.0,4.40356186217739
396850.0,4.015993538165669
396900.0,3.8714334535028176
396950.0,3.5568141320633906
397000.0,3.658785336828784
397050.0,3.6190751979937894
397100.0,3.678941406499764
397150.0,3.9950618711468175
397200.0,3.268163271823803
397250.0,4.061955542694407
397300.0,4.617250846912322
397350.0,4.583023561162026
397400.0,4.156450382866323
397450.0,2.9954098067424857
397500.0,2.6812495487135077
397550.0,3.621338423425318
397600.0,2.6811533470269056
397650.0,2.879249891509551
397700.0,3.665581177651815
397750.0,4.379794873180623
397800.0,3.7710763037449566
397850.0,3.5202988246340743
397900.0,3.7212978580676515
397950.0,3.494863627428172
398000.0,4.325284189052958
398050.0,3.1539922893872525
398100.0,4.352127089723675
398150.0,4.161367547397368
398200.0,5.008999625289636
398250.0,4.592251588503731
398300.0,4.4158443855717815
398350.0,3.6343047644991255
398400.0,4.201055782046462
398450.0,3.6698166596252326
398500.0,3.5918498713171054
398550.0,4.1389477956351985
398600.0,3.4221312502171095
398650.0,3.839804595112292
398700.0,3.58471540356577
398750.0,3.440709531047724
398800.0,3.381362597050618
398850.0,4.025615177507922
398900.0,3.0826927101360106
398950.0,3.062841057420709
399000.0,2.6256231089433424
399050.0,2.886536600946178
399100.0,4.504611290898295
399150.0,3.461387333214318
399200.0,3.956576831787152
399250.0,3.903753694160137
399300.0,4.1067841516355195
399350.0,4.172360629436568
399400.0,4.054651013280272
399450.0,4.003424981369033
399500.0,4.033430951121895
399550.0,4.050618196756389
399600.0,3.0006321131802904
399650.0,4.69911847000884
399700.0,3.6276735729346004
399750.0,4.275674023059482
399800.0,4.171257939870057
399850.0,3.254318241850856
399900.0,5.217518691290945
399950.0,3.574913267565486
400000.0,4.115179999716232
400050.0,3.522242470743927
400100.0,3.4410588466878322
400150.0,4.069726032535176
400200.0,4.076728973746416
400250.0,3.8106142268903733
400300.0,3.425141873059715
400350.0,3.583375040166595
400400.0,3.2576320019017575
400450.0,2.5523902718564906
400500.0,1.9263676013802844
400550.0,1.8060430244844758
400600.0,1.538469188865481
400650.0,2.004993173490745
400700.0,1.817851923861484
400750.0,2.8479274685507994
400800.0,2.260334343961508
400850.0,2.6608648962073898
400900.0,3.0233397947347695
400950.0,2.586177206371447
401000.0,2.9205757242527195
401050.0,2.448121164304451
401100.0,3.2677491965351444
401150.0,2.5851307299854103
401200.0,2.7753389102773687
401250.0,2.564231078549754
401300.0,2.7093526065543556
401350.0,3.614870713749006
401400.0,3.1759206198323606
401450.0,1.8799439174380308
401500.0,3.086693871410652
401550.0,2.6628143067752954
401600.0,2.6927664650633276
401650.0,2.247333430996199
401700.0,2.6514316650241376
401750.0,3.1441319243782315
401800.0,2.7661699007480878
401850.0,2.018958207960774
401900.0,2.5576109998430883
401950.0,3.275266885154475
402000.0,2.408068780471724
402050.0,2.0971163978913925
402100.0,2.9471504958087174
402150.0,2.172805643130899
402200.0,2.666324995790763
402250.0,1.2838615011155066
402300.0,1.9054081213007268
402350.0,3.490927847573871
402400.0,2.4030603447346985
402450.0,2.6497122646572113
402500.0,3.8481528312204403
402550.0,1.3791665919358311
402600.0,1.8145234647329131
402650.0,3.480999526822415
402700.0,3.0208580465517128
402750.0,1.815873838303185
402800.0,2.2098803333415
402850.0,2.0240754122478593
402900.0,1.5534491967103745
402950.0,1.8894173312406253
403000.0,1.8861857506074429
403050.0,2.235660664597854
403100.0,1.6413081408954433
403150.0,3.5677555523617857
403200.0,3.2293188003917788
403250.0,2.736240322472841
403300.0,2.2079186421212005
403350.0,3.537824766316612
403400.0,4.567282702661726
403450.0,3.585927773514132
403500.0,4.145791774175653
403550.0,3.762454790325557
403600.0,3.055581842387574
403650.0,3.6516542961413214
403700.0,3.471303613825084
403750.0,3.9058420771407563
403800.0,3.6238203967158187
403850.0,3.81627781418007
403900.0,3.6528624899008992
403950.0,3.6131268966194834
404000.0,3.39110589637942
404050.0,3.764688341436338
404100.0,2.7524869037446176
404150.0,3.0480972243104008
404200.0,3.478001232324181
404250.0,4.346045466505009
404300.0,3.5476616749651604
404350.0,2.8785554844912475
404400.0,2.6645241392356405
404450.0,3.012072844178422
404500.0,4.009810003414109
404550.0,2.9126087547634105
404600.0,3.7211558402404266
404650.0,4.165597666418172
404700.0,3.044601069537256
404750.0,2.9949806923519016
404800.0,3.089107528248514
404850.0,3.5393481931477733
404900.0,2.7533946410970187
404950.0,3.491258573320673
405000.0,2.9762053647976194
405050.0,2.7391590086386146
405100.0,3.2540736437537934
405150.0,3.3741521884411187
405200.0,2.9716314131515595
405250.0,3.627173907863508
405300.0,3.3735101742021603
405350.0,3.0772880633694446
405400.0,3.8540572929368455
405450.0,3.680692501016696
405500.0,5.000375511725168
405550.0,4.575073383682786
405600.0,4.100304961985594
405650.0,3.5323765146114456
405700.0,4.503635209757845
405750.0,4.6302246438038
405800.0,4.379462735050597
405850.0,4.392824149679891
405900.0,4.39893030584864
405950.0,4.37489284118501
406000.0,4.541596924491258
406050.0,4.30840959772229
406100.0,3.6181037045854287
406150.0,4.558046185383407
406200.0,4.350193406644689
406250.0,4.409848906338616
406300.0,3.722939691549333
406350.0,3.7475970014865583
406400.0,4.402614226801583
406450.0,4.3524124832617535
406500.0,4.543260096528015
406550.0,4.427168165167128
406600.0,4.043425436163792
406650.0,5.6228479010290595
406700.0,4.499119798495585
406750.0,4.462394022909253
406800.0,4.416242125715989
406850.0,5.322978636303526
406900.0,4.916918876536129
406950.0,3.488695356597925
407000.0,4.351565063612951
407050.0,4.39823526122937
407100.0,4.563002443172103
407150.0,3.502296577560554
407200.0,3.1447099939550003
407250.0,5.09106909895592
407300.0,4.4470758008767515
407350.0,4.458754686718232
407400.0,4.119004195896244
407450.0,4.737402679981088
407500.0,4.2870051503584055
407550.0,4.417203210642405
407600.0,4.432084418547117
407650.0,4.323251611021374
407700.0,4.713353220151437
407750.0,4.42836500940401
407800.0,4.358083152772905
407850.0,4.540251990903473
407900.0,3.8642958649412646
407950.0,4.72259496025172
408000.0,3.626085011555629
408050.0,4.7988752840352245
408100.0,4.285755825619037
408150.0,3.2704853871253965
408200.0,4.0567086349333605
408250.0,4.303151121372169
408300.0,3.85269724544735
408350.0,3.490013871483494
408400.0,4.410652555255622
408450.0,4.267504985789688
408500.0,3.2670021505651987
408550.0,3.370369073149786
408600.0,3.5997049719426544
408650.0,4.22035296370078
408700.0,3.991117612878163
408750.0,4.27318227643008
408800.0,3.781055768036018
408850.0,4.550134337405066
408900.0,3.786736862000628
408950.0,4.067949144433956
409000.0,4.040024746738762
409050.0,3.571528093718391
409100.0,3.912095533630444
409150.0,4.106385898987242
409200.0,3.7951248144452996
409250.0,3.670539837046299
409300.0,4.383251689852131
409350.0,4.251749760441672
409400.0,4.694400685567321
409450.0,4.515726741463391
409500.0,4.640321801308113
409550.0,4.347387794602147
409600.0,5.055926624347599
409650.0,3.629450425512924
409700.0,4.452154582795635
409750.0,3.875176227328067
409800.0,3.6876242534891426
409850.0,3.809436249365571
409900.0,2.5650507449382838
409950.0,4.103032699676536
410000.0,2.7679201265228035
410050.0,3.859406497771283
410100.0,2.376403592369808
410150.0,4.432382658790893
410200.0,3.728550610433747
410250.0,4.782731961791386
410300.0,5.140215029839834
410350.0,4.6691109817879015
410400.0,4.451718011691355
410450.0,4.395508573270005
410500.0,3.037251539581965
410550.0,4.008762711363152
410600.0,4.41365033474223
410650.0,5.118053586655997
410700.0,4.481070535001817
410750.0,4.338766645983784
410800.0,4.605680888619102
410850.0,3.0721137885681262
410900.0,4.163483760572856
410950.0,3.8068347773110642
411000.0,3.711024941405216
411050.0,3.963290143585949
411100.0,3.9914682907713153
411150.0,4.641344654324321
411200.0,4.502511796274572
411250.0,3.0786041901768746
411300.0,3.254375247104689
411350.0,3.0670492697653744
411400.0,3.160629336308204
411450.0,1.3009581570834654
411500.0,2.161689201636472
411550.0,4.2871691389661555
411600.0,4.159973344720377
411650.0,3.9668710103589198
411700.0,3.988810060743845
411750.0,3.038502148495338
411800.0,2.7861060595623663
411850.0,2.9294541006031936
411900.0,4.570272449077983
411950.0,4.186333858807948
412000.0,3.3443985028483563
412050.0,4.491111566123988
412100.0,2.8819068572403173
412150.0,3.908928263101488
412200.0,4.095177091655851
412250.0,3.8848539335300956
412300.0,4.06501012183876
412350.0,4.526423448785555
412400.0,3.7860388531799827
412450.0,4.043722500692953
412500.0,3.799538283962218
412550.0,3.229503067105421
412600.0,3.673934054912622
412650.0,3.907988433483265
412700.0,3.702554965853433
412750.0,4.044059163796789
412800.0,1.6898475984631778
412850.0,2.289227679105505
412900.0,3.456327891463974
412950.0,0.7768492440232245
413000.0,1.77154922876564
413050.0,0.8144294117673534
413100.0,1.3399263321905321
413150.0,0.9788219892257338
413200.0,0.5735873495367605
413250.0,0.36125048158152784
413300.0,0.13152785187815141
413350.0,0.46701298608828234
413400.0,0.622491746727727
413450.0,0.7655687718574186
413500.0,0.6358442182508697
413550.0,0.6972031988216223
413600.0,0.48507679126355174
413650.0,0.26683816489499007
413700.0,2.193512845261511
413750.0,2.1524159371479263
413800.0,0.5984926108130834
413850.0,1.9278479354859483
413900.0,1.3758219844364836
413950.0,1.2169227663716584
414000.0,2.016403011190476
414050.0,4.373749794516042
414100.0,2.0748953992886703
414150.0,4.848782321308146
414200.0,4.151169763266348
414250.0,4.70571879426955
414300.0,3.7081656844031996
414350.0,3.90340690715424
414400.0,3.832508013796059
414450.0,3.9148537179044745
414500.0,4.49333670253316
414550.0,4.335653876567439
414600.0,4.218683755996407
414650.0,3.9452010639456088
414700.0,4.891654178606199
414750.0,4.422554335447202
414800.0,3.8001187894254964
414850.0,4.153695308618034
414900.0,4.381663883791345
414950.0,4.6283809726431
415000.0,3.7559781641648993
415050.0,4.221230874284765
415100.0,4.910155076573967
415150.0,4.697338923869713
415200.0,4.306529695287964
415250.0,4.56925321692071
415300.0,3.93972226360171
415350.0,3.7715099320280974
415400.0,3.9415324496677853
415450.0,3.732194359157969
415500.0,3.6354495947712895
415550.0,4.636126549696989
415600.0,1.6690979948680897
415650.0,3.9319182682670077
415700.0,4.306519436011
415750.0,4.635266884835704
415800.0,4.243926374814827
415850.0,1.6694001661319793
415900.0,1.2369301284269762
415950.0,3.735287892638519
416000.0,3.507715515783728
416050.0,4.183297583036601
416100.0,4.381448063924728
416150.0,4.9130612379200596
416200.0,3.8729978131393406
416250.0,4.019203412288008
416300.0,3.8577921657805136
416350.0,2.728957192933762
416400.0,2.294793595489102
416450.0,3.4574269340134327
416500.0,3.6819725737341855
416550.0,5.320573621243316
416600.0,4.582672326012667
416650.0,3.422862025885715
416700.0,4.561532985602853
416750.0,5.02900410009647
416800.0,4.67326113164177
416850.0,5.422371478532614
416900.0,5.694786260412825
416950.0,4.782581168416465
417000.0,4.326299856675109
417050.0,4.233898937219806
417100.0,5.126927478808119
417150.0,4.089164291104817
417200.0,4.489731882838026
417250.0,3.433682598930553
417300.0,3.28249798253937
417350.0,4.44473900559965
417400.0,4.648051186025229
417450.0,3.655196616845941
417500.0,3.5788499700611403
417550.0,4.513367936882459
417600.0,3.7345287053276226
417650.0,3.6783840097747427
417700.0,4.113658847223982
417750.0,3.8727503857773273
417800.0,1.9214020346681935
417850.0,4.3142767014223455
417900.0,3.7701312690393136
417950.0,3.5121790781324016
418000.0,4.1072097187304735
418050.0,3.5716212355411945
418100.0,3.8245265928031307
418150.0,3.955487726867503
418200.0,3.5279739868195663
418250.0,4.220627329334854
418300.0,4.40238556331964
418350.0,4.8401105243915605
418400.0,3.46970579280447
418450.0,4.233982374123881
418500.0,4.08981735754459
418550.0,4.242180287821982
418600.0,4.069274889491879
418650.0,4.208907405039353
418700.0,4.21745171465926
418750.0,3.4664210104371422
418800.0,3.2615475680218218
418850.0,3.3409861163173513
418900.0,3.861657571622659
418950.0,3.8511015828590875
419000.0,3.812291940888687
419050.0,3.8003775094024657
419100.0,2.995277960462399
419150.0,3.3514898015360264
419200.0,3.542794421016142
419250.0,3.546123740824284
419300.0,3.9285334883735716
419350.0,3.541296285600001
419400.0,3.8766367266996458
419450.0,3.728176698109917
419500.0,2.59077240962465
419550.0,2.950068240656828
419600.0,3.2343895158522704
419650.0,3.2200119700753285
419700.0,3.433565823540489
419750.0,2.837498897071398
419800.0,3.2166441305990516
419850.0,3.8803705612746136
419900.0,3.9891961250221715
419950.0,3.482350226239111
420000.0,3.5599703613942393
420050.0,3.905958146911566
420100.0,3.813164198360112
420150.0,3.036011876666989
420200.0,2.948829038828335
420250.0,2.736290050930255
420300.0,4.212968077063439
420350.0,4.827226804792534
420400.0,4.402047134669468
420450.0,3.297782595944178
420500.0,3.499799645494439
420550.0,3.601776061320547
420600.0,3.567016237713515
420650.0,3.830158097714164
420700.0,3.7182875639873014
420750.0,3.5004830612397755
420800.0,3.900485222395552
420850.0,4.218495730186012
420900.0,4.209641198392702
420950.0,3.430216059432588
421000.0,4.049465537898252
421050.0,4.034960793614398
421100.0,3.861850134639809
421150.0,3.8997544975310694
421200.0,4.039316817206047
421250.0,4.459975392569707
421300.0,3.780274902526001
421350.0,3.8173008607178107
421400.0,4.869524640772069
421450.0,4.37047879352763
421500.0,4.057015920594299
421550.0,3.7038999172743763
421600.0,4.046241625903094
421650.0,4.123128053889969
421700.0,4.329917877339625
421750.0,4.311389589693714
421800.0,4.45023683582439
421850.0,4.449031538262201
421900.0,3.1751501410179976
421950.0,3.17688014890504
422000.0,2.953588533196033
422050.0,3.826551005338197
422100.0,3.783552838206006
422150.0,3.0955931210748218
422200.0,3.5099603838789193
422250.0,3.568430867426372
422300.0,3.0784070951618965
422350.0,2.8984980036064365
422400.0,2.978672134215011
422450.0,3.151599019457312
422500.0,4.416990892559327
422550.0,3.786675874496688
422600.0,4.617357798787899
422650.0,4.83762058189145
422700.0,4.411004962555268
422750.0,4.461223049367774
422800.0,4.273043766497666
422850.0,4.606963337585875
422900.0,4.4750037364447826
422950.0,4.286090615005235
423000.0,4.0697149764621114
423050.0,2.921419718248925
423100.0,3.520652264940073
423150.0,2.7329443986475823
423200.0,3.1261765036368705
423250.0,3.2463655116249712
423300.0,3.29424880036917
423350.0,3.768724812947352
423400.0,4.461668902117796
423450.0,2.7959389615188863
423500.0,3.4353701471800995
423550.0,4.663956589044355
423600.0,3.6643402059465173
423650.0,4.0794092311669266
423700.0,4.605319508624949
423750.0,4.161780366664038
423800.0,3.9760649545995763
423850.0,3.7563501751332398
423900.0,2.516761658483209
423950.0,3.336896412883071
424000.0,2.979495731167908
424050.0,3.1415265749647023
424100.0,3.6194303500671823
424150.0,3.2919591363591207
424200.0,3.1736680603920617
424250.0,3.6828212273215293
424300.0,3.441536696329835
424350.0,2.696273676559445
424400.0,3.583081991731553
424450.0,3.4619173080558028
424500.0,3.7584436563950465
424550.0,3.7167964082234946
424600.0,3.7266326996490324
424650.0,3.661286057453683
424700.0,4.216071927757043
424750.0,4.281331614899989
424800.0,3.4677512753264366
424850.0,3.928280408656624
424900.0,3.3267105585397725
424950.0,3.3322836867684584
425000.0,3.947696074920255
425050.0,3.1446900387003796
425100.0,3.953177261575457
425150.0,3.6674345869573877
425200.0,4.205350286932932
425250.0,3.4343842080221805
425300.0,3.3400885167162193
425350.0,3.2103579464821967
425400.0,3.3455780177686054
425450.0,2.0704067173471814
425500.0,1.7600820002203128
425550.0,2.6420594777048105
425600.0,0.8584252262451807
425650.0,2.6478651690808013
425700.0,2.3716011118041616
425750.0,0.5896573329444389
425800.0,1.4383974111697289
425850.0,1.2327597533597723
425900.0,1.3103779441288783
425950.0,1.7766781437458319
426000.0,1.364770490761842
426050.0,1.4762742929399901
426100.0,2.04102669405304
426150.0,2.9346461962559975
426200.0,4.048664409681011
426250.0,2.4082121261527556
426300.0,3.927553598686199
426350.0,2.138970183251681
426400.0,3.1231666272432403
426450.0,1.542593057512311
426500.0,3.102350133188684
426550.0,3.815981397879195
426600.0,3.355247036389701
426650.0,4.196404114122093
426700.0,2.8223905427660996
426750.0,4.127152850633335
426800.0,3.1218579692540307
426850.0,2.325964473085324
426900.0,3.9438528209487322
426950.0,2.9869552521735687
427000.0,3.7173257768758092
427050.0,3.851469556674329
427100.0,3.867517068900533
427150.0,2.4085024011939358
427200.0,3.562989437068019
427250.0,4.536475304787884
427300.0,4.3578069732634095
427350.0,4.396597591627641
427400.0,4.479931495347577
427450.0,3.603346048267007
427500.0,3.7741291857718293
427550.0,4.095290542379058
427600.0,3.6103446153506167
427650.0,4.676832336045842
427700.0,4.136182067261088
427750.0,4.0525283543274355
427800.0,4.240246917805606
427850.0,4.03272609164702
427900.0,5.130649566871572
427950.0,4.018267694985784
428000.0,3.9357914455716543
428050.0,4.336103519488776
428100.0,4.0518372802354
428150.0,3.058593586867785
428200.0,4.667385848152082
428250.0,5.359474475778224
428300.0,4.5110883701280855
428350.0,4.464255617983093
428400.0,4.489876663453242
428450.0,3.4109208102741686
428500.0,4.449278382162537
428550.0,4.486488983092544
428600.0,4.860318207864607
428650.0,3.9840783437426777
428700.0,3.8884652926583763
428750.0,4.467088634506624
428800.0,3.1959673214503943
428850.0,4.718950551927316
428900.0,5.076029286909428
428950.0,3.9468941647125195
429000.0,4.147588203143766
429050.0,4.639783712148034
429100.0,5.005284755356285
429150.0,4.9105997388254226
429200.0,3.6626730582895237
429250.0,3.7422612935553405
429300.0,4.873029586646126
429350.0,3.2108237016131294
429400.0,3.51235221188335
429450.0,4.978222331310443
429500.0,4.114099469011964
429550.0,4.682613393997776
429600.0,4.5336611580608785
429650.0,3.6974847564511197
429700.0,4.286267736649685
429750.0,3.7397032027421586
429800.0,4.289112760483262
429850.0,4.2105715612412284
429900.0,4.247893612542488
429950.0,3.8556693123214343
430000.0,2.8352913471707897
430050.0,3.7492670076310852
430100.0,4.132856548827736
430150.0,4.219880546217258
430200.0,3.179510722401201
430250.0,3.9079893455754773
430300.0,3.8090541540676344
430350.0,2.9113213680729237
430400.0,3.093362147218212
430450.0,3.428422182602682
430500.0,3.348398815057539
430550.0,3.646855987532628
430600.0,3.4213850137089175
430650.0,4.681143511761919
430700.0,3.4703575992234548
430750.0,4.346561981848097
430800.0,3.4048949677286067
430850.0,4.189225806772335
430900.0,2.9254717751907244
430950.0,3.4518646707573324
431000.0,3.5410444863192443
431050.0,2.5782903012854486
431100.0,2.8119380797244196
431150.0,2.357666635624827
431200.0,3.857421611948783
431250.0,2.9712914276204248
431300.0,1.6230228591448008
431350.0,2.84624103530381
431400.0,3.0259516749007553
431450.0,2.4969383620915564
431500.0,3.037974400027096
431550.0,2.902304963259978
431600.0,4.22803248467317
431650.0,3.283972879263466
431700.0,1.7546769786659122
431750.0,4.090356198123049
431800.0,3.292197912174792
431850.0,3.4397965269059596
431900.0,4.488850301859454
431950.0,3.361635594784595
432000.0,4.734268463895457
432050.0,4.169005155015953
432100.0,3.9399235713193574
432150.0,4.2352905087341846
432200.0,4.300743281509046
432250.0,4.113027293624826
432300.0,4.094028807674145
432350.0,4.637982705384624
432400.0,3.8867684128443867
432450.0,4.10699379790711
432500.0,4.480010339182033
432550.0,3.453608656209882
432600.0,4.806548339477725
432650.0,3.976846667232321
432700.0,4.4043048541401655
432750.0,4.5265212269870005
432800.0,4.617749858684551
432850.0,4.139384927810776
432900.0,3.4291813532428033
432950.0,3.364121056956909
433000.0,3.141587255423364
433050.0,2.5234303429680223
433100.0,3.626760706057358
433150.0,3.019880394496597
433200.0,2.8764697102176533
433250.0,1.2303616210930464
433300.0,0.9111519315730457
433350.0,2.464017928844204
433400.0,1.9831765397066587
433450.0,2.1645720314914056
433500.0,2.508502122378186
433550.0,3.1950390713414945
433600.0,2.185978247199676
433650.0,1.8584094730921392
433700.0,1.9438604363480168
433750.0,2.3725704813823367
433800.0,3.0484572193941974
433850.0,3.2144802716414813
433900.0,1.9855713989995074
433950.0,4.260209388781441
434000.0,2.5699223226870016
434050.0,2.4269517606743247
434100.0,3.508756770617816
434150.0,4.171686459928
434200.0,4.254420102115096
434250.0,4.3725268658563134
434300.0,3.4629174689641924
434350.0,3.684365776907004
434400.0,4.588088722976822
434450.0,4.014845976768072
434500.0,3.273464850166229
434550.0,3.098850634730506
434600.0,1.6655575058978371
434650.0,3.3182036910792734
434700.0,4.050244772969171
434750.0,2.5788721828047128
434800.0,2.129996095764725
434850.0,3.8670371056680652
434900.0,2.6938634125460363
434950.0,1.9244438370818586
435000.0,3.5148383703317463
435050.0,2.822958925983153
435100.0,2.8441142173258642
435150.0,2.529548384580981
435200.0,1.752740005842558
435250.0,2.0637344117636225
435300.0,1.895173996966837
435350.0,2.2441675137119543
435400.0,2.1872990986213567
435450.0,2.022740466494204
435500.0,2.87518578713705
435550.0,1.9105218895357925
435600.0,2.001895529664453
435650.0,4.419024087179578
435700.0,4.373316385734581
435750.0,4.142918583887259
435800.0,3.963851019116674
435850.0,3.838929841808774
435900.0,3.166162895637972
435950.0,4.003660295799821
436000.0,2.9626477467227272
436050.0,3.9884070212354836
436100.0,3.479340938120823
436150.0,3.4065198699801438
436200.0,3.622955352198126
436250.0,2.859947565306925
436300.0,3.80241970160902
436350.0,3.769668680300704
436400.0,3.275160792942718
436450.0,3.8823683874226838
436500.0,3.4794225297001367
436550.0,4.138537055382773
436600.0,4.317289520421184
436650.0,3.50970050023314
436700.0,4.270139144671466
436750.0,4.368030394049973
436800.0,3.8824953946561607
436850.0,3.394496179426353
436900.0,3.874598693942236
436950.0,4.156898727937684
437000.0,3.7391177359799936
437050.0,4.201116684102384
437100.0,4.579440711576618
437150.0,3.8701055491691374
437200.0,3.300271837080628
437250.0,3.2291765477914334
437300.0,3.9424497677907655
437350.0,3.3131384205726446
437400.0,3.633083200606134
437450.0,3.214184797766432
437500.0,3.408065477167771
437550.0,3.8500222123780987
437600.0,3.055565958748616
437650.0,3.908490477014721
437700.0,3.2113702895161986
437750.0,3.9867890917392272
437800.0,5.08135046813091
437850.0,3.4576576621819877
437900.0,3.5544895205909723
437950.0,3.8093807139690656
438000.0,3.8887904595673337
438050.0,3.649371988699255
438100.0,2.9200329817935233
438150.0,4.025144463455071
438200.0,3.917650253443621
438250.0,4.758928463322952
438300.0,4.063937215730632
438350.0,4.420903315004255
438400.0,4.405948771428246
438450.0,3.642484349918154
438500.0,3.674952844021195
438550.0,3.2580940797501396
438600.0,3.838501637910419
438650.0,3.775351454387964
438700.0,3.301347711198378
438750.0,3.7695045190157477
438800.0,3.8208501886320856
438850.0,3.7207094315964566
438900.0,3.7169606559592068
438950.0,4.22753715801394
439000.0,4.865151861632274
439050.0,4.159046952312554
439100.0,3.780340396958399
439150.0,4.114876970051192
439200.0,3.950594548931204
439250.0,4.26075983677576
439300.0,2.96428713587351
439350.0,4.547583158048506
439400.0,4.559759200582785
439450.0,4.08814974991564
439500.0,4.197101522578384
439550.0,3.7943918818998617
439600.0,4.158112548187641
439650.0,4.576375930416749
439700.0,4.715568521474305
439750.0,4.124137197810481
439800.0,4.124949770353949
439850.0,3.6884942788605994
439900.0,4.565053221611017
439950.0,4.8836600595677995
440000.0,4.521291109533965
440050.0,4.478436861497934
440100.0,3.0909511467715856
440150.0,3.884711318521632
440200.0,3.9590022288580067
440250.0,4.542838168537118
440300.0,5.177817783006725
440350.0,4.112301180502974
440400.0,3.526825901564943
440450.0,2.7941697046591236
440500.0,4.3408486671316275
440550.0,3.6990410097070177
440600.0,3.028612930528559
440650.0,4.144418375513154
440700.0,3.4518693489147703
440750.0,3.652324003962932
440800.0,3.932402417820668
440850.0,3.622512094967096
440900.0,3.520014309855113
440950.0,3.602568013957532
441000.0,3.7906686230346773
441050.0,3.21898961487899
441100.0,3.870646165236694
441150.0,4.213438654524574
441200.0,3.8826543659680506
441250.0,3.4122242557253455
441300.0,4.0098378083503015
441350.0,4.039231317874067
441400.0,3.6005253065252067
441450.0,3.7344301071437243
441500.0,3.651972919845099
441550.0,4.254242321652278
441600.0,5.281864659474586
441650.0,4.130483709278167
441700.0,3.4615307975004095
441750.0,3.578965557831214
441800.0,3.717441998502711
441850.0,3.7325703283567733
441900.0,3.619027823901209
441950.0,3.790128901163001
442000.0,3.845525310535735
442050.0,3.825992663062329
442100.0,4.419358059631366
442150.0,3.6669568068063345
442200.0,3.894916781322257
442250.0,4.2661901854879
442300.0,4.089277812003071
442350.0,4.198773871056414
442400.0,4.02519515802683
442450.0,3.464693157493081
442500.0,4.2073981911859475
442550.0,4.131114259649964
442600.0,4.572020633657095
442650.0,4.476892920768513
442700.0,4.138925446827358
442750.0,4.393176271666427
442800.0,4.383981573484218
442850.0,4.237674103259044
442900.0,3.9365099341229453
442950.0,4.187047761193335
443000.0,4.931470648682658
443050.0,4.102024189418696
443100.0,3.912258876795477
443150.0,3.9381691163279218
443200.0,4.179209146475317
443250.0,4.537552909273579
443300.0,4.08267143903658
443350.0,4.170501584047457
443400.0,3.589243003501995
443450.0,4.399361171475866
443500.0,3.915835223794946
443550.0,4.203343250248441
443600.0,4.443803503218159
443650.0,4.632350622203403
443700.0,4.780173696456887
443750.0,5.132141223828312
443800.0,3.8928653023814994
443850.0,4.317244095367499
443900.0,3.888350355954392
443950.0,3.755503948752932
444000.0,4.285485959712546
444050.0,4.497346465974962
444100.0,5.202237618471212
444150.0,4.26945296882543
444200.0,4.042844368560923
444250.0,4.142982980570601
444300.0,3.9553749460390915
444350.0,3.763623093795254
444400.0,4.369941315078663
444450.0,4.504066614804061
444500.0,4.711580749711302
444550.0,5.010796637939154
444600.0,3.978389046681737
444650.0,3.704117907748019
444700.0,3.8659125182861755
444750.0,4.141329300734354
444800.0,3.560632013523996
444850.0,3.2951792990958197
444900.0,4.905555987570944
444950.0,3.540745809842943
445000.0,3.586553894133286
445050.0,3.966421060950709
445100.0,3.9316501404839213
445150.0,3.7095127141541893
445200.0,3.1556440873033056
445250.0,3.9727819002105864
445300.0,3.034040218732945
445350.0,3.474337162611072
445400.0,3.79393008704473
445450.0,3.729085743312801
445500.0,2.715380239263056
445550.0,3.275010472876864
445600.0,4.115214753604745
445650.0,3.4148614482814805
445700.0,3.026314904811926
445750.0,3.5683025934572146
445800.0,3.6373028364262954
445850.0,3.441058310579705
445900.0,4.701211503066934
445950.0,3.606262115625406
446000.0,4.892700135081139
446050.0,3.49762555260853
446100.0,3.5107942566153185
446150.0,3.671142646797473
446200.0,4.195714545161295
446250.0,5.264723600000479
446300.0,3.4882978237525637
446350.0,5.275053808436633
446400.0,4.067452759950004
446450.0,4.383672100562945
446500.0,4.16339896214896
446550.0,4.108783122632483
446600.0,4.976321926833573
446650.0,4.263156557415414
446700.0,4.538225041076694
446750.0,3.8151928686245107
446800.0,4.638467627083473
446850.0,4.4035543016665875
446900.0,4.150699589975316
446950.0,5.1272695336927585
447000.0,4.174408157888087
447050.0,3.985199822331094
447100.0,4.200984030485861
447150.0,3.4374869921699713
447200.0,4.62439040700389
447250.0,4.437600604055036
447300.0,4.993356580764675
447350.0,3.6026925478552267
447400.0,3.7119969885652235
447450.0,3.8580331248348987
447500.0,4.22100379214731
447550.0,3.285402998689012
447600.0,4.124727340662601
447650.0,3.809852646913944
447700.0,3.742539105514623
447750.0,4.084919606874159
447800.0,4.034574582578311
447850.0,2.7228115002388837
447900.0,4.194373787847323
447950.0,3.6013618707696917
448000.0,3.7238114608169823
448050.0,3.7968544969607265
448100.0,3.636658668781328
448150.0,3.953565872162286
448200.0,3.522359555699784
448250.0,3.104127955447807
448300.0,3.5391650043811977
448350.0,2.7753886600567
448400.0,3.155214937994042
448450.0,3.073560426260525
448500.0,2.4282504404268224
448550.0,3.37238739346073
448600.0,3.7116820737481313
448650.0,3.574267967985746
448700.0,3.69705138749949
448750.0,2.4427244828628503
448800.0,2.558297991018372
448850.0,3.1242559329058035
448900.0,3.554952985452351
448950.0,3.1899988520129674
449000.0,1.9974212378900873
449050.0,3.079367041021972
449100.0,3.1220943649918347
449150.0,3.320371671811967
449200.0,4.131368642147413
449250.0,3.8012756045781706
449300.0,5.84811791399554
449350.0,4.932593355065097
449400.0,3.987087807334332
449450.0,3.493148165546066
449500.0,3.8990595144331035
449550.0,3.319005316215692
449600.0,3.5694807650638767
449650.0,3.712164051415565
449700.0,3.9600639577033827
449750.0,3.377658760414982
449800.0,4.245878554733725
449850.0,3.762766462353011
449900.0,3.2658987400246025
449950.0,3.9330863788156805
450000.0,4.120750373362617
450050.0,3.693681544156189
450100.0,3.722844442059592
450150.0,3.7919534960186714
450200.0,3.3941839158174405
450250.0,3.3330130995036034
450300.0,2.734883096772391
450350.0,2.8469268666869088
450400.0,3.392547620136543
450450.0,2.8821683085728433
450500.0,3.495612951407699
450550.0,2.4218569007666515
450600.0,3.103449304574493
450650.0,3.8352207332211754
450700.0,2.8498577920371857
450750.0,2.6982928597046802
450800.0,4.153367451573197
450850.0,2.5800947038890087
450900.0,3.922750097686231
450950.0,3.9304161224243157
451000.0,4.469295614160868
451050.0,3.433625933532666
451100.0,4.0219505633823625
451150.0,4.094702608632935
451200.0,4.4030206029175964
451250.0,3.6914047734824393
451300.0,4.185475141563618
451350.0,4.192385853243883
451400.0,4.070193780137454
451450.0,4.2733129373718635
451500.0,4.142677855281421
451550.0,3.846207364813983
451600.0,3.8432644049887266
451650.0,4.530894644272014
451700.0,4.134512976830556
451750.0,4.6262933375635775
451800.0,4.0578440164884455
451850.0,4.044317113243841
451900.0,3.5344868418369892
451950.0,3.7876373342702263
452000.0,3.856278006437038
452050.0,4.443433907343765
452100.0,3.319650538335729
452150.0,4.25660356188739
452200.0,3.702682214105395
452250.0,4.0896315552835105
452300.0,3.773671817183946
452350.0,3.2809879941050957
452400.0,3.5027673869497433
452450.0,3.5130890106858357
452500.0,3.500355015219145
452550.0,4.507713186737093
452600.0,3.674273388927642
452650.0,4.254467604935894
452700.0,3.7541061150137947
452750.0,4.307863537047379
452800.0,3.7882703992498286
452850.0,4.7414451108832445
452900.0,3.9419501970809443
452950.0,4.1422800988998905
453000.0,3.4895258610477886
453050.0,5.023832578870825
453100.0,4.174231149384729
453150.0,3.7287669830043186
453200.0,3.3923604946953856
453250.0,4.108453587958015
453300.0,4.503620328497443
453350.0,3.747334645642392
453400.0,4.031535682865509
453450.0,3.9081044808912573
453500.0,3.2055887561743224
453550.0,3.5961380185815854
453600.0,4.6186361735676025
453650.0,4.373031791511638
453700.0,3.5881054257487786
453750.0,4.264528715658458
453800.0,3.6135405979611575
453850.0,3.913155530524293
453900.0,4.107687476182368
453950.0,3.7933211019305126
454000.0,4.5966426598881815
454050.0,4.559043746534953
454100.0,3.6854447881863024
454150.0,3.0810860059391723
454200.0,4.500322676216566
454250.0,4.491515859440777
454300.0,4.110218282879783
454350.0,4.810249811934828
454400.0,4.058680509555693
454450.0,4.371783658699055
454500.0,3.817717652682086
454550.0,4.242565589450362
454600.0,3.791815507614873
454650.0,4.187837161393222
454700.0,4.151204192324576
454750.0,3.3921408167587703
454800.0,4.963277487630242
454850.0,4.38530699122158
454900.0,4.258894897904148
454950.0,4.439863765792372
455000.0,3.136146461847286
455050.0,3.4835159119102665
455100.0,3.5732769865851295
455150.0,3.805271007301567
455200.0,3.7566611549955056
455250.0,4.364503465096638
455300.0,3.4328994374091804
455350.0,4.242110074976657
455400.0,3.8227972116956592
455450.0,4.176194180503894
455500.0,4.165403691725679
455550.0,3.4132695267608364
455600.0,4.0336066293341055
455650.0,4.419375907371311
455700.0,5.252511182699897
455750.0,4.67642133189576
455800.0,3.5997023234797925
455850.0,4.48234383476489
455900.0,3.1354715015249552
455950.0,3.4824124982409916
456000.0,3.6155497123316795
456050.0,4.088470893183976
456100.0,3.6780695184700356
456150.0,3.50651698220336
456200.0,3.9754638282296053
456250.0,2.968952390310229
456300.0,3.2305535319954064
456350.0,4.569965703990674
456400.0,3.4844912615525803
456450.0,3.491832691358972
456500.0,3.182510068631052
456550.0,3.943662390075737
456600.0,4.405142781506765
456650.0,3.9253660290397434
456700.0,3.770318702564274
456750.0,3.905252079173981
456800.0,3.5580612441229587
456850.0,3.797089652420451
456900.0,4.23997859553711
456950.0,5.046061267063824
457000.0,3.3908726265087523
457050.0,4.686437364255474
457100.0,3.428554672148014
457150.0,3.6805014202356174
457200.0,2.925849516799367
457250.0,2.8787838837227224
457300.0,3.356500998093759
457350.0,4.338141399707469
457400.0,3.8254659331554324
457450.0,4.046653181512475
457500.0,3.7314585700145364
457550.0,3.401671168100217
457600.0,3.6783289013521885
457650.0,3.6047854584314023
457700.0,3.806426821857713
457750.0,4.337463180345667
457800.0,3.6722983648921965
457850.0,3.967365991157556
457900.0,4.431972416931969
457950.0,4.5146860547948195
458000.0,4.309812977004536
458050.0,4.389043456818367
458100.0,3.0496899886909414
458150.0,2.9647580438898045
458200.0,4.289752709438143
458250.0,3.4265963851807193
458300.0,3.6280137727901867
458350.0,3.8867290063506705
458400.0,3.384404109198796
458450.0,3.530793460791689
458500.0,3.7968175929714563
458550.0,3.763572990238289
458600.0,3.821595189829252
458650.0,3.5324365220035876
458700.0,4.287540991943959
458750.0,3.2870169619946945
458800.0,4.173379951889916
458850.0,4.5970121674774225
458900.0,3.56634191138587
458950.0,4.038710613906185
459000.0,3.7610800701541285
459050.0,4.1469145726713466
459100.0,3.252933458656233
459150.0,4.178823779045146
459200.0,4.512223748796341
459250.0,3.645763289878969
459300.0,3.8598031119313614
459350.0,3.4461847141270816
459400.0,3.8483368881677036
459450.0,3.650214879232894
459500.0,3.301528694960806
459550.0,4.003607060858754
459600.0,3.2297670073677485
459650.0,3.634774680943645
459700.0,3.6681310142893326
459750.0,3.637995164447334
459800.0,3.9372834870423667
459850.0,4.101329592354899
459900.0,2.91771836746091
459950.0,3.362513702707309
460000.0,3.2017148158294053
460050.0,3.730317124704667
460100.0,3.5665227660200367
460150.0,4.2124809446737945
460200.0,3.324721117764272
460250.0,3.648230439458421
460300.0,3.8361010339456616
460350.0,2.9613993363052855
460400.0,3.925619767357817
460450.0,4.147637759104218
460500.0,3.3868147369636126
460550.0,3.8894847718947743
460600.0,3.0351580487911383
460650.0,3.4548921250839357
460700.0,4.459574837370761
460750.0,4.444535605307646
460800.0,4.747322644405169
460850.0,4.367002034444671
460900.0,3.5702089700539714
460950.0,3.52695099514623
461000.0,3.2213201747457814
461050.0,4.656872919352002
461100.0,4.853916023793048
461150.0,3.6058123198480567
461200.0,4.5224232718495125
461250.0,3.8775378211520213
461300.0,3.9070415213761382
461350.0,3.279890752231229
461400.0,3.119565765781103
461450.0,3.388184469635128
461500.0,3.6044987844142162
461550.0,3.6334114156871893
461600.0,3.9150338576081447
461650.0,3.772014016815388
461700.0,4.49809828286093
461750.0,3.8046647947594057
461800.0,3.481978709364495
461850.0,3.6730926637915187
461900.0,2.870993662165548
461950.0,2.7293419617134
462000.0,3.4995721644942512
462050.0,4.119041397278953
462100.0,3.0625788544175094
462150.0,3.6427141919180768
462200.0,3.5633225942693763
462250.0,3.082754461553001
462300.0,3.768630749801704
462350.0,3.447692138099235
462400.0,3.3263310053558244
462450.0,2.8929207427089323
462500.0,3.2283450461618144
462550.0,3.8419392691805707
462600.0,3.4444285342055756
462650.0,3.939109418497324
462700.0,3.1127606817601907
462750.0,3.387404554990709
462800.0,3.5237194801255924
462850.0,2.6136561904064686
462900.0,3.670273365369309
462950.0,2.316738123107651
463000.0,4.599452159936539
463050.0,3.547900359433737
463100.0,3.241325097091284
463150.0,3.486055761863953
463200.0,3.5028694937129425
463250.0,3.5527315807112103
463300.0,2.5787956744889944
463350.0,2.1585902586927412
463400.0,3.0595752590894785
463450.0,3.27007387270789
463500.0,2.585534652818315
463550.0,3.9993725284571267
463600.0,4.249949267278177
463650.0,4.151635439794742
463700.0,3.8612705954130875
463750.0,3.647533193107091
463800.0,3.204649387654078
463850.0,3.5836516884132292
463900.0,4.00180781673058
463950.0,3.517413236176398
464000.0,3.1822945887354495
464050.0,3.376553091819092
464100.0,3.9104063255217096
464150.0,3.0918730447065905
464200.0,4.089568936643315
464250.0,4.18006973500599
464300.0,3.655679955233693
464350.0,3.6628925562572916
464400.0,3.479422758619086
464450.0,3.688970582860858
464500.0,3.4851823362274903
464550.0,3.3428429497742185
464600.0,3.151714892842618
464650.0,4.154393041836421
464700.0,3.70785798210758
464750.0,3.0265815088825776
464800.0,3.357051134818301
464850.0,4.395283071455753
464900.0,3.430798178469522
464950.0,3.0668191720423263
465000.0,3.4712250227536514
465050.0,3.792544618171536
465100.0,3.182088289086529
465150.0,3.857629050609746
465200.0,3.6146487125259825
465250.0,3.252706105116388
465300.0,4.093675905453524
465350.0,3.75704415263429
465400.0,4.1156387311791995
465450.0,5.036595082678774
465500.0,4.228545472977728
465550.0,3.5376543232740922
465600.0,3.840259255560747
465650.0,3.769213808690894
465700.0,3.9666974245918345
465750.0,3.2513501313191564
465800.0,3.536576248823777
465850.0,3.2484004261152943
465900.0,3.519004948597347
465950.0,3.9585456767012897
466000.0,3.6198603600003993
466050.0,3.6808269973060446
466100.0,3.323702021757278
466150.0,3.872737830427993
466200.0,3.7911170988079
466250.0,4.413160231347922
466300.0,3.950226899020611
466350.0,3.510123859629288
466400.0,4.096571677849174
466450.0,4.10876993451493
466500.0,4.205624624851577
466550.0,3.9642914362856962
466600.0,3.5419752241907947
466650.0,4.2332113426448625
466700.0,3.3732027242157954
466750.0,3.772783387439459
466800.0,3.336971958415281
466850.0,4.081900312271757
466900.0,2.534736191614057
466950.0,3.3414947746673813
467000.0,3.1254721572056536
467050.0,3.0690036938930194
467100.0,3.3466974213961853
467150.0,3.567549845315332
467200.0,4.204603275276217
467250.0,4.578242936901741
467300.0,3.474332425111563
467350.0,4.02110593130599
467400.0,3.6206192675598237
467450.0,3.800117386869482
467500.0,3.7660065143268415
467550.0,3.805727880895455
467600.0,3.418038010021791
467650.0,4.278712977911778
467700.0,3.2627252928700754
467750.0,2.829926952055
467800.0,3.6799324543647876
467850.0,4.292851335197129
467900.0,4.283105910463431
467950.0,3.78138645439821
468000.0,2.77670550145585
468050.0,2.8607151300512004
468100.0,3.1894973320653786
468150.0,3.9820073265444096
468200.0,4.058138781346668
468250.0,4.213606127669713
468300.0,4.015433774631679
468350.0,3.97291812220921
468400.0,3.241278343916356
468450.0,3.698729850301607
468500.0,3.661187278077752
468550.0,3.0740647857963093
468600.0,4.092977833759623
468650.0,4.331463863317999
468700.0,3.8163569313801293
468750.0,3.533621304806133
468800.0,3.801866533533721
468850.0,2.9901661401268957
468900.0,2.4481205522439025
468950.0,2.559236155042666
469000.0,3.171920785544677
469050.0,3.6384167508218033
469100.0,3.780208862029803
469150.0,3.4560501119209945
469200.0,3.2429006576382435
469250.0,4.403701213187764
469300.0,3.615533127263212
469350.0,4.242697710817419
469400.0,4.0563656190656
469450.0,3.0553211559066904
469500.0,3.875088554308743
469550.0,3.339473768803428
469600.0,4.11674091209854
469650.0,3.912556185870865
469700.0,3.486960779004571
469750.0,3.245443049252157
469800.0,3.334305392428475
469850.0,3.2124896890850243
469900.0,3.2165347969342335
469950.0,3.7804384152949253
470000.0,3.001081196572673
470050.0,3.1548367301224656
470100.0,4.295778220466941
470150.0,3.2063242659653244
470200.0,2.5213903001056757
470250.0,3.6372932355416916
470300.0,4.607860637096108
470350.0,4.360013157537901
470400.0,3.580434175303025
470450.0,3.278092505634145
470500.0,3.9751877159124027
470550.0,3.7099447788146778
470600.0,4.417758704807785
470650.0,3.640522423035423
470700.0,3.5557969551267408
470750.0,3.938451611819723
470800.0,3.863310913691824
470850.0,3.9823849894093044
470900.0,4.013440298977478
470950.0,3.852490544887782
471000.0,3.4829582312707315
471050.0,3.1360640467181358
471100.0,3.459334168073226
471150.0,4.148758783243114
471200.0,3.4450124966845572
471250.0,3.121504527497145
471300.0,3.480816909670502
471350.0,4.298499355618663
471400.0,3.26681566119743
471450.0,4.36566258176643
471500.0,3.8580306442102503
471550.0,3.571733895896322
471600.0,3.5922272355550997
471650.0,3.030673771343863
471700.0,4.924359964831994
471750.0,4.360436755362063
471800.0,3.7652469958316175
471850.0,4.4057335247006755
471900.0,3.398437686334317
471950.0,3.1104646601860537
472000.0,2.8313077664277517
472050.0,3.487601649845378
472100.0,3.9599482238162937
472150.0,4.392594049068963
472200.0,3.545449228169392
472250.0,4.054303151193829
472300.0,3.932742768090673
472350.0,4.2404341241539525
472400.0,4.203405244130655
472450.0,4.615085793607737
472500.0,4.060476732505012
472550.0,2.5400742791849655
472600.0,3.35649883917876
472650.0,3.58808964302779
472700.0,3.0115437013417705
472750.0,3.4650683067397465
472800.0,3.6740846397533167
472850.0,3.931841748461006
472900.0,4.852031171697331
472950.0,5.012446217544357
473000.0,4.324671102556324
473050.0,4.189293329927142
473100.0,4.07211216062824
473150.0,4.498245376649914
473200.0,3.885278573087343
473250.0,4.037584282815527
473300.0,4.250715066157264
473350.0,4.141618855888999
473400.0,3.58157789993797
473450.0,3.7061291718909297
473500.0,4.257169530369701
473550.0,4.556061451891836
473600.0,4.485688074377589
473650.0,2.7313166892444194
473700.0,4.449237591190458
473750.0,4.463058276735425
473800.0,3.720064503930663
473850.0,3.370191622308871
473900.0,4.871854898061676
473950.0,3.5050534345314897
474000.0,3.8482180221250375
474050.0,4.217731904068168
474100.0,3.0156550709013046
474150.0,4.304994546536478
474200.0,3.366097009287394
474250.0,3.758909728474787
474300.0,3.952858419944774
474350.0,3.795005125268845
474400.0,4.362729235729151
474450.0,4.919928194161607
474500.0,4.420404661139406
474550.0,4.001407939701212
474600.0,4.686674186371937
474650.0,3.625164557998084
474700.0,3.2671388134933856
474750.0,4.276086491880943
474800.0,4.207479137027494
474850.0,3.408183757111446
474900.0,3.7718020791263362
474950.0,3.8718221549209666
475000.0,4.02950516154965
475050.0,3.4586265960541778
475100.0,4.615300255429029
475150.0,3.828916028766165
475200.0,4.160321257736731
475250.0,3.5579928073848905
475300.0,3.1765033239940417
475350.0,3.7336838991829855
475400.0,3.6926287831751274
475450.0,3.162970892912034
475500.0,3.503497685129288
475550.0,2.608906556481776
475600.0,4.025267745123497
475650.0,3.9790710346582685
475700.0,3.7941631941602147
475750.0,3.7772054807647626
475800.0,4.311109767640062
475850.0,3.1719255494628453
475900.0,4.111216379124761
475950.0,4.212752620378827
476000.0,4.525315538060646
476050.0,3.8737416858998936
476100.0,3.561164828269229
476150.0,3.710700602640925
476200.0,3.1795241948855018
476250.0,3.513332780072443
476300.0,3.244699044639825
476350.0,4.676331374933732
476400.0,3.924523990612659
476450.0,3.878248395882392
476500.0,3.550280661220933
476550.0,3.666200975107689
476600.0,3.5115335019673113
476650.0,3.3224412041227107
476700.0,3.358781431483046
476750.0,4.185224411575561
476800.0,4.0802211727749444
476850.0,4.301734833404167
476900.0,5.24950242189913
476950.0,3.9542984891367237
477000.0,4.422984862377025
477050.0,3.355308045576503
477100.0,4.109304210130165
477150.0,4.14353702767987
477200.0,3.3483269187717144
477250.0,3.436784830173647
477300.0,4.00405793310688
477350.0,4.644192299320719
477400.0,3.4232979730772874
477450.0,4.219726155877821
477500.0,3.305073913580641
477550.0,3.5803497527225345
477600.0,3.361236645782832
477650.0,3.5252346087411413
477700.0,3.76511732063299
477750.0,2.6356195255021224
477800.0,3.048227929796562
477850.0,3.5527315807112103
477900.0,3.825782109904406
477950.0,3.338034349056204
478000.0,3.3382955357132906
478050.0,3.490015167816329
478100.0,2.857287810857686
478150.0,1.9863997582728703
478200.0,2.648657037708703
478250.0,2.9445703904923777
478300.0,3.861099918966079
478350.0,4.002123781595366
478400.0,2.3685207711413527
478450.0,2.9151500787639737
478500.0,3.9734239467677557
478550.0,3.717932483839963
478600.0,4.1325653532652975
478650.0,3.557441631822177
478700.0,4.903190489002631
478750.0,4.473321369420069
478800.0,4.118446274904218
478850.0,4.393467654282434
478900.0,4.654595395380748
478950.0,4.981736006978377
479000.0,3.7614203493426697
479050.0,3.352538356807507
479100.0,4.677998933677261
479150.0,3.7200826570098817
479200.0,3.5810172748723716
479250.0,3.8502187525126215
479300.0,3.9886556072819666
479350.0,3.846047177035195
479400.0,3.6150379572568294
479450.0,4.170289169277322
479500.0,4.228295009405976
479550.0,4.157326232260677
479600.0,3.3555186877865313
479650.0,4.054072880997764
479700.0,3.544954998554458
479750.0,3.522449913570081
479800.0,3.861566649031045
479850.0,3.4129298915977806
479900.0,3.7756712150817835
479950.0,4.582409003771848
480000.0,3.8998570913903334
480050.0,3.1757477819620634
480100.0,3.630395198370672
480150.0,3.4974450993466157
480200.0,3.5211072593455084
480250.0,3.197715961244486
480300.0,3.8931463117871874
480350.0,3.3554421009975997
480400.0,2.832345501964618
480450.0,4.200499706154271
480500.0,4.221477118054019
480550.0,3.6880896302661617
480600.0,3.2666326752560826
480650.0,3.5205689325942995
480700.0,3.6458439059115575
480750.0,3.4414651261291946
480800.0,3.539768570920881
480850.0,3.807231895143636
480900.0,3.3031030281999993
480950.0,3.4894287979842202
481000.0,2.5136029231270656
481050.0,3.2509212810292487
481100.0,3.5891055263163456
481150.0,3.7232494670159313
481200.0,3.818299016872432
481250.0,3.436406296626529
481300.0,2.9751794784715697
481350.0,3.1178340162125293
481400.0,3.2744784186503333
481450.0,3.472004463759365
481500.0,3.2670032453482167
481550.0,3.9531369758079844
481600.0,3.9348295453686792
481650.0,2.9554363366264824
481700.0,3.1740477236601627
481750.0,3.011095699477214
481800.0,3.438412842665208
481850.0,4.189867118970958
481900.0,3.59118123208469
481950.0,4.338387067074696
482000.0,3.5916864103332053
482050.0,4.183585130711627
482100.0,3.9906038279668516
482150.0,3.7490284117358113
482200.0,3.7111449210138976
482250.0,4.136311999746439
482300.0,3.096451224674504
482350.0,4.231714820386481
482400.0,3.993845937329556
482450.0,4.180214082264766
482500.0,3.132297828283483
482550.0,3.3867195109785957
482600.0,4.260857710122447
482650.0,3.9496071384978584
482700.0,3.536481118282312
482750.0,3.2893487358760254
482800.0,3.0293368358531283
482850.0,3.2998133732630737
482900.0,3.9570284550894224
482950.0,4.314034776999581
483000.0,4.037296792036808
483050.0,3.508905682077248
483100.0,3.821005992942995
483150.0,3.1727134436852737
483200.0,4.279692868062504
483250.0,3.022312391598238
483300.0,2.5112529919084667
483350.0,3.46597810050056
483400.0,3.681194250959191
483450.0,3.1233010865366584
483500.0,3.3895850516767423
483550.0,4.287537330581057
483600.0,3.70177927240159
483650.0,3.6194354338981727
483700.0,3.876916777223229
483750.0,3.6817111614644116
483800.0,3.4469981420667506
483850.0,3.7908988309570115
483900.0,3.2876453105971604
483950.0,3.8184943933971165
484000.0,3.474061220555303
484050.0,3.6866902286426884
484100.0,3.9319442563969558
484150.0,3.7313401379228432
484200.0,4.225928200513926
484250.0,4.474617567719618
484300.0,3.6489149266937404
484350.0,3.5379633985978622
484400.0,2.9199135806771763
484450.0,4.244653942440405
484500.0,3.641424666578216
484550.0,3.903063899081217
484600.0,4.599410990281989
484650.0,3.736960148540332
484700.0,3.001231505350815
484750.0,3.568093426225617
484800.0,2.773749744754853
484850.0,3.4094253507806163
484900.0,2.646428462281361
484950.0,3.7095167309025254
485000.0,3.8942138046872157
485050.0,3.9787601583295187
485100.0,3.5320525463859163
485150.0,3.1113666075836566
485200.0,3.705533075742828
485250.0,3.7147506852051215
485300.0,3.3297725015581863
485350.0,3.8009757646334417
485400.0,3.10131765308443
485450.0,3.964667840543823
485500.0,3.144485279171777
485550.0,3.026465645332944
485600.0,3.550279889319579
485650.0,3.708229589314016
485700.0,4.141511859993817
485750.0,3.884792443506342
485800.0,3.1257789395460893
485850.0,1.7969939702520634
485900.0,3.0431730946735467
485950.0,3.398397495725526
486000.0,3.645491217022091
486050.0,2.8544362761303614
486100.0,3.449950633270595
486150.0,3.6437461465139185
486200.0,2.6238485924634936
486250.0,3.2907296440118796
486300.0,4.019724381906599
486350.0,4.150374413941022
486400.0,4.855282843824835
486450.0,3.7826675622056145
486500.0,5.000188745522644
486550.0,4.305728886626783
486600.0,4.3725494636797055
486650.0,3.369168694636573
486700.0,3.869336699991022
486750.0,3.8949833148041493
486800.0,3.513104798517821
486850.0,3.355966486210141
486900.0,3.2218762469959836
486950.0,3.3930618547305236
487000.0,3.421709282699938
487050.0,2.7906076984984645
487100.0,2.5601178130232096
487150.0,3.870516625752251
487200.0,4.018106909480297
487250.0,3.079319606785518
487300.0,3.1102582234389105
487350.0,3.0824630410925393
487400.0,3.3430707701306357
487450.0,4.0172725173991095
487500.0,3.6858400929212007
487550.0,3.621460332806103
487600.0,3.608586090986254
487650.0,3.505439459541982
487700.0,3.343442235400328
487750.0,3.350640637537297
487800.0,3.8604907993751545
487850.0,3.166209772927308
487900.0,4.136712805417321
487950.0,4.235374151319543
488000.0,2.7770835233284417
488050.0,4.1425936328449335
488100.0,4.4630683546408445
488150.0,4.213064449359969
488200.0,4.538921105669343
488250.0,3.367890016541501
488300.0,3.767942496720435
488350.0,3.2736196431905205
488400.0,3.911352144487176
488450.0,1.6901122684687366
488500.0,3.252259741556787
488550.0,3.4700577903152534
488600.0,3.5816479139134696
488650.0,4.006303561279044
488700.0,3.2348417570636143
488750.0,3.489040229238149
488800.0,3.912480386802069
488850.0,3.5065188507611538
488900.0,3.511820961912798
488950.0,3.124644002674111
489000.0,3.7546104584702515
489050.0,3.3078525203716604
489100.0,3.9762571906720754
489150.0,3.4570630838072183
489200.0,3.7437692475271698
489250.0,3.928331773707607
489300.0,3.652329987861396
489350.0,3.0846378824920673
489400.0,3.403318716155469
489450.0,4.169247795711866
489500.0,4.269309093317913
489550.0,4.089948848042039
489600.0,3.7408675369808884
489650.0,3.069672719806088
489700.0,4.756386969584098
489750.0,4.424091721937927
489800.0,2.9289227314375315
489850.0,3.8687097962619426
489900.0,3.8290211666305236
489950.0,2.6367564621175643
490000.0,3.0684533025941234
490050.0,3.4573527851956927
490100.0,2.895614061343136
490150.0,3.880127922783811
490200.0,3.4312806797594764
490250.0,2.8800518274968168
490300.0,3.416344022777408
490350.0,3.8693177182185345
490400.0,3.6272009633662656
490450.0,3.9386920361278794
490500.0,3.0530126827529185
490550.0,3.210496637543813
490600.0,2.912503208934429
490650.0,3.9641639191650837
490700.0,3.3235651834427573
490750.0,3.6940211757532775
490800.0,4.033770319531183
490850.0,3.057906306446722
490900.0,4.574332613938992
490950.0,4.124792009512961
491000.0,3.094785674883482
491050.0,3.549435560892893
491100.0,4.13320422440841
491150.0,4.147721415951487
491200.0,3.6125619237582223
491250.0,3.9941181971466464
491300.0,3.5919621376508437
491350.0,3.1469350129313867
491400.0,3.1919421798016914
491450.0,2.9384854693639824
491500.0,4.005670827629617
491550.0,3.7482509902474956
491600.0,3.825908344199865
491650.0,3.3343799377271583
491700.0,3.9546057121431595
491750.0,3.456167320988231
491800.0,3.6765313436686435
491850.0,2.8925081139287103
491900.0,2.076559618814771
491950.0,1.751053828748921
492000.0,3.4299851291048418
492050.0,2.8667221139803196
492100.0,2.6189710871005056
492150.0,2.6299259758494027
492200.0,3.420682874626582
492250.0,3.6335948023622486
492300.0,3.260840686931245
492350.0,3.9690028385956446
492400.0,3.4916153539845785
492450.0,3.207086250581918
492500.0,3.490184275403197
492550.0,3.800880628844835
492600.0,4.369085174409999
492650.0,4.105674660709856
492700.0,3.485640011750648
492750.0,1.6898196080222998
492800.0,2.344646831030531
492850.0,2.7266982656740395
492900.0,3.089366216267991
492950.0,3.0129010001269827
493000.0,4.445703573597801
493050.0,3.1923625479845645
493100.0,3.076653768310396
493150.0,3.6866922852513078
493200.0,4.407867301402027
493250.0,2.9020126982545555
493300.0,3.441448451433789
493350.0,3.6990121349584295
493400.0,4.137886516673345
493450.0,4.72579001919757
493500.0,4.464481842292253
493550.0,3.821464577375177
493600.0,3.3849496352558632
493650.0,3.7872551258880796
493700.0,4.231171285737268
493750.0,3.916390354582165
493800.0,4.191298427377316
493850.0,4.171721904016355
493900.0,3.948112997403526
493950.0,3.9802110506795563
494000.0,4.866753152961566
494050.0,4.106736002829338
494100.0,4.2560414120430705
494150.0,4.754598010348337
494200.0,3.8005644545741886
494250.0,4.046358445785903
494300.0,3.5762091508034914
494350.0,3.8384618197736216
494400.0,4.046503906204701
494450.0,4.6574235917451885
494500.0,3.989057426313294
494550.0,4.274354933588102
494600.0,4.2230432570877685
494650.0,4.100495411050875
494700.0,3.4393881027410327
494750.0,3.71405281571293
494800.0,4.041141403919549
494850.0,3.40954646475931
494900.0,4.00716763932384
494950.0,3.641369345349182
495000.0,3.1297733943945745
495050.0,3.3809164134441723
495100.0,3.7765607933394088
495150.0,3.9567007566560086
495200.0,4.6206573943441525
495250.0,4.493426191652526
495300.0,3.7897116003361075
495350.0,3.5673785422506024
495400.0,4.354328484781144
495450.0,3.759440114159156
495500.0,4.162858833864065
495550.0,4.0120305296651395
495600.0,4.260481385092211
495650.0,4.159865028687061
495700.0,4.010585909917308
495750.0,3.8714735059865912
495800.0,3.512103922498561
495850.0,3.925110191791714
495900.0,4.170057293616242
495950.0,4.850167966159446
496000.0,3.8294106132060515
496050.0,4.356200465446101
496100.0,4.561935592568383
496150.0,3.8580419493718634
496200.0,3.7778031915890984
496250.0,3.7229262075860303
496300.0,4.3997816711366555
496350.0,4.29182836629383
496400.0,5.035156860334599
496450.0,4.643757279201269
496500.0,3.1019447974671093
496550.0,1.3269512322489632
496600.0,3.5536009302647487
496650.0,4.425575341363601
496700.0,3.997658782919598
496750.0,1.5044602388754291
496800.0,2.0432558496698014
496850.0,0.4323195593994353
496900.0,2.150417434984646
496950.0,3.0748968533252596
497000.0,1.8618232978579106
497050.0,4.056464616879704
497100.0,4.5114427519766185
497150.0,3.88553626602419
497200.0,2.9570375577947705
497250.0,1.5149923816740967
497300.0,2.063393722088309
497350.0,1.8081155449140176
497400.0,2.7272296316297155
497450.0,2.6527504618502205
497500.0,1.7718335645042504
497550.0,1.8273701533307938
497600.0,3.047257325775998
497650.0,1.30923454693584
497700.0,2.174414954072323
497750.0,1.834145102452957
497800.0,3.5052510431486694
497850.0,1.6015274291187556
497900.0,0.9929743773249465
497950.0,2.3255268345142466
498000.0,1.5498352770618165
498050.0,1.821343479835428
498100.0,1.6090347372466929
498150.0,1.984010734903356
498200.0,3.0370652091914194
498250.0,3.9955087197048464
498300.0,3.844489456634648
498350.0,3.9437786978360445
498400.0,4.041609489200759
498450.0,3.797026732277253
498500.0,3.2579429230500327
498550.0,3.507619147045141
498600.0,4.640041645785595
498650.0,3.6848197157926967
498700.0,3.725332280237773
498750.0,4.2903149554553535
498800.0,4.1557428497002125
498850.0,4.620160510755865
498900.0,4.3509194304354315
498950.0,4.411279297474665
499000.0,4.399873995971882
499050.0,4.855152504724549
499100.0,3.327176752477679
499150.0,4.268181900940576
499200.0,4.159884259745529
499250.0,3.996311360386191
499300.0,3.3197141092228493
499350.0,3.5559241860652167
499400.0,3.4752976166388683
499450.0,3.6291854747471226
499500.0,3.853217341076432
499550.0,4.496854309247923
499600.0,3.883322122541347
499650.0,4.814458532900217
499700.0,4.111713511852889
499750.0,3.809708624485264
499800.0,4.741317841387203
499850.0,3.9465522158881234
499900.0,4.863599194240041
499950.0,4.047382739550981
500000.0,4.0570314497188225
